источник,предмет,классы,сезон,этап,тип,файл,папка
ВсОШ,russ,9,2017-18,региональный,ответы,ans-russ-9-reg-17-8.pdf,deploy/всош/2017-18/region/русский
ВсОШ,russ,9,2017-18,региональный,задачи,tasks-russ-9-reg-17-8.pdf,deploy/всош/2017-18/region/русский
ВсОШ,iikt,"9,11",2017-18,региональный,задачи,task-iikt-9-11-tur2-reg-17-8.pdf,deploy/всош/2017-18/region/информатика
ВсОШ,iikt,"9,11",2017-18,региональный,ответы,ans-iikt-9-11-reg-17-8.pdf,deploy/всош/2017-18/region/информатика
ВсОШ,iikt,"9,11",2017-18,региональный,задачи,task-iikt-9-11-tur1-reg-17-8.pdf,deploy/всош/2017-18/region/информатика
ВсОШ,chem,9,2017-18,региональный,ответы,ans-chem-9-prak-reg-17-8.pdf,deploy/всош/2017-18/region/химия
ВсОШ,chem,9,2017-18,региональный,ответы,ans-chem-9-teor-reg-17-8.pdf,deploy/всош/2017-18/region/химия
ВсОШ,chem,9,2017-18,региональный,задачи,tasks-chem-9-teor-reg-17-8.pdf,deploy/всош/2017-18/region/химия
ВсОШ,chem,9,2017-18,региональный,задачи,tasks-chem-9-prak-reg-17-8.pdf,deploy/всош/2017-18/region/химия
ВсОШ,math,11,2017-18,региональный,ответы,ans-math-11-day1-reg-17-8.pdf,deploy/всош/2017-18/region/математика
ВсОШ,math,11,2017-18,региональный,ответы,ans-math-10-day1-reg-17-8.pdf,deploy/всош/2017-18/region/математика
ВсОШ,math,11,2017-18,региональный,задачи,tasks-math-11-day2-reg-17-8.pdf,deploy/всош/2017-18/region/математика
ВсОШ,math,9,2017-18,региональный,задачи,tasks-math-9-day2-reg-17-8.pdf,deploy/всош/2017-18/region/математика
ВсОШ,math,11,2017-18,региональный,ответы,ans-math-9-day1-reg-17-8.pdf,deploy/всош/2017-18/region/математика
ВсОШ,math,10,2017-18,региональный,задачи,tasks-math-10-day2-reg-17-8.pdf,deploy/всош/2017-18/region/математика
ВсОШ,math,11,2017-18,региональный,задачи,tasks-math-11-day1-reg-17-8.pdf,deploy/всош/2017-18/region/математика
ВсОШ,math,10,2017-18,региональный,задачи,tasks-math-10-day1-reg-17-8.pdf,deploy/всош/2017-18/region/математика
ВсОШ,math,9,2017-18,региональный,задачи,tasks-math-9-day1-reg-17-8.pdf,deploy/всош/2017-18/region/математика
ВсОШ,math,11,2017-18,региональный,ответы,ans-math-9-day2-reg-17-8.pdf,deploy/всош/2017-18/region/математика
ВсОШ,math,11,2017-18,региональный,ответы,ans-math-11-day2-reg-17-8.pdf,deploy/всош/2017-18/region/математика
ВсОШ,math,11,2017-18,региональный,ответы,ans-math-10-day2-reg-17-8.pdf,deploy/всош/2017-18/region/математика
ВсОШ,phys,9,2017-18,региональный,ответы,ans-phys-9-teor-reg-17-8.pdf,deploy/всош/2017-18/region/физика
ВсОШ,phys,9,2017-18,региональный,ответы,ans-phys-9-prak-reg-17-8.pdf,deploy/всош/2017-18/region/физика
ВсОШ,phys,9,2017-18,региональный,задачи,tasks-phys-9-prak-reg-17-8.pdf,deploy/всош/2017-18/region/физика
ВсОШ,phys,9,2017-18,региональный,задачи,tasks-phys-9-teor-reg-17-8.pdf,deploy/всош/2017-18/region/физика
ВсОШ,russ,7,2017-18,муниципальный,ответы,ans-russ-7-mun-msk-17-8.pdf,deploy/всош/2017-18/mun/русский
ВсОШ,russ,9,2017-18,муниципальный,задачи,tasks-russ-9-mun-msk-17-8.pdf,deploy/всош/2017-18/mun/русский
ВсОШ,russ,8,2017-18,муниципальный,ответы,ans-russ-8-mun-msk-17-8.pdf,deploy/всош/2017-18/mun/русский
ВсОШ,russ,7,2017-18,муниципальный,задачи,tasks-russ-7-mun-msk-17-8.pdf,deploy/всош/2017-18/mun/русский
ВсОШ,russ,8,2017-18,муниципальный,задачи,tasks-russ-8-mun-msk-17-8.pdf,deploy/всош/2017-18/mun/русский
ВсОШ,russ,9,2017-18,муниципальный,ответы,ans-russ-9-mun-msk-17-8.pdf,deploy/всош/2017-18/mun/русский
ВсОШ,iikt,8,2017-18,муниципальный,задачи,tasks-iikt-7-8-mun-msk-17-8.pdf,deploy/всош/2017-18/mun/информатика
ВсОШ,iikt,11,2017-18,муниципальный,задачи,tasks-iikt-9-11-mun-msk-17-8.pdf,deploy/всош/2017-18/mun/информатика
ВсОШ,chem,9,2017-18,муниципальный,ответы,ans-chem-9-mun-msk-17-8.pdf,deploy/всош/2017-18/mun/химия
ВсОШ,chem,8,2017-18,муниципальный,задачи,tasks-chem-8-mun-msk-17-8.pdf,deploy/всош/2017-18/mun/химия
ВсОШ,chem,8,2017-18,муниципальный,ответы,ans-chem-8-mun-msk-17-8.pdf,deploy/всош/2017-18/mun/химия
ВсОШ,chem,9,2017-18,муниципальный,задачи,tasks-chem-9-mun-msk-17-8.pdf,deploy/всош/2017-18/mun/химия
ВсОШ,math,7,2017-18,муниципальный,ответы,ans-math-7-mun-msk-17-8.pdf,deploy/всош/2017-18/mun/математика
ВсОШ,math,8,2017-18,муниципальный,ответы,ans-math-8-mun-msk-17-8.pdf,deploy/всош/2017-18/mun/математика
ВсОШ,math,9,2017-18,муниципальный,задачи,tasks-math-9-mun-msk-17-8.pdf,deploy/всош/2017-18/mun/математика
ВсОШ,math,7,2017-18,муниципальный,задачи,tasks-math-7-mun-msk-17-8.pdf,deploy/всош/2017-18/mun/математика
ВсОШ,math,9,2017-18,муниципальный,ответы,ans-math-9-mun-msk-17-8.pdf,deploy/всош/2017-18/mun/математика
ВсОШ,math,8,2017-18,муниципальный,задачи,tasks-math-8-mun-msk-17-8.pdf,deploy/всош/2017-18/mun/математика
ВсОШ,phys,9,2017-18,муниципальный,задачи,tasks-phys-9-mun-msk-17-8.pdf,deploy/всош/2017-18/mun/физика
ВсОШ,phys,8,2017-18,муниципальный,ответы,ans-phys-8-mun-msk-17-8.pdf,deploy/всош/2017-18/mun/физика
ВсОШ,phys,7,2017-18,муниципальный,ответы,ans-phys-7-mun-msk-17-8.pdf,deploy/всош/2017-18/mun/физика
ВсОШ,phys,8,2017-18,муниципальный,задачи,tasks-phys-8-mun-msk-17-8.pdf,deploy/всош/2017-18/mun/физика
ВсОШ,phys,9,2017-18,муниципальный,ответы,ans-phys-9-mun-msk-17-8.pdf,deploy/всош/2017-18/mun/физика
ВсОШ,phys,7,2017-18,муниципальный,задачи,tasks-phys-7-mun-msk-17-8.pdf,deploy/всош/2017-18/mun/физика
ВсОШ,russ,11,2017-18,заключительный,прочее,90-tasks-russ-11-tur2-final-17-8.pdf,deploy/всош/2017-18/final/русский
ВсОШ,russ,11,2017-18,заключительный,прочее,90-ans-russ-11-tur2-final-17-8.pdf,deploy/всош/2017-18/final/русский
ВсОШ,russ,9,2017-18,заключительный,прочее,90-ans-russ-9-tur1-final-17-8.pdf,deploy/всош/2017-18/final/русский
ВсОШ,russ,11,2017-18,заключительный,прочее,90-tasks-russ-11-tur1-final-17-8.pdf,deploy/всош/2017-18/final/русский
ВсОШ,russ,10,2017-18,заключительный,прочее,90-tasks-russ-10-tur1-final-17-8.pdf,deploy/всош/2017-18/final/русский
ВсОШ,russ,11,2017-18,заключительный,прочее,90-ans-russ-11-tur1-final-17-8.pdf,deploy/всош/2017-18/final/русский
ВсОШ,russ,10,2017-18,заключительный,прочее,90-ans-russ-10-tur1-final-17-8.pdf,deploy/всош/2017-18/final/русский
ВсОШ,russ,10,2017-18,заключительный,прочее,90-ans-russ-9-10-tur2-final-17-8.pdf,deploy/всош/2017-18/final/русский
ВсОШ,russ,10,2017-18,заключительный,прочее,90-tasks-russ-9-10-tur2-final-17-8.pdf,deploy/всош/2017-18/final/русский
ВсОШ,russ,9,2017-18,заключительный,прочее,90-tasks-russ-9-tur1-final-17-8.pdf,deploy/всош/2017-18/final/русский
ВсОШ,iikt,"9,11",2017-18,заключительный,прочее,73-ans-iikt-9-11-final-17-8.pdf,deploy/всош/2017-18/final/информатика
ВсОШ,iikt,"9,11",2017-18,заключительный,прочее,73-tasks-iikt-9-11-final-17-8.pdf,deploy/всош/2017-18/final/информатика
ВсОШ,chem,9,2017-18,заключительный,прочее,76-ans-chem-9-teor1-final-17-8.pdf,deploy/всош/2017-18/final/химия
ВсОШ,chem,11,2017-18,заключительный,прочее,76-tasks-chem-11-teor1-final-17-8.pdf,deploy/всош/2017-18/final/химия
ВсОШ,chem,"9,11",2017-18,заключительный,прочее,76-ans-chem-9-11-teor2-final-17-8.pdf,deploy/всош/2017-18/final/химия
ВсОШ,chem,9,2017-18,заключительный,прочее,76-tasks-chem-9-prak-final-17-8.pdf,deploy/всош/2017-18/final/химия
ВсОШ,chem,11,2017-18,заключительный,прочее,76-ans-chem-11-teor1-final-17-8.pdf,deploy/всош/2017-18/final/химия
ВсОШ,chem,10,2017-18,заключительный,прочее,76-tasks-chem-10-teor1-final-17-8.pdf,deploy/всош/2017-18/final/химия
ВсОШ,chem,9,2017-18,заключительный,прочее,76-ans-chem-9-prak-final-17-8.pdf,deploy/всош/2017-18/final/химия
ВсОШ,chem,10,2017-18,заключительный,прочее,76-ans-chem-10-teor1-final-17-8.pdf,deploy/всош/2017-18/final/химия
ВсОШ,chem,9,2017-18,заключительный,прочее,76-tasks-chem-9-teor1-final-17-8.pdf,deploy/всош/2017-18/final/химия
ВсОШ,chem,10,2017-18,заключительный,прочее,76-tasks-chem-9-11-teor2-final-17-8.pdf,deploy/всош/2017-18/final/химия
ВсОШ,math,9,2017-18,заключительный,прочее,72-ans-math-9-final-17-8.pdf,deploy/всош/2017-18/final/математика
ВсОШ,math,9,2017-18,заключительный,прочее,72-tasks-math-9-final-17-8.pdf,deploy/всош/2017-18/final/математика
ВсОШ,phys,9,2017-18,заключительный,прочее,74-tasks-phys-9-teor-final-17-8.pdf,deploy/всош/2017-18/final/физика
ВсОШ,phys,9,2017-18,заключительный,прочее,74-tasks-phys-9-prak-final-17-8.pdf,deploy/всош/2017-18/final/физика
ВсОШ,phys,9,2017-18,заключительный,прочее,74-ans-phys-9-prak-final-17-8.pdf,deploy/всош/2017-18/final/физика
ВсОШ,phys,9,2017-18,заключительный,прочее,74-ans-phys-9-teor-final-17-8.pdf,deploy/всош/2017-18/final/физика
ВсОШ,russ,4,2017-18,школьный,ответы,ans-russ-4-msk-sch-17-8.pdf,deploy/всош/2017-18/school/русский
ВсОШ,russ,5,2017-18,школьный,задачи,tasks-russ-5-msk-sch-17-8.pdf,deploy/всош/2017-18/school/русский
ВсОШ,russ,5,2017-18,школьный,ответы,ans-russ-5-msk-sch-17-8.pdf,deploy/всош/2017-18/school/русский
ВсОШ,russ,4,2017-18,школьный,задачи,tasks-russ-4-msk-sch-17-8.pdf,deploy/всош/2017-18/school/русский
ВсОШ,russ,8,2017-18,школьный,задачи,tasks-russ-8-msk-sch-17-8.pdf,deploy/всош/2017-18/school/русский
ВсОШ,russ,9,2017-18,школьный,ответы,ans-russ-9-msk-sch-17-8.pdf,deploy/всош/2017-18/school/русский
ВсОШ,russ,7,2017-18,школьный,задачи,tasks-russ-7-msk-sch-17-8.pdf,deploy/всош/2017-18/school/русский
ВсОШ,russ,6,2017-18,школьный,ответы,ans-russ-6-msk-sch-17-8.pdf,deploy/всош/2017-18/school/русский
ВсОШ,russ,9,2017-18,школьный,задачи,tasks-russ-9-msk-sch-17-8.pdf,deploy/всош/2017-18/school/русский
ВсОШ,russ,8,2017-18,школьный,ответы,ans-russ-8-msk-sch-17-8.pdf,deploy/всош/2017-18/school/русский
ВсОШ,russ,6,2017-18,школьный,задачи,tasks-russ-6-msk-sch-17-8.pdf,deploy/всош/2017-18/school/русский
ВсОШ,russ,7,2017-18,школьный,ответы,ans-russ-7-msk-sch-17-8.pdf,deploy/всош/2017-18/school/русский
ВсОШ,iikt,5,2017-18,школьный,ответы,ans-iikt-5-msk-sch-17-8.pdf,deploy/всош/2017-18/school/информатика
ВсОШ,iikt,11,2017-18,школьный,задачи,tasks-iikt-9-11-msk-sch-17-8.pdf,deploy/всош/2017-18/school/информатика
ВсОШ,iikt,5,2017-18,школьный,задачи,tasks-iikt-5-msk-sch-17-8.pdf,deploy/всош/2017-18/school/информатика
ВсОШ,iikt,8,2017-18,школьный,задачи,tasks-iikt-7-8-msk-sch-17-8.pdf,deploy/всош/2017-18/school/информатика
ВсОШ,iikt,6,2017-18,школьный,задачи,tasks-iikt-6-msk-sch-17-8.pdf,deploy/всош/2017-18/school/информатика
ВсОШ,iikt,6,2017-18,школьный,ответы,ans-iikt-6-msk-sch-17-8.pdf,deploy/всош/2017-18/school/информатика
ВсОШ,iikt,8,2017-18,школьный,ответы,ans-iikt-7-8-msk-sch-17-8.pdf,deploy/всош/2017-18/school/информатика
ВсОШ,iikt,11,2017-18,школьный,ответы,ans-iikt-9-11-msk-sch-17-8.pdf,deploy/всош/2017-18/school/информатика
ВсОШ,chem,8,2017-18,школьный,ответы,ans-chem-8-msk-sch-17-8.pdf,deploy/всош/2017-18/school/химия
ВсОШ,chem,9,2017-18,школьный,задачи,tasks-chem-9-msk-sch-17-8.pdf,deploy/всош/2017-18/school/химия
ВсОШ,chem,9,2017-18,школьный,ответы,ans-chem-9-msk-sch-17-8.pdf,deploy/всош/2017-18/school/химия
ВсОШ,chem,8,2017-18,школьный,задачи,tasks-chem-8-msk-sch-17-8.pdf,deploy/всош/2017-18/school/химия
ВсОШ,math,9,2017-18,школьный,ответы,ans-math-9-msk-sch-17-8.pdf,deploy/всош/2017-18/school/математика
ВсОШ,math,8,2017-18,школьный,задачи,tasks-math-8-msk-sch-17-8.pdf,deploy/всош/2017-18/school/математика
ВсОШ,math,6,2017-18,школьный,ответы,ans-math-6-msk-sch-17-8.pdf,deploy/всош/2017-18/school/математика
ВсОШ,math,7,2017-18,школьный,задачи,tasks-math-7-msk-sch-17-8.pdf,deploy/всош/2017-18/school/математика
ВсОШ,math,8,2017-18,школьный,ответы,ans-math-8-msk-sch-17-8.pdf,deploy/всош/2017-18/school/математика
ВсОШ,math,9,2017-18,школьный,задачи,tasks-math-9-msk-sch-17-8.pdf,deploy/всош/2017-18/school/математика
ВсОШ,math,7,2017-18,школьный,ответы,ans-math-7-msk-sch-17-8.pdf,deploy/всош/2017-18/school/математика
ВсОШ,math,6,2017-18,школьный,задачи,tasks-math-6-msk-sch-17-8.pdf,deploy/всош/2017-18/school/математика
ВсОШ,math,5,2017-18,школьный,задачи,tasks-math-5-msk-sch-17-8.pdf,deploy/всош/2017-18/school/математика
ВсОШ,math,4,2017-18,школьный,ответы,ans-math-4-msk-sch-17-8.pdf,deploy/всош/2017-18/school/математика
ВсОШ,math,4,2017-18,школьный,задачи,tasks-math-4-msk-sch-17-8.pdf,deploy/всош/2017-18/school/математика
ВсОШ,math,5,2017-18,школьный,ответы,ans-math-5-msk-sch-17-8.pdf,deploy/всош/2017-18/school/математика
ВсОШ,phys,7,2017-18,школьный,задачи,tasks-phys-7-msk-sch-17-8.pdf,deploy/всош/2017-18/school/физика
ВсОШ,phys,8,2017-18,школьный,задачи,tasks-phys-8-msk-sch-17-8.pdf,deploy/всош/2017-18/school/физика
ВсОШ,phys,9,2017-18,школьный,ответы,ans-phys-9-msk-sch-17-8.pdf,deploy/всош/2017-18/school/физика
ВсОШ,phys,7,2017-18,школьный,ответы,ans-phys-7-msk-sch-17-8.pdf,deploy/всош/2017-18/school/физика
ВсОШ,phys,9,2017-18,школьный,задачи,tasks-phys-9-msk-sch-17-8.pdf,deploy/всош/2017-18/school/физика
ВсОШ,phys,8,2017-18,школьный,ответы,ans-phys-8-msk-sch-17-8.pdf,deploy/всош/2017-18/school/физика
ВсОШ,iikt,"9,11",2011-2012,final_tasks,задачи,tasks-iikt-9-11-final-11-2.pdf,deploy/всош/2011-2012/final_tasks/информатика
ВсОШ,russ,4,2026-27,пригласительный,ответы,ans-russ-4-prigl-msk-26-27.pdf,deploy/всош/2026-27/prigl/русский
ВсОШ,russ,3,2026-27,пригласительный,ответы,ans-russ-3-prigl-msk-26-27.pdf,deploy/всош/2026-27/prigl/русский
ВсОШ,russ,"9,10",2026-27,пригласительный,задачи,tasks-russ-9-10-prigl-msk-26-27.pdf,deploy/всош/2026-27/prigl/русский
ВсОШ,russ,"7,8",2026-27,пригласительный,задачи,tasks-russ-7-8-prigl-msk-26-27.pdf,deploy/всош/2026-27/prigl/русский
ВсОШ,russ,"7,8",2026-27,пригласительный,ответы,ans-russ-7-8-prigl-msk-26-27.pdf,deploy/всош/2026-27/prigl/русский
ВсОШ,russ,"9,10",2026-27,пригласительный,ответы,ans-russ-9-10-prigl-msk-26-27.pdf,deploy/всош/2026-27/prigl/русский
ВсОШ,russ,4,2026-27,пригласительный,задачи,tasks-russ-4-prigl-msk-26-27.pdf,deploy/всош/2026-27/prigl/русский
ВсОШ,russ,3,2026-27,пригласительный,задачи,tasks-russ-3-prigl-msk-26-27.pdf,deploy/всош/2026-27/prigl/русский
ВсОШ,russ,"5,6",2026-27,пригласительный,ответы,ans-russ-5-6-prigl-msk-26-27.pdf,deploy/всош/2026-27/prigl/русский
ВсОШ,russ,"5,6",2026-27,пригласительный,задачи,tasks-russ-5-6-prigl-msk-26-27.pdf,deploy/всош/2026-27/prigl/русский
ВсОШ,iikt,5,2026-27,пригласительный,задачи,tasks-robo-4-5-prigl-msk-26-27.pdf,deploy/всош/2026-27/prigl/информатика
ВсОШ,iikt,5,2026-27,пригласительный,ответы,ans-robo-4-5-prigl-msk-26-27.pdf,deploy/всош/2026-27/prigl/информатика
ВсОШ,iikt,7,2026-27,пригласительный,задачи,tasks-secr-6-7-prigl-msk-26-27.pdf,deploy/всош/2026-27/prigl/информатика
ВсОШ,iikt,10,2026-27,пригласительный,ответы,ans-secr-8-10-prigl-msk-26-27.pdf,deploy/всош/2026-27/prigl/информатика
ВсОШ,iikt,"6,7",2026-27,пригласительный,задачи,tasks-iikt-6-7-prigl-msk-26-27.pdf,deploy/всош/2026-27/prigl/информатика
ВсОШ,iikt,7,2026-27,пригласительный,ответы,ans-secr-6-7-prigl-msk-26-27.pdf,deploy/всош/2026-27/prigl/информатика
ВсОШ,iikt,10,2026-27,пригласительный,задачи,tasks-robo-8-10-prigl-msk-26-27.pdf,deploy/всош/2026-27/prigl/информатика
ВсОШ,iikt,5,2026-27,пригласительный,ответы,ans-secr-4-5-prigl-msk-26-27.pdf,deploy/всош/2026-27/prigl/информатика
ВсОШ,iikt,"4,5",2026-27,пригласительный,задачи,tasks-iikt-4-5-prigl-msk-26-27.pdf,deploy/всош/2026-27/prigl/информатика
ВсОШ,iikt,5,2026-27,пригласительный,задачи,tasks-secr-4-5-prigl-msk-26-27.pdf,deploy/всош/2026-27/prigl/информатика
ВсОШ,iikt,10,2026-27,пригласительный,решения,sol-iikt-8-10-prigl-msk-26-27.pdf,deploy/всош/2026-27/prigl/информатика
ВсОШ,iikt,7,2026-27,пригласительный,ответы,ans-robo-6-7-prigl-msk-26-27.pdf,deploy/всош/2026-27/prigl/информатика
ВсОШ,iikt,7,2026-27,пригласительный,задачи,tasks-robo-6-7-prigl-msk-26-27.pdf,deploy/всош/2026-27/prigl/информатика
ВсОШ,iikt,"6,7",2026-27,пригласительный,решения,sol-ai-6-7-prigl-msk-26-27.pdf,deploy/всош/2026-27/prigl/информатика
ВсОШ,iikt,3,2026-27,пригласительный,решения,sol-ai-8-10-prigl-msk-26-27.pdf,deploy/всош/2026-27/prigl/информатика
ВсОШ,iikt,"6,7",2026-27,пригласительный,задачи,tasks-ai-6-7-prigl-msk-26-27.pdf,deploy/всош/2026-27/prigl/информатика
ВсОШ,iikt,"4,5",2026-27,пригласительный,задачи,tasks-ai-4-5-prigl-msk-26-27.pdf,deploy/всош/2026-27/prigl/информатика
ВсОШ,iikt,"4,5",2026-27,пригласительный,решения,sol-ai-4-5-prigl-msk-26-27.pdf,deploy/всош/2026-27/prigl/информатика
ВсОШ,iikt,10,2026-27,пригласительный,ответы,ans-robo-8-10-prigl-msk-26-27.pdf,deploy/всош/2026-27/prigl/информатика
ВсОШ,iikt,10,2026-27,пригласительный,задачи,tasks-secr-8-10-prigl-msk-26-27.pdf,deploy/всош/2026-27/prigl/информатика
ВсОШ,iikt,5,2026-27,пригласительный,решения,sol-iikt-4-5-prigl-msk-26-27.pdf,deploy/всош/2026-27/prigl/информатика
ВсОШ,iikt,"8,10",2026-27,пригласительный,задачи,tasks-iikt-8-10-prigl-msk-26-27.pdf,deploy/всош/2026-27/prigl/информатика
ВсОШ,iikt,7,2026-27,пригласительный,решения,sol-iikt-6-7-prigl-msk-26-27.pdf,deploy/всош/2026-27/prigl/информатика
ВсОШ,iikt,"8,10",2026-27,пригласительный,задачи,tasks-ai-8-10-prigl-msk-26-27.pdf,deploy/всош/2026-27/prigl/информатика
ВсОШ,chem,9,2026-27,пригласительный,задачи,tasks-chem-9-prigl-msk-26-27.pdf,deploy/всош/2026-27/prigl/химия
ВсОШ,chem,8,2026-27,пригласительный,задачи,tasks-chem-8-prigl-msk-26-27.pdf,deploy/всош/2026-27/prigl/химия
ВсОШ,chem,8,2026-27,пригласительный,решения,sol-chem-8-prigl-msk-26-27.pdf,deploy/всош/2026-27/prigl/химия
ВсОШ,chem,9,2026-27,пригласительный,решения,sol-chem-9-prigl-msk-26-27.pdf,deploy/всош/2026-27/prigl/химия
ВсОШ,chem,7,2026-27,пригласительный,задачи,tasks-chem-7-prigl-msk-26-27.pdf,deploy/всош/2026-27/prigl/химия
ВсОШ,chem,6,2026-27,пригласительный,задачи,tasks-chem-6-prigl-msk-26-27.pdf,deploy/всош/2026-27/prigl/химия
ВсОШ,chem,6,2026-27,пригласительный,решения,sol-chem-6-prigl-msk-26-27.pdf,deploy/всош/2026-27/prigl/химия
ВсОШ,chem,7,2026-27,пригласительный,решения,sol-chem-7-prigl-msk-26-27.pdf,deploy/всош/2026-27/prigl/химия
ВсОШ,math,8,2026-27,пригласительный,задачи,tasks-math-8-prigl-msk-26-27.pdf,deploy/всош/2026-27/prigl/математика
ВсОШ,math,9,2026-27,пригласительный,задачи,tasks-math-9-prigl-msk-26-27.pdf,deploy/всош/2026-27/prigl/математика
ВсОШ,math,9,2026-27,пригласительный,решения,sol-math-9-prigl-msk-26-27.pdf,deploy/всош/2026-27/prigl/математика
ВсОШ,math,8,2026-27,пригласительный,решения,sol-math-8-prigl-msk-26-27.pdf,deploy/всош/2026-27/prigl/математика
ВсОШ,math,3,2026-27,пригласительный,задачи,tasks-math-3-prigl-msk-26-27.pdf,deploy/всош/2026-27/prigl/математика
ВсОШ,math,3,2026-27,пригласительный,решения,sol-math-3-prigl-msk-26-27.pdf,deploy/всош/2026-27/prigl/математика
ВсОШ,math,6,2026-27,пригласительный,задачи,tasks-math-6-prigl-msk-26-27.pdf,deploy/всош/2026-27/prigl/математика
ВсОШ,math,5,2026-27,пригласительный,решения,sol-math-5-prigl-msk-26-27.pdf,deploy/всош/2026-27/prigl/математика
ВсОШ,math,4,2026-27,пригласительный,решения,sol-math-4-prigl-msk-26-27.pdf,deploy/всош/2026-27/prigl/математика
ВсОШ,math,7,2026-27,пригласительный,задачи,tasks-math-7-prigl-msk-26-27.pdf,deploy/всош/2026-27/prigl/математика
ВсОШ,math,7,2026-27,пригласительный,решения,sol-math-7-prigl-msk-26-27.pdf,deploy/всош/2026-27/prigl/математика
ВсОШ,math,4,2026-27,пригласительный,задачи,tasks-math-4-prigl-msk-26-27.pdf,deploy/всош/2026-27/prigl/математика
ВсОШ,math,5,2026-27,пригласительный,задачи,tasks-math-5-prigl-msk-26-27.pdf,deploy/всош/2026-27/prigl/математика
ВсОШ,math,6,2026-27,пригласительный,решения,sol-math-6-prigl-msk-26-27.pdf,deploy/всош/2026-27/prigl/математика
ВсОШ,phys,8,2026-27,пригласительный,решения,sol-phys-8-prigl-msk-26-27.pdf,deploy/всош/2026-27/prigl/физика
ВсОШ,phys,9,2026-27,пригласительный,решения,sol-phys-9-prigl-msk-26-27.pdf,deploy/всош/2026-27/prigl/физика
ВсОШ,phys,9,2026-27,пригласительный,задачи,tasks-phys-9-prigl-msk-26-27.pdf,deploy/всош/2026-27/prigl/физика
ВсОШ,phys,8,2026-27,пригласительный,задачи,tasks-phys-8-prigl-msk-26-27.pdf,deploy/всош/2026-27/prigl/физика
ВсОШ,phys,6,2026-27,пригласительный,решения,sol-phys-6-prigl-msk-26-27.pdf,deploy/всош/2026-27/prigl/физика
ВсОШ,phys,7,2026-27,пригласительный,решения,sol-phys-7-prigl-msk-26-27.pdf,deploy/всош/2026-27/prigl/физика
ВсОШ,phys,7,2026-27,пригласительный,задачи,tasks-phys-7-prigl-msk-26-27.pdf,deploy/всош/2026-27/prigl/физика
ВсОШ,phys,6,2026-27,пригласительный,задачи,tasks-phys-6-prigl-msk-26-27.pdf,deploy/всош/2026-27/prigl/физика
ВсОШ,russ,9,2016-17,региональный,ответы,ans-russ-9-reg-16-7.pdf,deploy/всош/2016-17/region/русский
ВсОШ,russ,9,2016-17,региональный,задачи,tasks-russ-9-reg-16-7.pdf,deploy/всош/2016-17/region/русский
ВсОШ,iikt,"9,11",2016-17,региональный,ответы,ans-iikt-9-11-razbor_all-reg-16-7.pdf,deploy/всош/2016-17/region/информатика
ВсОШ,iikt,"9,11",2016-17,региональный,задачи,tasks-iikt-9-11-day1-reg-16-7.pdf,deploy/всош/2016-17/region/информатика
ВсОШ,iikt,"9,11",2016-17,региональный,задачи,tasks-iikt-9-11-day2-reg-16-7.pdf,deploy/всош/2016-17/region/информатика
ВсОШ,chem,9,2016-17,региональный,задачи,tasks-chem-9-teor-reg-16-7.pdf,deploy/всош/2016-17/region/химия
ВсОШ,chem,9,2016-17,региональный,задачи,tasks-chem-9-prak-reg-16-7.pdf,deploy/всош/2016-17/region/химия
ВсОШ,chem,9,2016-17,региональный,ответы,ans-chem-9-prak-reg-16-7.pdf,deploy/всош/2016-17/region/химия
ВсОШ,chem,9,2016-17,региональный,ответы,ans-chem-9-teor-reg-16-7.pdf,deploy/всош/2016-17/region/химия
ВсОШ,math,10,2016-17,региональный,задачи,tasks-math-10-day1-reg-16-7.pdf,deploy/всош/2016-17/region/математика
ВсОШ,math,9,2016-17,региональный,задачи,tasks-math-9-day1-reg-16-7.pdf,deploy/всош/2016-17/region/математика
ВсОШ,math,9,2016-17,региональный,ответы,ans-math-9-day2-reg-16-7.pdf,deploy/всош/2016-17/region/математика
ВсОШ,math,11,2016-17,региональный,задачи,tasks-math-11-day1-reg-16-7.pdf,deploy/всош/2016-17/region/математика
ВсОШ,math,10,2016-17,региональный,ответы,ans-math-10-day2-reg-16-7.pdf,deploy/всош/2016-17/region/математика
ВсОШ,math,11,2016-17,региональный,ответы,ans-math-11-day2-reg-16-7.pdf,deploy/всош/2016-17/region/математика
ВсОШ,math,10,2016-17,региональный,ответы,ans-math-10-day1-reg-16-7.pdf,deploy/всош/2016-17/region/математика
ВсОШ,math,11,2016-17,региональный,ответы,ans-math-11-day1-reg-16-7.pdf,deploy/всош/2016-17/region/математика
ВсОШ,math,9,2016-17,региональный,задачи,tasks-math-9-day2-reg-16-7.pdf,deploy/всош/2016-17/region/математика
ВсОШ,math,9,2016-17,региональный,ответы,ans-math-9-day1-reg-16-7.pdf,deploy/всош/2016-17/region/математика
ВсОШ,math,10,2016-17,региональный,задачи,tasks-math-10-day2-reg-16-7.pdf,deploy/всош/2016-17/region/математика
ВсОШ,math,11,2016-17,региональный,задачи,tasks-math-11-day2-reg-16-7.pdf,deploy/всош/2016-17/region/математика
ВсОШ,phys,9,2016-17,региональный,задачи,tasks-phys-9-prak-reg-16-7.pdf,deploy/всош/2016-17/region/физика
ВсОШ,phys,9,2016-17,региональный,задачи,tasks-phys-9-teor-reg-16-7.pdf,deploy/всош/2016-17/region/физика
ВсОШ,phys,9,2016-17,региональный,ответы,ans-phys-9-teor-reg-16-7.pdf,deploy/всош/2016-17/region/физика
ВсОШ,phys,9,2016-17,региональный,ответы,ans-phys-9-prak-reg-16-7.pdf,deploy/всош/2016-17/region/физика
ВсОШ,russ,9,2016-17,муниципальный,ответы,ans-russ-9-msk-mun-16-7.pdf,deploy/всош/2016-17/mun/русский
ВсОШ,russ,8,2016-17,муниципальный,задачи,tasks-russ-8-msk-mun-16-7.pdf,deploy/всош/2016-17/mun/русский
ВсОШ,russ,7,2016-17,муниципальный,задачи,tasks-russ-7-msk-mun-16-7.pdf,deploy/всош/2016-17/mun/русский
ВсОШ,russ,8,2016-17,муниципальный,ответы,ans-russ-8-msk-mun-16-7.pdf,deploy/всош/2016-17/mun/русский
ВсОШ,russ,9,2016-17,муниципальный,задачи,tasks-russ-9-msk-mun-16-7.pdf,deploy/всош/2016-17/mun/русский
ВсОШ,russ,7,2016-17,муниципальный,ответы,ans-russ-7-msk-mun-16-7.pdf,deploy/всош/2016-17/mun/русский
ВсОШ,iikt,11,2016-17,муниципальный,ответы,ans-iikt-9-11-msk_mun-16-7.pdf,deploy/всош/2016-17/mun/информатика
ВсОШ,iikt,8,2016-17,муниципальный,ответы,ans-iikt-7-8-msk_mun-16-7.pdf,deploy/всош/2016-17/mun/информатика
ВсОШ,iikt,8,2016-17,муниципальный,задачи,tasks-iikt-7-8-msk_mun-16-7.pdf,deploy/всош/2016-17/mun/информатика
ВсОШ,iikt,11,2016-17,муниципальный,задачи,tasks-iikt-9-11-msk_mun-16-7.pdf,deploy/всош/2016-17/mun/информатика
ВсОШ,chem,9,2016-17,муниципальный,задачи,tasks-chem-9-msk-mun-16-7.pdf,deploy/всош/2016-17/mun/химия
ВсОШ,chem,8,2016-17,муниципальный,ответы,ans-chem-8-msk-mun-16-7.pdf,deploy/всош/2016-17/mun/химия
ВсОШ,chem,8,2016-17,муниципальный,задачи,tasks-chem-8-msk-mun-16-7.pdf,deploy/всош/2016-17/mun/химия
ВсОШ,chem,9,2016-17,муниципальный,ответы,ans-chem-9-msk-mun-16-7.pdf,deploy/всош/2016-17/mun/химия
ВсОШ,math,8,2016-17,муниципальный,задачи,tasks-math-8-msk-mun-16-7.pdf,deploy/всош/2016-17/mun/математика
ВсОШ,math,9,2016-17,муниципальный,ответы,ans-math-9-msk-mun-16-7.pdf,deploy/всош/2016-17/mun/математика
ВсОШ,math,7,2016-17,муниципальный,задачи,tasks-math-7-msk-mun-16-7.pdf,deploy/всош/2016-17/mun/математика
ВсОШ,math,9,2016-17,муниципальный,задачи,tasks-math-9-msk-mun-16-7.pdf,deploy/всош/2016-17/mun/математика
ВсОШ,math,8,2016-17,муниципальный,ответы,ans-math-8-msk-mun-16-7.pdf,deploy/всош/2016-17/mun/математика
ВсОШ,math,7,2016-17,муниципальный,ответы,ans-math-7-msk-mun-16-7.pdf,deploy/всош/2016-17/mun/математика
ВсОШ,phys,7,2016-17,муниципальный,задачи,tasks-phys-7-msk-mun-16-7.pdf,deploy/всош/2016-17/mun/физика
ВсОШ,phys,9,2016-17,муниципальный,ответы,ans-phys-9-msk-mun-16-7.pdf,deploy/всош/2016-17/mun/физика
ВсОШ,phys,8,2016-17,муниципальный,задачи,tasks-phys-8-msk-mun-16-7.pdf,deploy/всош/2016-17/mun/физика
ВсОШ,phys,7,2016-17,муниципальный,ответы,ans-phys-7-msk-mun-16-7.pdf,deploy/всош/2016-17/mun/физика
ВсОШ,phys,8,2016-17,муниципальный,ответы,ans-phys-8-msk-mun-16-7.pdf,deploy/всош/2016-17/mun/физика
ВсОШ,phys,9,2016-17,муниципальный,задачи,tasks-phys-9-msk-mun-16-7.pdf,deploy/всош/2016-17/mun/физика
ВсОШ,russ,9,2016-17,заключительный,задачи,task-russ-9-tur2-final-16-7.pdf,deploy/всош/2016-17/final/русский
ВсОШ,russ,9,2016-17,заключительный,задачи,task-russ-9-tur1-final-16-7.pdf,deploy/всош/2016-17/final/русский
ВсОШ,russ,11,2016-17,заключительный,задачи,task-russ-11-tur2-final-16-7.pdf,deploy/всош/2016-17/final/русский
ВсОШ,russ,10,2016-17,заключительный,задачи,task-russ-10-tur2-final-16-7.pdf,deploy/всош/2016-17/final/русский
ВсОШ,russ,11,2016-17,заключительный,ответы,ans-russ-11-tur2-final-16-7.pdf,deploy/всош/2016-17/final/русский
ВсОШ,russ,10,2016-17,заключительный,ответы,ans-russ-10-tur2-final-16-7.pdf,deploy/всош/2016-17/final/русский
ВсОШ,russ,9,2016-17,заключительный,ответы,ans-russ-9-tur1-final-16-7.pdf,deploy/всош/2016-17/final/русский
ВсОШ,russ,10,2016-17,заключительный,задачи,task-russ-10-tur1-final-16-7.pdf,deploy/всош/2016-17/final/русский
ВсОШ,russ,11,2016-17,заключительный,задачи,task-russ-11-tur1-final-16-7.pdf,deploy/всош/2016-17/final/русский
ВсОШ,russ,10,2016-17,заключительный,ответы,ans-russ-10-tur1-final-16-7.pdf,deploy/всош/2016-17/final/русский
ВсОШ,russ,11,2016-17,заключительный,ответы,ans-russ-11-tur1-final-16-7.pdf,deploy/всош/2016-17/final/русский
ВсОШ,russ,9,2016-17,заключительный,ответы,ans-russ-9-tur2-final-16-7.pdf,deploy/всош/2016-17/final/русский
ВсОШ,iikt,"9,11",2016-17,заключительный,ответы,ans-iikt-9-11-final-16-7.pdf,deploy/всош/2016-17/final/информатика
ВсОШ,iikt,"9,11",2016-17,заключительный,задачи,task-iikt-9-11-tur1-final-16-7.pdf,deploy/всош/2016-17/final/информатика
ВсОШ,iikt,"9,11",2016-17,заключительный,задачи,task-iikt-9-11-tur2-final-16-7.pdf,deploy/всош/2016-17/final/информатика
ВсОШ,chem,9,2016-17,заключительный,задачи,task-chem-9-tur2-final-16-7.pdf,deploy/всош/2016-17/final/химия
ВсОШ,chem,9,2016-17,заключительный,задачи,task-chem-9-tur3-final-16-7.pdf,deploy/всош/2016-17/final/химия
ВсОШ,chem,11,2016-17,заключительный,ответы,ans-chem-11-tur1-final-16-7.pdf,deploy/всош/2016-17/final/химия
ВсОШ,chem,10,2016-17,заключительный,ответы,ans-chem-10-tur1-final-16-7.pdf,deploy/всош/2016-17/final/химия
ВсОШ,chem,11,2016-17,заключительный,задачи,task-chem-11-tur1-final-16-7.pdf,deploy/всош/2016-17/final/химия
ВсОШ,chem,10,2016-17,заключительный,задачи,task-chem-10-tur1-final-16-7.pdf,deploy/всош/2016-17/final/химия
ВсОШ,chem,11,2016-17,заключительный,задачи,task-chem-11-tur3-final-16-7.pdf,deploy/всош/2016-17/final/химия
ВсОШ,chem,10,2016-17,заключительный,задачи,task-chem-10-tur3-final-16-7.pdf,deploy/всош/2016-17/final/химия
ВсОШ,chem,11,2016-17,заключительный,ответы,ans-chem-11-tur3-final-16-7.pdf,deploy/всош/2016-17/final/химия
ВсОШ,chem,9,2016-17,заключительный,задачи,task-chem-9-tur1-final-16-7.pdf,deploy/всош/2016-17/final/химия
ВсОШ,chem,10,2016-17,заключительный,ответы,ans-chem-10-tur3-final-16-7.pdf,deploy/всош/2016-17/final/химия
ВсОШ,chem,10,2016-17,заключительный,ответы,ans-chem-10-tur2-final-16-7.pdf,deploy/всош/2016-17/final/химия
ВсОШ,chem,11,2016-17,заключительный,ответы,ans-chem-11-tur2-final-16-7.pdf,deploy/всош/2016-17/final/химия
ВсОШ,chem,10,2016-17,заключительный,задачи,task-chem-10-tur2-final-16-7.pdf,deploy/всош/2016-17/final/химия
ВсОШ,chem,11,2016-17,заключительный,задачи,task-chem-11-tur2-final-16-7.pdf,deploy/всош/2016-17/final/химия
ВсОШ,chem,9,2016-17,заключительный,ответы,ans-chem-9-tur1-final-16-7.pdf,deploy/всош/2016-17/final/химия
ВсОШ,chem,9,2016-17,заключительный,ответы,ans-chem-9-tur2-final-16-7.pdf,deploy/всош/2016-17/final/химия
ВсОШ,chem,9,2016-17,заключительный,ответы,ans-chem-9-tur3-final-16-7.pdf,deploy/всош/2016-17/final/химия
ВсОШ,math,9,2016-17,заключительный,задачи,task-math-9-tur2-final-16-7.pdf,deploy/всош/2016-17/final/математика
ВсОШ,math,9,2016-17,заключительный,задачи,task-math-9-tur1-final-16-7.pdf,deploy/всош/2016-17/final/математика
ВсОШ,math,11,2016-17,заключительный,задачи,task-math-11-tur2-final-16-7.pdf,deploy/всош/2016-17/final/математика
ВсОШ,math,10,2016-17,заключительный,задачи,task-math-10-tur2-final-16-7.pdf,deploy/всош/2016-17/final/математика
ВсОШ,math,11,2016-17,заключительный,ответы,ans-math-11-tur2-final-16-7.pdf,deploy/всош/2016-17/final/математика
ВсОШ,math,10,2016-17,заключительный,ответы,ans-math-10-tur2-final-16-7.pdf,deploy/всош/2016-17/final/математика
ВсОШ,math,9,2016-17,заключительный,ответы,ans-math-9-tur1-final-16-7.pdf,deploy/всош/2016-17/final/математика
ВсОШ,math,10,2016-17,заключительный,задачи,task-math-10-tur1-final-16-7.pdf,deploy/всош/2016-17/final/математика
ВсОШ,math,11,2016-17,заключительный,задачи,task-math-11-tur1-final-16-7.pdf,deploy/всош/2016-17/final/математика
ВсОШ,math,10,2016-17,заключительный,ответы,ans-math-10-tur1-final-16-7.pdf,deploy/всош/2016-17/final/математика
ВсОШ,math,9,2016-17,заключительный,ответы,ans-math-9-tur2-final-16-7.pdf,deploy/всош/2016-17/final/математика
ВсОШ,math,11,2016-17,заключительный,ответы,ans-math-11-tur1-final-16-7.pdf,deploy/всош/2016-17/final/математика
ВсОШ,phys,9,2016-17,заключительный,ответы,ans-phys-9-teor-final-16-7.pdf,deploy/всош/2016-17/final/физика
ВсОШ,phys,9,2016-17,заключительный,ответы,ans-phys-9-prak-final-16-7.pdf,deploy/всош/2016-17/final/физика
ВсОШ,phys,9,2016-17,заключительный,задачи,tasks-phys-9-teor-final-16-7.pdf,deploy/всош/2016-17/final/физика
ВсОШ,phys,9,2016-17,заключительный,задачи,tasks-phys-9-prak-final-16-7.pdf,deploy/всош/2016-17/final/физика
ВсОШ,russ,6,2016-17,школьный,ответы,ans-russ-6-msk-sch-16-7.pdf,deploy/всош/2016-17/school/русский
ВсОШ,russ,7,2016-17,школьный,задачи,tasks-russ-7-msk-sch-16-7.pdf,deploy/всош/2016-17/school/русский
ВсОШ,russ,9,2016-17,школьный,ответы,ans-russ-9-msk-sch-16-7.pdf,deploy/всош/2016-17/school/русский
ВсОШ,russ,8,2016-17,школьный,задачи,tasks-russ-8-msk-sch-16-7.pdf,deploy/всош/2016-17/school/русский
ВсОШ,russ,7,2016-17,школьный,ответы,ans-russ-7-msk-sch-16-7.pdf,deploy/всош/2016-17/school/русский
ВсОШ,russ,6,2016-17,школьный,задачи,tasks-russ-6-msk-sch-16-7.pdf,deploy/всош/2016-17/school/русский
ВсОШ,russ,8,2016-17,школьный,ответы,ans-russ-8-msk-sch-16-7.pdf,deploy/всош/2016-17/school/русский
ВсОШ,russ,9,2016-17,школьный,задачи,tasks-russ-9-msk-sch-16-7.pdf,deploy/всош/2016-17/school/русский
ВсОШ,russ,5,2016-17,школьный,задачи,tasks-russ-5-msk-sch-16-7.pdf,deploy/всош/2016-17/school/русский
ВсОШ,russ,4,2016-17,школьный,ответы,ans-russ-4-msk-sch-16-7.pdf,deploy/всош/2016-17/school/русский
ВсОШ,russ,4,2016-17,школьный,задачи,tasks-russ-4-msk-sch-16-7.pdf,deploy/всош/2016-17/school/русский
ВсОШ,russ,5,2016-17,школьный,ответы,ans-russ-5-msk-sch-16-7.pdf,deploy/всош/2016-17/school/русский
ВсОШ,iikt,6,2016-17,школьный,задачи,tasks-iikt-6-msk-sch-16-7.pdf,deploy/всош/2016-17/school/информатика
ВсОШ,iikt,11,2016-17,школьный,ответы,ans-iikt-9-11-msk-sch-16-7.pdf,deploy/всош/2016-17/school/информатика
ВсОШ,iikt,8,2016-17,школьный,ответы,ans-iikt-7-8-msk-sch-16-7.pdf,deploy/всош/2016-17/school/информатика
ВсОШ,iikt,6,2016-17,школьный,ответы,ans-iikt-6-msk-sch-16-7.pdf,deploy/всош/2016-17/school/информатика
ВсОШ,iikt,11,2016-17,школьный,задачи,tasks-iikt-9-11-msk-sch-16-7.pdf,deploy/всош/2016-17/school/информатика
ВсОШ,iikt,5,2016-17,школьный,ответы,ans-iikt-5-msk-sch-16-7.pdf,deploy/всош/2016-17/school/информатика
ВсОШ,iikt,8,2016-17,школьный,задачи,tasks-iikt-7-8-msk-sch-16-7.pdf,deploy/всош/2016-17/school/информатика
ВсОШ,iikt,5,2016-17,школьный,задачи,tasks-iikt-5-msk-sch-16-7.pdf,deploy/всош/2016-17/school/информатика
ВсОШ,chem,9,2016-17,школьный,задачи,tasks-chem-9-msk-sch-16-7.pdf,deploy/всош/2016-17/school/химия
ВсОШ,chem,8,2016-17,школьный,ответы,ans-chem-8-msk-sch-16-7.pdf,deploy/всош/2016-17/school/химия
ВсОШ,chem,"8,11",2016-17,школьный,задачи,tasks-chem-8-11-msk_sp_mater-sch-16-7.pdf,deploy/всош/2016-17/school/химия
ВсОШ,chem,8,2016-17,школьный,задачи,tasks-chem-8-msk-sch-16-7.pdf,deploy/всош/2016-17/school/химия
ВсОШ,chem,9,2016-17,школьный,ответы,ans-chem-9-msk-sch-16-7.pdf,deploy/всош/2016-17/school/химия
ВсОШ,math,4,2016-17,школьный,ответы,ans-math-4-msk-sch-16-7.pdf,deploy/всош/2016-17/school/математика
ВсОШ,math,5,2016-17,школьный,задачи,tasks-math-5-msk-sch-16-7.pdf,deploy/всош/2016-17/school/математика
ВсОШ,math,5,2016-17,школьный,ответы,ans-math-5-msk-sch-16-7.pdf,deploy/всош/2016-17/school/математика
ВсОШ,math,4,2016-17,школьный,задачи,tasks-math-4-msk-sch-16-7.pdf,deploy/всош/2016-17/school/математика
ВсОШ,math,7,2016-17,школьный,задачи,tasks-math-7-msk-sch-16-7.pdf,deploy/всош/2016-17/school/математика
ВсОШ,math,6,2016-17,школьный,ответы,ans-math-6-msk-sch-16-7.pdf,deploy/всош/2016-17/school/математика
ВсОШ,math,8,2016-17,школьный,задачи,tasks-math-8-msk-sch-16-7.pdf,deploy/всош/2016-17/school/математика
ВсОШ,math,9,2016-17,школьный,ответы,ans-math-9-msk-sch-16-7.pdf,deploy/всош/2016-17/school/математика
ВсОШ,math,6,2016-17,школьный,задачи,tasks-math-6-msk-sch-16-7.pdf,deploy/всош/2016-17/school/математика
ВсОШ,math,7,2016-17,школьный,ответы,ans-math-7-msk-sch-16-7.pdf,deploy/всош/2016-17/school/математика
ВсОШ,math,9,2016-17,школьный,задачи,tasks-math-9-msk-sch-16-7.pdf,deploy/всош/2016-17/school/математика
ВсОШ,math,8,2016-17,школьный,ответы,ans-math-8-msk-sch-16-7.pdf,deploy/всош/2016-17/school/математика
ВсОШ,phys,9,2016-17,школьный,ответы,ans-phys-9-msk-sch-16-7.pdf,deploy/всош/2016-17/school/физика
ВсОШ,phys,8,2016-17,школьный,задачи,tasks-phys-8-msk-sch-16-7.pdf,deploy/всош/2016-17/school/физика
ВсОШ,phys,7,2016-17,школьный,задачи,tasks-phys-7-msk-sch-16-7.pdf,deploy/всош/2016-17/school/физика
ВсОШ,phys,8,2016-17,школьный,ответы,ans-phys-8-msk-sch-16-7.pdf,deploy/всош/2016-17/school/физика
ВсОШ,phys,9,2016-17,школьный,задачи,tasks-phys-9-msk-sch-16-7.pdf,deploy/всош/2016-17/school/физика
ВсОШ,phys,7,2016-17,школьный,ответы,ans-phys-7-msk-sch-16-7.pdf,deploy/всош/2016-17/school/физика
ВсОШ,russ,9,2019-20,региональный,задачи,tasks-russ-9-reg-19-20.pdf,deploy/всош/2019-20/region/русский
ВсОШ,russ,9,2019-20,региональный,ответы,ans-russ-9-reg-19-20.pdf,deploy/всош/2019-20/region/русский
ВсОШ,iikt,"9,11",2019-20,региональный,ответы,ans-iikt-9-11-reg-19-20.pdf,deploy/всош/2019-20/region/информатика
ВсОШ,iikt,"9,11",2019-20,региональный,задачи,tasks-iikt-9-11-day1-reg-19-20.pdf,deploy/всош/2019-20/region/информатика
ВсОШ,chem,9,2019-20,региональный,задачи,tasks-chem-9-prak-reg-19-20.pdf,deploy/всош/2019-20/region/химия
ВсОШ,chem,9,2019-20,региональный,задачи,tasks-chem-9-teor-reg-19-20.pdf,deploy/всош/2019-20/region/химия
ВсОШ,chem,9,2019-20,региональный,ответы,ans-chem-9-prak-reg-19-20.pdf,deploy/всош/2019-20/region/химия
ВсОШ,chem,9,2019-20,региональный,ответы,ans-chem-9-teor-reg-19-20.pdf,deploy/всош/2019-20/region/химия
ВсОШ,math,11,2019-20,региональный,ответы,ans-math-9-day1-reg-19-20.pdf,deploy/всош/2019-20/region/математика
ВсОШ,math,10,2019-20,региональный,задачи,tasks-math-10-day2-reg-19-20.pdf,deploy/всош/2019-20/region/математика
ВсОШ,math,11,2019-20,региональный,ответы,ans-math-11-day1-reg-19-20.pdf,deploy/всош/2019-20/region/математика
ВсОШ,math,11,2019-20,региональный,ответы,ans-math-11-day2-reg-19-20.pdf,deploy/всош/2019-20/region/математика
ВсОШ,math,11,2019-20,региональный,ответы,ans-math-9-day2-reg-19-20.pdf,deploy/всош/2019-20/region/математика
ВсОШ,math,10,2019-20,региональный,задачи,tasks-math-10-day1-reg-19-20.pdf,deploy/всош/2019-20/region/математика
ВсОШ,math,9,2019-20,региональный,задачи,tasks-math-9-day1-reg-19-20.pdf,deploy/всош/2019-20/region/математика
ВсОШ,math,9,2019-20,региональный,задачи,tasks-math-9-day2-reg-19-20.pdf,deploy/всош/2019-20/region/математика
ВсОШ,math,11,2019-20,региональный,ответы,ans-math-10-day2-reg-19-20.pdf,deploy/всош/2019-20/region/математика
ВсОШ,math,11,2019-20,региональный,задачи,tasks-math-11-day1-reg-19-20.pdf,deploy/всош/2019-20/region/математика
ВсОШ,math,11,2019-20,региональный,задачи,tasks-math-11-day2-reg-19-20.pdf,deploy/всош/2019-20/region/математика
ВсОШ,math,11,2019-20,региональный,ответы,ans-math-10-day1-reg-19-20.pdf,deploy/всош/2019-20/region/математика
ВсОШ,phys,9,2019-20,региональный,задачи,tasks-phys-9-prak-reg-19-20.pdf,deploy/всош/2019-20/region/физика
ВсОШ,phys,7,2019-20,региональный,задачи,tasks-phys-9-teor-reg-19-20.pdf,deploy/всош/2019-20/region/физика
ВсОШ,phys,9,2019-20,региональный,изменения,izm-phys-9-prak-reg-msk-19-20.pdf,deploy/всош/2019-20/region/физика
ВсОШ,phys,9,2019-20,региональный,ответы,ans-phys-9-prak-reg-19-20.pdf,deploy/всош/2019-20/region/физика
ВсОШ,phys,9,2019-20,региональный,ответы,ans-phys-9-teor-reg-19-20.pdf,deploy/всош/2019-20/region/физика
ВсОШ,russ,8,2019-20,муниципальный,ответы,ans-russ-8-mun-msk-19-20.pdf,deploy/всош/2019-20/mun/русский
ВсОШ,russ,9,2019-20,муниципальный,ответы,ans-russ-9-mun-msk-19-20.pdf,deploy/всош/2019-20/mun/русский
ВсОШ,russ,7,2019-20,муниципальный,задачи,tasks-russ-7-mun-msk-19-20.pdf,deploy/всош/2019-20/mun/русский
ВсОШ,russ,7,2019-20,муниципальный,ответы,ans-russ-7-mun-msk-19-20.pdf,deploy/всош/2019-20/mun/русский
ВсОШ,russ,8,2019-20,муниципальный,задачи,tasks-russ-8-mun-msk-19-20.pdf,deploy/всош/2019-20/mun/русский
ВсОШ,russ,9,2019-20,муниципальный,задачи,tasks-russ-9-mun-msk-19-20.pdf,deploy/всош/2019-20/mun/русский
ВсОШ,iikt,"7,8",2019-20,муниципальный,ответы,ans-iikt-7-8-mun-msk-19-20.pdf,deploy/всош/2019-20/mun/информатика
ВсОШ,iikt,"9,11",2019-20,муниципальный,задачи,tasks-iikt-9-11-mun-msk-19-20.pdf,deploy/всош/2019-20/mun/информатика
ВсОШ,iikt,"7,8",2019-20,муниципальный,задачи,tasks-iikt-7-8-mun-msk-19-20.pdf,deploy/всош/2019-20/mun/информатика
ВсОШ,iikt,"9,11",2019-20,муниципальный,ответы,ans-iikt-9-11-mun-msk-19-20.pdf,deploy/всош/2019-20/mun/информатика
ВсОШ,chem,8,2019-20,муниципальный,ответы,ans-chem-8-mun-msk-19-20.pdf,deploy/всош/2019-20/mun/химия
ВсОШ,chem,9,2019-20,муниципальный,ответы,ans-chem-9-mun-msk-19-20.pdf,deploy/всош/2019-20/mun/химия
ВсОШ,chem,8,2019-20,муниципальный,задачи,tasks-chem-8-mun-msk-19-20.pdf,deploy/всош/2019-20/mun/химия
ВсОШ,chem,9,2019-20,муниципальный,задачи,tasks-chem-9-mun-msk-19-20.pdf,deploy/всош/2019-20/mun/химия
ВсОШ,math,9,2019-20,муниципальный,задачи,tasks-math-9-mun-msk-19-20.pdf,deploy/всош/2019-20/mun/математика
ВсОШ,math,8,2019-20,муниципальный,задачи,tasks-math-8-mun-msk-19-20.pdf,deploy/всош/2019-20/mun/математика
ВсОШ,math,7,2019-20,муниципальный,ответы,ans-math-7-mun-msk-19-20.pdf,deploy/всош/2019-20/mun/математика
ВсОШ,math,7,2019-20,муниципальный,задачи,tasks-math-7-mun-msk-19-20.pdf,deploy/всош/2019-20/mun/математика
ВсОШ,math,9,2019-20,муниципальный,ответы,ans-math-9-mun-msk-19-20.pdf,deploy/всош/2019-20/mun/математика
ВсОШ,math,8,2019-20,муниципальный,ответы,ans-math-8-mun-msk-19-20.pdf,deploy/всош/2019-20/mun/математика
ВсОШ,phys,8,2019-20,муниципальный,ответы,ans-phys-8-mun-msk-19-20.pdf,deploy/всош/2019-20/mun/физика
ВсОШ,phys,9,2019-20,муниципальный,ответы,ans-phys-9-mun-msk-19-20.pdf,deploy/всош/2019-20/mun/физика
ВсОШ,phys,7,2019-20,муниципальный,задачи,tasks-phys-7-mun-msk-19-20.pdf,deploy/всош/2019-20/mun/физика
ВсОШ,phys,7,2019-20,муниципальный,ответы,ans-phys-7-mun-msk-19-20.pdf,deploy/всош/2019-20/mun/физика
ВсОШ,phys,8,2019-20,муниципальный,задачи,tasks-phys-8-mun-msk-19-20.pdf,deploy/всош/2019-20/mun/физика
ВсОШ,phys,9,2019-20,муниципальный,задачи,tasks-phys-9-mun-msk-19-20.pdf,deploy/всош/2019-20/mun/физика
ВсОШ,russ,5,2019-20,школьный,ответы,ans-russ-5-sch-msk-19-20.pdf,deploy/всош/2019-20/school/русский
ВсОШ,russ,8,2019-20,школьный,задачи,tasks-russ-8-sch-msk-19-20.pdf,deploy/всош/2019-20/school/русский
ВсОШ,russ,4,2019-20,школьный,ответы,ans-russ-4-sch-msk-19-20.pdf,deploy/всош/2019-20/school/русский
ВсОШ,russ,9,2019-20,школьный,задачи,tasks-russ-9-sch-msk-19-20.pdf,deploy/всош/2019-20/school/русский
ВсОШ,russ,7,2019-20,школьный,ответы,ans-russ-7-sch-msk-19-20.pdf,deploy/всош/2019-20/school/русский
ВсОШ,russ,6,2019-20,школьный,ответы,ans-russ-6-sch-msk-19-20.pdf,deploy/всош/2019-20/school/русский
ВсОШ,russ,7,2019-20,школьный,задачи,tasks-russ-7-sch-msk-19-20.pdf,deploy/всош/2019-20/school/русский
ВсОШ,russ,6,2019-20,школьный,задачи,tasks-russ-6-sch-msk-19-20.pdf,deploy/всош/2019-20/school/русский
ВсОШ,russ,8,2019-20,школьный,ответы,ans-russ-8-sch-msk-19-20.pdf,deploy/всош/2019-20/school/русский
ВсОШ,russ,5,2019-20,школьный,задачи,tasks-russ-5-sch-msk-19-20.pdf,deploy/всош/2019-20/school/русский
ВсОШ,russ,9,2019-20,школьный,ответы,ans-russ-9-sch-msk-19-20.pdf,deploy/всош/2019-20/school/русский
ВсОШ,russ,4,2019-20,школьный,задачи,tasks-russ-4-sch-msk-19-20.pdf,deploy/всош/2019-20/school/русский
ВсОШ,iikt,5,2019-20,школьный,задачи,tasks-iikt-5-sch-msk-19-20.pdf,deploy/всош/2019-20/school/информатика
ВсОШ,iikt,8,2019-20,школьный,задачи,tasks-iikt-7-8-sch-msk-19-20.pdf,deploy/всош/2019-20/school/информатика
ВсОШ,iikt,11,2019-20,школьный,ответы,ans-iikt-9-11-sch-msk-19-20.pdf,deploy/всош/2019-20/school/информатика
ВсОШ,iikt,6,2019-20,школьный,задачи,tasks-iikt-6-sch-msk-19-20.pdf,deploy/всош/2019-20/school/информатика
ВсОШ,iikt,11,2019-20,школьный,задачи,tasks-iikt-9-11-sch-msk-19-20.pdf,deploy/всош/2019-20/school/информатика
ВсОШ,iikt,6,2019-20,школьный,ответы,ans-iikt-6-sch-msk-19-20.pdf,deploy/всош/2019-20/school/информатика
ВсОШ,iikt,5,2019-20,школьный,ответы,ans-iikt-5-sch-msk-19-20.pdf,deploy/всош/2019-20/school/информатика
ВсОШ,iikt,8,2019-20,школьный,ответы,ans-iikt-7-8-sch-msk-19-20.pdf,deploy/всош/2019-20/school/информатика
ВсОШ,chem,8,2019-20,школьный,задачи,tasks-chem-7-8-sch-msk-19-20.pdf,deploy/всош/2019-20/school/химия
ВсОШ,chem,9,2019-20,школьный,задачи,tasks-chem-9-sch-msk-19-20.pdf,deploy/всош/2019-20/school/химия
ВсОШ,chem,8,2019-20,школьный,ответы,ans-chem-7-8-sch-msk-19-20.pdf,deploy/всош/2019-20/school/химия
ВсОШ,chem,9,2019-20,школьный,ответы,ans-chem-9-sch-msk-19-20.pdf,deploy/всош/2019-20/school/химия
ВсОШ,math,4,2019-20,школьный,задачи,tasks-math-4-sch-msk-19-20.pdf,deploy/всош/2019-20/school/математика
ВсОШ,math,9,2019-20,школьный,ответы,ans-math-9-sch-msk-19-20.pdf,deploy/всош/2019-20/school/математика
ВсОШ,math,5,2019-20,школьный,задачи,tasks-math-5-sch-msk-19-20.pdf,deploy/всош/2019-20/school/математика
ВсОШ,math,8,2019-20,школьный,ответы,ans-math-8-sch-msk-19-20.pdf,deploy/всош/2019-20/school/математика
ВсОШ,math,6,2019-20,школьный,задачи,tasks-math-6-sch-msk-19-20.pdf,deploy/всош/2019-20/school/математика
ВсОШ,math,7,2019-20,школьный,задачи,tasks-math-7-sch-msk-19-20.pdf,deploy/всош/2019-20/school/математика
ВсОШ,math,6,2019-20,школьный,ответы,ans-math-6-sch-msk-19-20.pdf,deploy/всош/2019-20/school/математика
ВсОШ,math,7,2019-20,школьный,ответы,ans-math-7-sch-msk-19-20.pdf,deploy/всош/2019-20/school/математика
ВсОШ,math,9,2019-20,школьный,задачи,tasks-math-9-sch-msk-19-20.pdf,deploy/всош/2019-20/school/математика
ВсОШ,math,4,2019-20,школьный,ответы,ans-math-4-sch-msk-19-20.pdf,deploy/всош/2019-20/school/математика
ВсОШ,math,8,2019-20,школьный,задачи,tasks-math-8-sch-msk-19-20.pdf,deploy/всош/2019-20/school/математика
ВсОШ,math,5,2019-20,школьный,ответы,ans-math-5-sch-msk-19-20.pdf,deploy/всош/2019-20/school/математика
ВсОШ,phys,8,2019-20,школьный,задачи,tasks-phys-8-sch-msk-19-20.pdf,deploy/всош/2019-20/school/физика
ВсОШ,phys,9,2019-20,школьный,задачи,tasks-phys-9-sch-msk-19-20.pdf,deploy/всош/2019-20/school/физика
ВсОШ,phys,7,2019-20,школьный,ответы,ans-phys-7-sch-msk-19-20.pdf,deploy/всош/2019-20/school/физика
ВсОШ,phys,7,2019-20,школьный,задачи,tasks-phys-7-sch-msk-19-20.pdf,deploy/всош/2019-20/school/физика
ВсОШ,phys,8,2019-20,школьный,ответы,ans-phys-8-sch-msk-19-20.pdf,deploy/всош/2019-20/school/физика
ВсОШ,phys,9,2019-20,школьный,ответы,ans-phys-9-sch-msk-19-20.pdf,deploy/всош/2019-20/school/физика
ВсОШ,russ,9,2021-22,региональный,задачи,tasks-russ-9-reg-21-22.pdf,deploy/всош/2021-22/reg/русский
ВсОШ,russ,9,2021-22,региональный,ответы,ans-russ-9-reg-21-22.pdf,deploy/всош/2021-22/reg/русский
ВсОШ,iikt,"9,11",2021-22,региональный,задачи,tasks-iikt-9-11-day2-reg-21-22.pdf,deploy/всош/2021-22/reg/информатика
ВсОШ,iikt,"9,11",2021-22,региональный,ответы,ans-iikt-9-11-day1-2-reg-21-22.pdf,deploy/всош/2021-22/reg/информатика
ВсОШ,iikt,"9,11",2021-22,региональный,задачи,tasks-iikt-9-11-day1-reg-21-22.pdf,deploy/всош/2021-22/reg/информатика
ВсОШ,chem,9,2021-22,региональный,решения,sol-chem-9-teor-reg-21-22.pdf,deploy/всош/2021-22/reg/химия
ВсОШ,chem,9,2021-22,региональный,задачи,tasks-chem-9-prak-reg-21-22.pdf,deploy/всош/2021-22/reg/химия
ВсОШ,chem,9,2021-22,региональный,задачи,tasks-chem-9-teor-reg-21-22.pdf,deploy/всош/2021-22/reg/химия
ВсОШ,chem,9,2021-22,региональный,решения,sol-chem-9-prak-reg-21-22.pdf,deploy/всош/2021-22/reg/химия
ВсОШ,math,11,2021-22,региональный,решения,sol-math-10-day1-reg-21-22.pdf,deploy/всош/2021-22/reg/математика
ВсОШ,math,10,2021-22,региональный,задачи,tasks-math-10-day1-reg-21-22.pdf,deploy/всош/2021-22/reg/математика
ВсОШ,math,10,2021-22,региональный,задачи,tasks-math-10-day2-reg-21-22.pdf,deploy/всош/2021-22/reg/математика
ВсОШ,math,11,2021-22,региональный,решения,sol-math-10-day2-reg-21-22.pdf,deploy/всош/2021-22/reg/математика
ВсОШ,math,9,2021-22,региональный,задачи,tasks-math-9-day2-reg-21-22.pdf,deploy/всош/2021-22/reg/математика
ВсОШ,math,9,2021-22,региональный,задачи,tasks-math-9-day1-reg-21-22.pdf,deploy/всош/2021-22/reg/математика
ВсОШ,math,11,2021-22,региональный,задачи,tasks-math-11-day2-reg-21-22.pdf,deploy/всош/2021-22/reg/математика
ВсОШ,math,11,2021-22,региональный,решения,sol-math-11-day2-reg-21-22.pdf,deploy/всош/2021-22/reg/математика
ВсОШ,math,11,2021-22,региональный,решения,sol-math-9-day1-reg-21-22.pdf,deploy/всош/2021-22/reg/математика
ВсОШ,math,11,2021-22,региональный,решения,sol-math-11-day1-reg-21-22.pdf,deploy/всош/2021-22/reg/математика
ВсОШ,math,11,2021-22,региональный,решения,sol-math-9-day2-reg-21-22.pdf,deploy/всош/2021-22/reg/математика
ВсОШ,math,11,2021-22,региональный,задачи,tasks-math-11-day1-reg-21-22.pdf,deploy/всош/2021-22/reg/математика
ВсОШ,phys,9,2021-22,региональный,задачи,tasks-phys-9-prak-reg-21-22.pdf,deploy/всош/2021-22/reg/физика
ВсОШ,phys,9,2021-22,региональный,задачи,tasks-phys-9-teor-reg-21-22.pdf,deploy/всош/2021-22/reg/физика
ВсОШ,phys,9,2021-22,региональный,ответы,ans-phys-9-prak-reg-21-22.pdf,deploy/всош/2021-22/reg/физика
ВсОШ,phys,9,2021-22,региональный,ответы,ans-phys-9-teor-reg-21-22.pdf,deploy/всош/2021-22/reg/физика
ВсОШ,russ,9,2021-22,муниципальный,ответы,ans-russ-9-mun-msk-21-22.pdf,deploy/всош/2021-22/mun/русский
ВсОШ,russ,8,2021-22,муниципальный,ответы,ans-russ-8-mun-msk-21-22.pdf,deploy/всош/2021-22/mun/русский
ВсОШ,russ,7,2021-22,муниципальный,задачи,tasks-russ-7-mun-msk-21-22.pdf,deploy/всош/2021-22/mun/русский
ВсОШ,russ,7,2021-22,муниципальный,ответы,ans-russ-7-mun-msk-21-22.pdf,deploy/всош/2021-22/mun/русский
ВсОШ,russ,9,2021-22,муниципальный,задачи,tasks-russ-9-mun-msk-21-22.pdf,deploy/всош/2021-22/mun/русский
ВсОШ,russ,8,2021-22,муниципальный,задачи,tasks-russ-8-mun-msk-21-22.pdf,deploy/всош/2021-22/mun/русский
ВсОШ,iikt,11,2021-22,муниципальный,задачи,tasks-iikt-9-11-mun-msk-21-22.pdf,deploy/всош/2021-22/mun/информатика
ВсОШ,iikt,11,2021-22,муниципальный,решения,sol-iikt-9-11-mun-msk-21-22.pdf,deploy/всош/2021-22/mun/информатика
ВсОШ,iikt,8,2021-22,муниципальный,задачи,tasks-iikt-7-8-mun-msk-21-22.pdf,deploy/всош/2021-22/mun/информатика
ВсОШ,iikt,8,2021-22,муниципальный,решения,sol-iikt-7-8-mun-msk-21-22.pdf,deploy/всош/2021-22/mun/информатика
ВсОШ,chem,9,2021-22,муниципальный,задачи,tasks-chem-9-mun-msk-21-22.pdf,deploy/всош/2021-22/mun/химия
ВсОШ,chem,"7,8",2021-22,муниципальный,задачи,tasks-chem-7-8-mun-msk-21-22.pdf,deploy/всош/2021-22/mun/химия
ВсОШ,chem,8,2021-22,муниципальный,решения,sol-chem-7-8-mun-msk-21-22.pdf,deploy/всош/2021-22/mun/химия
ВсОШ,chem,9,2021-22,муниципальный,решения,sol-chem-9-mun-msk-21-22.pdf,deploy/всош/2021-22/mun/химия
ВсОШ,math,8,2021-22,муниципальный,задачи с решениями,taskssol-math-7-mun-msk-21-22.pdf,deploy/всош/2021-22/mun/математика
ВсОШ,math,8,2021-22,муниципальный,задачи с решениями,taskssol-math-8-mun-msk-21-22.pdf,deploy/всош/2021-22/mun/математика
ВсОШ,math,8,2021-22,муниципальный,задачи с решениями,taskssol-math-9-mun-msk-21-22.pdf,deploy/всош/2021-22/mun/математика
ВсОШ,phys,9,2021-22,муниципальный,ответы,ans-phys-9-mun-msk-21-22.pdf,deploy/всош/2021-22/mun/физика
ВсОШ,phys,8,2021-22,муниципальный,ответы,ans-phys-8-mun-msk-21-22.pdf,deploy/всош/2021-22/mun/физика
ВсОШ,phys,7,2021-22,муниципальный,задачи,tasks-phys-7-mun-msk-21-22.pdf,deploy/всош/2021-22/mun/физика
ВсОШ,phys,7,2021-22,муниципальный,ответы,ans-phys-7-mun-msk-21-22.pdf,deploy/всош/2021-22/mun/физика
ВсОШ,phys,9,2021-22,муниципальный,задачи,tasks-phys-9-mun-msk-21-22.pdf,deploy/всош/2021-22/mun/физика
ВсОШ,phys,8,2021-22,муниципальный,задачи,tasks-phys-8-mun-msk-21-22.pdf,deploy/всош/2021-22/mun/физика
ВсОШ,russ,10,2021-22,заключительный,задачи,tasks-russ-10-tur2-final-21-22.pdf,deploy/всош/2021-22/final/русский
ВсОШ,russ,10,2021-22,заключительный,ответы,ans-russ-10-tur2-final-21-22.pdf,deploy/всош/2021-22/final/русский
ВсОШ,russ,9,2021-22,заключительный,ответы,ans-russ-9-tur1-final-21-22.pdf,deploy/всош/2021-22/final/русский
ВсОШ,russ,9,2021-22,заключительный,задачи,tasks-russ-9-tur2-final-21-22.pdf,deploy/всош/2021-22/final/русский
ВсОШ,russ,11,2021-22,заключительный,задачи,tasks-russ-11-tur2-final-21-22.pdf,deploy/всош/2021-22/final/русский
ВсОШ,russ,11,2021-22,заключительный,ответы,ans-russ-11-tur2-final-21-22.pdf,deploy/всош/2021-22/final/русский
ВсОШ,russ,10,2021-22,заключительный,ответы,ans-russ-10-tur1-final-21-22.pdf,deploy/всош/2021-22/final/русский
ВсОШ,russ,10,2021-22,заключительный,задачи,tasks-russ-10-tur1-final-21-22.pdf,deploy/всош/2021-22/final/русский
ВсОШ,russ,9,2021-22,заключительный,ответы,ans-russ-9-tur2-final-21-22.pdf,deploy/всош/2021-22/final/русский
ВсОШ,russ,11,2021-22,заключительный,ответы,ans-russ-11-tur1-final-21-22.pdf,deploy/всош/2021-22/final/русский
ВсОШ,russ,9,2021-22,заключительный,задачи,tasks-russ-9-tur1-final-21-22.pdf,deploy/всош/2021-22/final/русский
ВсОШ,russ,11,2021-22,заключительный,задачи,tasks-russ-11-tur1-final-21-22.pdf,deploy/всош/2021-22/final/русский
ВсОШ,iikt,"9,11",2021-22,заключительный,разбор,razbor-iikt-9-11-final-21-22.pdf,deploy/всош/2021-22/final/информатика
ВсОШ,iikt,11,2021-22,заключительный,задачи,tasks-iikt-11-tur2-final-21-22.pdf,deploy/всош/2021-22/final/информатика
ВсОШ,iikt,"9,10",2021-22,заключительный,задачи,tasks-iikt-9-10-tur1-final-21-22.pdf,deploy/всош/2021-22/final/информатика
ВсОШ,iikt,11,2021-22,заключительный,задачи,tasks-iikt-11-tur1-final-21-22.pdf,deploy/всош/2021-22/final/информатика
ВсОШ,iikt,"9,10",2021-22,заключительный,задачи,tasks-iikt-9-10-tur2-final-21-22.pdf,deploy/всош/2021-22/final/информатика
ВсОШ,chem,10,2021-22,заключительный,решения,sol-chem-10-teor1-final-21-22.pdf,deploy/всош/2021-22/final/химия
ВсОШ,chem,10,2021-22,заключительный,задачи,tasks-chem-9-11-teor2-final-21-22.pdf,deploy/всош/2021-22/final/химия
ВсОШ,chem,9,2021-22,заключительный,решения,sol-chem-9-teor1-final-21-22.pdf,deploy/всош/2021-22/final/химия
ВсОШ,chem,9,2021-22,заключительный,задачи,tasks-chem-9-prak-final-21-22.pdf,deploy/всош/2021-22/final/химия
ВсОШ,chem,11,2021-22,заключительный,задачи,tasks-chem-11-teor1-final-21-22.pdf,deploy/всош/2021-22/final/химия
ВсОШ,chem,"9,11",2021-22,заключительный,решения,sol-chem-9-11-teor2-final-21-22.pdf,deploy/всош/2021-22/final/химия
ВсОШ,chem,11,2021-22,заключительный,решения,sol-chem-11-teor1-final-21-22.pdf,deploy/всош/2021-22/final/химия
ВсОШ,chem,9,2021-22,заключительный,решения,sol-chem-9-prak-final-21-22.pdf,deploy/всош/2021-22/final/химия
ВсОШ,chem,10,2021-22,заключительный,задачи,tasks-chem-10-teor1-final-21-22.pdf,deploy/всош/2021-22/final/химия
ВсОШ,chem,9,2021-22,заключительный,задачи,tasks-chem-9-teor1-final-21-22.pdf,deploy/всош/2021-22/final/химия
ВсОШ,math,11,2021-22,заключительный,решения,sol-math-11-tur2-final-21-22.pdf,deploy/всош/2021-22/final/математика
ВсОШ,math,10,2021-22,заключительный,задачи,tasks-math-10-tur1-final-21-22.pdf,deploy/всош/2021-22/final/математика
ВсОШ,math,11,2021-22,заключительный,задачи,tasks-math-11-tur1-final-21-22.pdf,deploy/всош/2021-22/final/математика
ВсОШ,math,10,2021-22,заключительный,решения,sol-math-10-tur2-final-21-22.pdf,deploy/всош/2021-22/final/математика
ВсОШ,math,9,2021-22,заключительный,решения,sol-math-9-tur1-final-21-22.pdf,deploy/всош/2021-22/final/математика
ВсОШ,math,9,2021-22,заключительный,задачи,tasks-math-9-tur2-final-21-22.pdf,deploy/всош/2021-22/final/математика
ВсОШ,math,11,2021-22,заключительный,решения,sol-math-11-tur1-final-21-22.pdf,deploy/всош/2021-22/final/математика
ВсОШ,math,10,2021-22,заключительный,задачи,tasks-math-10-tur2-final-21-22.pdf,deploy/всош/2021-22/final/математика
ВсОШ,math,9,2021-22,заключительный,задачи,tasks-math-9-tur1-final-21-22.pdf,deploy/всош/2021-22/final/математика
ВсОШ,math,9,2021-22,заключительный,решения,sol-math-9-tur2-final-21-22.pdf,deploy/всош/2021-22/final/математика
ВсОШ,math,11,2021-22,заключительный,задачи,tasks-math-11-tur2-final-21-22.pdf,deploy/всош/2021-22/final/математика
ВсОШ,math,10,2021-22,заключительный,решения,sol-math-10-tur1-final-21-22.pdf,deploy/всош/2021-22/final/математика
ВсОШ,phys,9,2021-22,заключительный,решения,sol-phys-9-teor-final-21-22.pdf,deploy/всош/2021-22/final/физика
ВсОШ,phys,9,2021-22,заключительный,задачи,tasks-phys-9-prak-final-21-22.pdf,deploy/всош/2021-22/final/физика
ВсОШ,phys,9,2021-22,заключительный,решения,sol-phys-9-prak-final-21-22.pdf,deploy/всош/2021-22/final/физика
ВсОШ,phys,9,2021-22,заключительный,задачи,tasks-phys-9-teor-final-21-22.pdf,deploy/всош/2021-22/final/физика
ВсОШ,russ,3,2021-22,пригласительный,задачи,tasks-russ-3-prigl-msk-21-22.pdf,deploy/всош/2021-22/prigl/русский
ВсОШ,russ,5,2021-22,пригласительный,задачи,tasks-russ-5-prigl-msk-21-22.pdf,deploy/всош/2021-22/prigl/русский
ВсОШ,russ,4,2021-22,пригласительный,задачи,tasks-russ-4-prigl-msk-21-22.pdf,deploy/всош/2021-22/prigl/русский
ВсОШ,russ,7,2021-22,пригласительный,задачи,tasks-russ-7-prigl-msk-21-22.pdf,deploy/всош/2021-22/prigl/русский
ВсОШ,russ,6,2021-22,пригласительный,задачи,tasks-russ-6-prigl-msk-21-22.pdf,deploy/всош/2021-22/prigl/русский
ВсОШ,russ,9,2021-22,пригласительный,задачи,tasks-russ-9-prigl-msk-21-22.pdf,deploy/всош/2021-22/prigl/русский
ВсОШ,russ,8,2021-22,пригласительный,задачи,tasks-russ-8-prigl-msk-21-22.pdf,deploy/всош/2021-22/prigl/русский
ВсОШ,russ,9,2021-22,пригласительный,ответы,ans-russ-9-prigl-msk-21-22.pdf,deploy/всош/2021-22/prigl/русский
ВсОШ,russ,8,2021-22,пригласительный,ответы,ans-russ-8-prigl-msk-21-22.pdf,deploy/всош/2021-22/prigl/русский
ВсОШ,russ,3,2021-22,пригласительный,ответы,ans-russ-3-prigl-msk-21-22.pdf,deploy/всош/2021-22/prigl/русский
ВсОШ,russ,5,2021-22,пригласительный,ответы,ans-russ-5-prigl-msk-21-22.pdf,deploy/всош/2021-22/prigl/русский
ВсОШ,russ,4,2021-22,пригласительный,ответы,ans-russ-4-prigl-msk-21-22.pdf,deploy/всош/2021-22/prigl/русский
ВсОШ,russ,7,2021-22,пригласительный,ответы,ans-russ-7-prigl-msk-21-22.pdf,deploy/всош/2021-22/prigl/русский
ВсОШ,russ,6,2021-22,пригласительный,ответы,ans-russ-6-prigl-msk-21-22.pdf,deploy/всош/2021-22/prigl/русский
ВсОШ,iikt,7,2021-22,пригласительный,решения,sol-iikt-6-7-prigl-msk-21-22.pdf,deploy/всош/2021-22/prigl/информатика
ВсОШ,iikt,"8,10",2021-22,пригласительный,задачи,tasks-iikt-8-10-prigl-msk-21-22.pdf,deploy/всош/2021-22/prigl/информатика
ВсОШ,iikt,5,2021-22,пригласительный,решения,sol-iikt-4-5-prigl-msk-21-22.pdf,deploy/всош/2021-22/prigl/информатика
ВсОШ,iikt,10,2021-22,пригласительный,решения,sol-iikt-8-10-prigl-msk-21-22.pdf,deploy/всош/2021-22/prigl/информатика
ВсОШ,iikt,5,2021-22,пригласительный,задачи,tasks-iikt-4-5-prigl-msk-21-22.pdf,deploy/всош/2021-22/prigl/информатика
ВсОШ,iikt,7,2021-22,пригласительный,задачи,tasks-iikt-6-7-prigl-msk-21-22.pdf,deploy/всош/2021-22/prigl/информатика
ВсОШ,chem,7,2021-22,пригласительный,задачи,tasks-chem-7-prigl-msk-21-22.pdf,deploy/всош/2021-22/prigl/химия
ВсОШ,chem,9,2021-22,пригласительный,задачи,tasks-chem-9-prigl-msk-21-22.pdf,deploy/всош/2021-22/prigl/химия
ВсОШ,chem,8,2021-22,пригласительный,задачи,tasks-chem-8-prigl-msk-21-22.pdf,deploy/всош/2021-22/prigl/химия
ВсОШ,chem,9,2021-22,пригласительный,ответы,ans-chem-9-prigl-msk-21-22.pdf,deploy/всош/2021-22/prigl/химия
ВсОШ,chem,8,2021-22,пригласительный,ответы,ans-chem-8-prigl-msk-21-22.pdf,deploy/всош/2021-22/prigl/химия
ВсОШ,chem,7,2021-22,пригласительный,ответы,ans-chem-7-prigl-msk-21-22.pdf,deploy/всош/2021-22/prigl/химия
ВсОШ,math,4,2021-22,пригласительный,задачи,tasks-math-4-prigl-msk-21-22.pdf,deploy/всош/2021-22/prigl/математика
ВсОШ,math,5,2021-22,пригласительный,задачи,tasks-math-5-prigl-msk-21-22.pdf,deploy/всош/2021-22/prigl/математика
ВсОШ,math,6,2021-22,пригласительный,задачи,tasks-math-6-prigl-msk-21-22.pdf,deploy/всош/2021-22/prigl/математика
ВсОШ,math,7,2021-22,пригласительный,задачи,tasks-math-7-prigl-msk-21-22.pdf,deploy/всош/2021-22/prigl/математика
ВсОШ,math,3,2021-22,пригласительный,задачи,tasks-math-3-prigl-msk-21-22.pdf,deploy/всош/2021-22/prigl/математика
ВсОШ,math,8,2021-22,пригласительный,задачи,tasks-math-8-prigl-msk-21-22.pdf,deploy/всош/2021-22/prigl/математика
ВсОШ,math,9,2021-22,пригласительный,задачи,tasks-math-9-prigl-msk-21-22.pdf,deploy/всош/2021-22/prigl/математика
ВсОШ,math,3,2021-22,пригласительный,решения,sol-math-3-10-prigl-msk-21-22.pdf,deploy/всош/2021-22/prigl/математика
ВсОШ,phys,7,2021-22,пригласительный,задачи,tasks-phys-7-prigl-msk-21-22.pdf,deploy/всош/2021-22/prigl/физика
ВсОШ,phys,6,2021-22,пригласительный,задачи,tasks-phys-6-prigl-msk-21-22.pdf,deploy/всош/2021-22/prigl/физика
ВсОШ,phys,6,2021-22,пригласительный,решения,sol-phys-6-prigl-msk-21-22.pdf,deploy/всош/2021-22/prigl/физика
ВсОШ,phys,7,2021-22,пригласительный,решения,sol-phys-7-prigl-msk-21-22.pdf,deploy/всош/2021-22/prigl/физика
ВсОШ,phys,9,2021-22,пригласительный,задачи,tasks-phys-9-prigl-msk-21-22.pdf,deploy/всош/2021-22/prigl/физика
ВсОШ,phys,8,2021-22,пригласительный,задачи,tasks-phys-8-prigl-msk-21-22.pdf,deploy/всош/2021-22/prigl/физика
ВсОШ,phys,8,2021-22,пригласительный,решения,sol-phys-8-prigl-msk-21-22.pdf,deploy/всош/2021-22/prigl/физика
ВсОШ,phys,9,2021-22,пригласительный,решения,sol-phys-9-prigl-msk-21-22.pdf,deploy/всош/2021-22/prigl/физика
ВсОШ,russ,4,2021-22,школьный,ответы,ans-russ-4-sch-msk-21-22.pdf,deploy/всош/2021-22/school/русский
ВсОШ,russ,9,2021-22,школьный,задачи,tasks-russ-9-sch-msk-21-22.pdf,deploy/всош/2021-22/school/русский
ВсОШ,russ,5,2021-22,школьный,ответы,ans-russ-5-sch-msk-21-22.pdf,deploy/всош/2021-22/school/русский
ВсОШ,russ,8,2021-22,школьный,задачи,tasks-russ-8-sch-msk-21-22.pdf,deploy/всош/2021-22/school/русский
ВсОШ,russ,6,2021-22,школьный,ответы,ans-russ-6-sch-msk-21-22.pdf,deploy/всош/2021-22/school/русский
ВсОШ,russ,7,2021-22,школьный,ответы,ans-russ-7-sch-msk-21-22.pdf,deploy/всош/2021-22/school/русский
ВсОШ,russ,6,2021-22,школьный,задачи,tasks-russ-6-sch-msk-21-22.pdf,deploy/всош/2021-22/school/русский
ВсОШ,russ,7,2021-22,школьный,задачи,tasks-russ-7-sch-msk-21-22.pdf,deploy/всош/2021-22/school/русский
ВсОШ,russ,9,2021-22,школьный,ответы,ans-russ-9-sch-msk-21-22.pdf,deploy/всош/2021-22/school/русский
ВсОШ,russ,4,2021-22,школьный,задачи,tasks-russ-4-sch-msk-21-22.pdf,deploy/всош/2021-22/school/русский
ВсОШ,russ,8,2021-22,школьный,ответы,ans-russ-8-sch-msk-21-22.pdf,deploy/всош/2021-22/school/русский
ВсОШ,russ,5,2021-22,школьный,задачи,tasks-russ-5-sch-msk-21-22.pdf,deploy/всош/2021-22/school/русский
ВсОШ,iikt,11,2021-22,школьный,решения,sol-iikt-9-11-sch-msk-21-22.pdf,deploy/всош/2021-22/school/информатика
ВсОШ,iikt,8,2021-22,школьный,решения,sol-iikt-7-8-sch-msk-21-22.pdf,deploy/всош/2021-22/school/информатика
ВсОШ,iikt,8,2021-22,школьный,задачи,tasks-iikt-7-8-sch-msk-21-22.pdf,deploy/всош/2021-22/school/информатика
ВсОШ,iikt,6,2021-22,школьный,задачи,tasks-iikt-5-6-sch-msk-21-22.pdf,deploy/всош/2021-22/school/информатика
ВсОШ,iikt,6,2021-22,школьный,решения,sol-iikt-5-6-sch-msk-21-22.pdf,deploy/всош/2021-22/school/информатика
ВсОШ,iikt,11,2021-22,школьный,задачи,tasks-iikt-9-11-sch-msk-21-22.pdf,deploy/всош/2021-22/school/информатика
ВсОШ,chem,9,2021-22,школьный,задачи,tasks-chem-9-sch-msk-21-22.pdf,deploy/всош/2021-22/school/химия
ВсОШ,chem,8,2021-22,школьный,задачи,tasks-chem-7-8-sch-msk-21-22.pdf,deploy/всош/2021-22/school/химия
ВсОШ,chem,9,2021-22,школьный,ответы,ans-chem-9-sch-msk-21-22.pdf,deploy/всош/2021-22/school/химия
ВсОШ,chem,8,2021-22,школьный,ответы,ans-chem-7-8-sch-msk-21-22.pdf,deploy/всош/2021-22/school/химия
ВсОШ,math,5,2021-22,школьный,задачи,tasks-math-4-11-msk-sch-21-22.pdf,deploy/всош/2021-22/school/математика
ВсОШ,math,4,2021-22,школьный,решения,sol-math-4-11-msk-sch-21-22.pdf,deploy/всош/2021-22/school/математика
ВсОШ,phys,9,2021-22,школьный,задачи,tasks-phys-9-sch-msk-21-22.pdf,deploy/всош/2021-22/school/физика
ВсОШ,phys,8,2021-22,школьный,задачи,tasks-phys-8-sch-msk-21-22.pdf,deploy/всош/2021-22/school/физика
ВсОШ,phys,9,2021-22,школьный,решения,sol-phys-9-sch-msk-21-22.pdf,deploy/всош/2021-22/school/физика
ВсОШ,phys,8,2021-22,школьный,решения,sol-phys-8-sch-msk-21-22.pdf,deploy/всош/2021-22/school/физика
ВсОШ,phys,7,2021-22,школьный,задачи,tasks-phys-7-sch-msk-21-22.pdf,deploy/всош/2021-22/school/физика
ВсОШ,phys,7,2021-22,школьный,решения,sol-phys-7-sch-msk-21-22.pdf,deploy/всош/2021-22/school/физика
ВсОШ,russ,9,2018-19,региональный,задачи,tasks-russ-9-reg-18-9.pdf,deploy/всош/2018-19/region/русский
ВсОШ,russ,9,2018-19,региональный,ответы,ans-russ-9-reg-18-9.pdf,deploy/всош/2018-19/region/русский
ВсОШ,iikt,"9,11",2018-19,региональный,ответы,ans-iikt-9-11-reg-18-9.pdf,deploy/всош/2018-19/region/информатика
ВсОШ,iikt,"9,11",2018-19,региональный,задачи,task-iikt-9-11-tur1-reg-18-9.pdf,deploy/всош/2018-19/region/информатика
ВсОШ,iikt,"9,11",2018-19,региональный,задачи,task-iikt-9-11-tur2-reg-18-9.pdf,deploy/всош/2018-19/region/информатика
ВсОШ,chem,9,2018-19,региональный,задачи,tasks-chem-9-teor-reg-18-9.pdf,deploy/всош/2018-19/region/химия
ВсОШ,chem,9,2018-19,региональный,задачи,tasks-chem-9-prak-reg-18-9.pdf,deploy/всош/2018-19/region/химия
ВсОШ,chem,9,2018-19,региональный,ответы,ans-chem-9-prak-reg-18-9.pdf,deploy/всош/2018-19/region/химия
ВсОШ,chem,9,2018-19,региональный,ответы,ans-chem-9-teor-reg-18-9.pdf,deploy/всош/2018-19/region/химия
ВсОШ,math,9,2018-19,региональный,задачи,tasks-math-9-day1-reg-18-9.pdf,deploy/всош/2018-19/region/математика
ВсОШ,math,9,2018-19,региональный,ответы,ans-math-9-day2-reg-18-9.pdf,deploy/всош/2018-19/region/математика
ВсОШ,math,10,2018-19,региональный,задачи,tasks-math-10-day1-reg-18-9.pdf,deploy/всош/2018-19/region/математика
ВсОШ,math,11,2018-19,региональный,задачи,tasks-math-11-day1-reg-18-9.pdf,deploy/всош/2018-19/region/математика
ВсОШ,math,10,2018-19,региональный,ответы,ans-math-10-day2-reg-18-9.pdf,deploy/всош/2018-19/region/математика
ВсОШ,math,11,2018-19,региональный,ответы,ans-math-11-day2-reg-18-9.pdf,deploy/всош/2018-19/region/математика
ВсОШ,math,10,2018-19,региональный,ответы,ans-math-10-day1-reg-18-9.pdf,deploy/всош/2018-19/region/математика
ВсОШ,math,11,2018-19,региональный,ответы,ans-math-11-day1-reg-18-9.pdf,deploy/всош/2018-19/region/математика
ВсОШ,math,10,2018-19,региональный,задачи,tasks-math-10-day2-reg-18-9.pdf,deploy/всош/2018-19/region/математика
ВсОШ,math,9,2018-19,региональный,задачи,tasks-math-9-day2-reg-18-9.pdf,deploy/всош/2018-19/region/математика
ВсОШ,math,9,2018-19,региональный,ответы,ans-math-9-day1-reg-18-9.pdf,deploy/всош/2018-19/region/математика
ВсОШ,math,11,2018-19,региональный,задачи,tasks-math-11-day2-reg-18-9.pdf,deploy/всош/2018-19/region/математика
ВсОШ,phys,9,2018-19,региональный,задачи,tasks-phys-9-prak-reg-18-9.pdf,deploy/всош/2018-19/region/физика
ВсОШ,phys,9,2018-19,региональный,задачи,tasks-phys-9-teor-reg-18-9.pdf,deploy/всош/2018-19/region/физика
ВсОШ,phys,9,2018-19,региональный,ответы,ans-phys-9-teor-reg-18-9.pdf,deploy/всош/2018-19/region/физика
ВсОШ,phys,9,2018-19,региональный,ответы,ans-phys-9-prak-reg-18-9.pdf,deploy/всош/2018-19/region/физика
ВсОШ,russ,8,2018-19,муниципальный,ответы,ans-russ-8-mun-18-9.pdf,deploy/всош/2018-19/mun/русский
ВсОШ,russ,8,2018-19,муниципальный,задачи,tasks-russ-8-mun-18-9.pdf,deploy/всош/2018-19/mun/русский
ВсОШ,russ,9,2018-19,муниципальный,задачи,tasks-russ-9-mun-18-9.pdf,deploy/всош/2018-19/mun/русский
ВсОШ,russ,9,2018-19,муниципальный,ответы,ans-russ-9-mun-18-9.pdf,deploy/всош/2018-19/mun/русский
ВсОШ,russ,7,2018-19,муниципальный,задачи,tasks-russ-7-mun-18-9.pdf,deploy/всош/2018-19/mun/русский
ВсОШ,russ,7,2018-19,муниципальный,ответы,ans-russ-7-mun-18-9.pdf,deploy/всош/2018-19/mun/русский
ВсОШ,iikt,8,2018-19,муниципальный,задачи,tasks-iikt-7-8-mun-18-9.pdf,deploy/всош/2018-19/mun/информатика
ВсОШ,iikt,11,2018-19,муниципальный,задачи,tasks-iikt-9-11-mun-18-9.pdf,deploy/всош/2018-19/mun/информатика
ВсОШ,chem,9,2018-19,муниципальный,ответы,ans-chem-9-mun-18-9.pdf,deploy/всош/2018-19/mun/химия
ВсОШ,chem,9,2018-19,муниципальный,задачи,tasks-chem-9-mun-18-9.pdf,deploy/всош/2018-19/mun/химия
ВсОШ,chem,8,2018-19,муниципальный,задачи,tasks-chem-8-mun-18-9.pdf,deploy/всош/2018-19/mun/химия
ВсОШ,chem,8,2018-19,муниципальный,ответы,ans-chem-8-mun-18-9.pdf,deploy/всош/2018-19/mun/химия
ВсОШ,math,7,2018-19,муниципальный,ответы,ans-math-7-mun-18-9.pdf,deploy/всош/2018-19/mun/математика
ВсОШ,math,7,2018-19,муниципальный,задачи,tasks-math-7-mun-18-9.pdf,deploy/всош/2018-19/mun/математика
ВсОШ,math,9,2018-19,муниципальный,ответы,ans-math-9-mun-18-9.pdf,deploy/всош/2018-19/mun/математика
ВсОШ,math,9,2018-19,муниципальный,задачи,tasks-math-9-mun-18-9.pdf,deploy/всош/2018-19/mun/математика
ВсОШ,math,8,2018-19,муниципальный,задачи,tasks-math-8-mun-18-9.pdf,deploy/всош/2018-19/mun/математика
ВсОШ,math,8,2018-19,муниципальный,ответы,ans-math-8-mun-18-9.pdf,deploy/всош/2018-19/mun/математика
ВсОШ,phys,9,2018-19,муниципальный,задачи,tasks-phys-9-mun-18-9.pdf,deploy/всош/2018-19/mun/физика
ВсОШ,phys,9,2018-19,муниципальный,ответы,ans-phys-9-mun-18-9.pdf,deploy/всош/2018-19/mun/физика
ВсОШ,phys,8,2018-19,муниципальный,ответы,ans-phys-8-mun-18-9.pdf,deploy/всош/2018-19/mun/физика
ВсОШ,phys,8,2018-19,муниципальный,задачи,tasks-phys-8-mun-18-9.pdf,deploy/всош/2018-19/mun/физика
ВсОШ,phys,7,2018-19,муниципальный,задачи,tasks-phys-7-mun-18-9.pdf,deploy/всош/2018-19/mun/физика
ВсОШ,phys,7,2018-19,муниципальный,ответы,ans-phys-7-mun-18-9.pdf,deploy/всош/2018-19/mun/физика
ВсОШ,russ,9,2018-19,заключительный,прочее,90-tasks-russ-9-tur1-final-18-9.pdf,deploy/всош/2018-19/final/русский
ВсОШ,russ,11,2018-19,заключительный,прочее,90-tasks-russ-9-11-tur2-final-18-9.pdf,deploy/всош/2018-19/final/русский
ВсОШ,russ,11,2018-19,заключительный,прочее,90-ans-russ-9-11-tur2-final-18-9.pdf,deploy/всош/2018-19/final/русский
ВсОШ,russ,10,2018-19,заключительный,прочее,90-ans-russ-10-tur1-final-18-9.pdf,deploy/всош/2018-19/final/русский
ВсОШ,russ,11,2018-19,заключительный,прочее,90-ans-russ-11-tur1-final-18-9.pdf,deploy/всош/2018-19/final/русский
ВсОШ,russ,10,2018-19,заключительный,прочее,90-tasks-russ-10-tur1-final-18-9.pdf,deploy/всош/2018-19/final/русский
ВсОШ,russ,11,2018-19,заключительный,прочее,90-tasks-russ-11-tur1-final-18-9.pdf,deploy/всош/2018-19/final/русский
ВсОШ,russ,9,2018-19,заключительный,прочее,90-ans-russ-9-tur1-final-18-9.pdf,deploy/всош/2018-19/final/русский
ВсОШ,iikt,"9,11",2018-19,заключительный,прочее,73-tasks-iikt-9-11-final-18-9.pdf,deploy/всош/2018-19/final/информатика
ВсОШ,iikt,"9,11",2018-19,заключительный,прочее,73-ans-iikt-9-11-final-18-9.pdf,deploy/всош/2018-19/final/информатика
ВсОШ,chem,9,2018-19,заключительный,прочее,76-tasks-chem-9-teor1-final-18-9.pdf,deploy/всош/2018-19/final/химия
ВсОШ,chem,9,2018-19,заключительный,прочее,76-tasks-chem-9-11-teor2-final-18-9.pdf,deploy/всош/2018-19/final/химия
ВсОШ,chem,9,2018-19,заключительный,прочее,76-tasks-chem-9-prak-final-18-9.pdf,deploy/всош/2018-19/final/химия
ВсОШ,chem,11,2018-19,заключительный,прочее,76-ans-chem-11-teor1-final-18-9.pdf,deploy/всош/2018-19/final/химия
ВсОШ,chem,"9,11",2018-19,заключительный,прочее,76-ans-chem-9-11-teor2-final-18-9.pdf,deploy/всош/2018-19/final/химия
ВсОШ,chem,9,2018-19,заключительный,прочее,76-ans-chem-9-teor1-final-18-9.pdf,deploy/всош/2018-19/final/химия
ВсОШ,chem,11,2018-19,заключительный,прочее,76-tasks-chem-11-teor1-final-18-9.pdf,deploy/всош/2018-19/final/химия
ВсОШ,chem,10,2018-19,заключительный,прочее,76-ans-chem-10-teor1-final-18-9.pdf,deploy/всош/2018-19/final/химия
ВсОШ,chem,9,2018-19,заключительный,прочее,76-ans-chem-9-prak-final-18-9.pdf,deploy/всош/2018-19/final/химия
ВсОШ,chem,10,2018-19,заключительный,прочее,76-tasks-chem-10-teor1-final-18-9.pdf,deploy/всош/2018-19/final/химия
ВсОШ,math,9,2018-19,заключительный,прочее,72-tasks-math-9-final-18-9.pdf,deploy/всош/2018-19/final/математика
ВсОШ,math,9,2018-19,заключительный,прочее,72-ans-math-9-final-18-9.pdf,deploy/всош/2018-19/final/математика
ВсОШ,phys,9,2018-19,заключительный,прочее,74-ans-phys-9-prak-final-18-9.pdf,deploy/всош/2018-19/final/физика
ВсОШ,phys,9,2018-19,заключительный,прочее,74-ans-phys-9-teor-final-18-9.pdf,deploy/всош/2018-19/final/физика
ВсОШ,phys,9,2018-19,заключительный,прочее,74-tasks-phys-9-teor-final-18-9.pdf,deploy/всош/2018-19/final/физика
ВсОШ,phys,9,2018-19,заключительный,прочее,74-tasks-phys-9-prak-final-18-9.pdf,deploy/всош/2018-19/final/физика
ВсОШ,russ,6,2018-19,школьный,задачи,tasks-russ-6-sch-18-9.pdf,deploy/всош/2018-19/school/русский
ВсОШ,russ,6,2018-19,школьный,ответы,ans-russ-6-sch-18-9.pdf,deploy/всош/2018-19/school/русский
ВсОШ,russ,7,2018-19,школьный,ответы,ans-russ-7-sch-18-9.pdf,deploy/всош/2018-19/school/русский
ВсОШ,russ,7,2018-19,школьный,задачи,tasks-russ-7-sch-18-9.pdf,deploy/всош/2018-19/school/русский
ВсОШ,russ,9,2018-19,школьный,ответы,ans-russ-9-sch-18-9.pdf,deploy/всош/2018-19/school/русский
ВсОШ,russ,9,2018-19,школьный,задачи,tasks-russ-9-sch-18-9.pdf,deploy/всош/2018-19/school/русский
ВсОШ,russ,8,2018-19,школьный,задачи,tasks-russ-8-sch-18-9.pdf,deploy/всош/2018-19/school/русский
ВсОШ,russ,8,2018-19,школьный,ответы,ans-russ-8-sch-18-9.pdf,deploy/всош/2018-19/school/русский
ВсОШ,russ,5,2018-19,школьный,ответы,ans-russ-5-sch-18-9.pdf,deploy/всош/2018-19/school/русский
ВсОШ,russ,5,2018-19,школьный,задачи,tasks-russ-5-sch-18-9.pdf,deploy/всош/2018-19/school/русский
ВсОШ,russ,4,2018-19,школьный,задачи,tasks-russ-4-sch-18-9.pdf,deploy/всош/2018-19/school/русский
ВсОШ,russ,4,2018-19,школьный,ответы,ans-russ-4-sch-18-9.pdf,deploy/всош/2018-19/school/русский
ВсОШ,iikt,8,2018-19,школьный,задачи,tasks-iikt-7-8-sch-18-9.pdf,deploy/всош/2018-19/school/информатика
ВсОШ,iikt,6,2018-19,школьный,задачи,tasks-iikt-6-sch-18-9.pdf,deploy/всош/2018-19/school/информатика
ВсОШ,iikt,6,2018-19,школьный,ответы,ans-iikt-6-sch-18-9.pdf,deploy/всош/2018-19/school/информатика
ВсОШ,iikt,8,2018-19,школьный,ответы,ans-iikt-7-8-sch-18-9.pdf,deploy/всош/2018-19/school/информатика
ВсОШ,iikt,11,2018-19,школьный,задачи,tasks-iikt-9-11-sch-18-9.pdf,deploy/всош/2018-19/school/информатика
ВсОШ,iikt,11,2018-19,школьный,ответы,ans-iikt-9-11-sch-18-9.pdf,deploy/всош/2018-19/school/информатика
ВсОШ,iikt,5,2018-19,школьный,ответы,ans-iikt-5-sch-18-9.pdf,deploy/всош/2018-19/school/информатика
ВсОШ,iikt,5,2018-19,школьный,задачи,tasks-iikt-5-sch-18-9.pdf,deploy/всош/2018-19/school/информатика
ВсОШ,chem,9,2018-19,школьный,задачи,tasks-chem-9-sch-18-9.pdf,deploy/всош/2018-19/school/химия
ВсОШ,chem,8,2018-19,школьный,задачи,tasks-chem-7-8-sch-18-9.pdf,deploy/всош/2018-19/school/химия
ВсОШ,chem,9,2018-19,школьный,ответы,ans-chem-9-sch-18-9.pdf,deploy/всош/2018-19/school/химия
ВсОШ,chem,8,2018-19,школьный,ответы,ans-chem-7-8-sch-18-9.pdf,deploy/всош/2018-19/school/химия
ВсОШ,math,4,2018-19,школьный,ответы,ans-math-4-sch-18-9.pdf,deploy/всош/2018-19/school/математика
ВсОШ,math,4,2018-19,школьный,задачи,tasks-math-4-sch-18-9.pdf,deploy/всош/2018-19/school/математика
ВсОШ,math,5,2018-19,школьный,задачи,tasks-math-5-sch-18-9.pdf,deploy/всош/2018-19/school/математика
ВсОШ,math,5,2018-19,школьный,ответы,ans-math-5-sch-18-9.pdf,deploy/всош/2018-19/school/математика
ВсОШ,math,8,2018-19,школьный,ответы,ans-math-8-sch-18-9.pdf,deploy/всош/2018-19/school/математика
ВсОШ,math,8,2018-19,школьный,задачи,tasks-math-8-sch-18-9.pdf,deploy/всош/2018-19/school/математика
ВсОШ,math,9,2018-19,школьный,задачи,tasks-math-9-sch-18-9.pdf,deploy/всош/2018-19/school/математика
ВсОШ,math,9,2018-19,школьный,ответы,ans-math-9-sch-18-9.pdf,deploy/всош/2018-19/school/математика
ВсОШ,math,7,2018-19,школьный,задачи,tasks-math-7-sch-18-9.pdf,deploy/всош/2018-19/school/математика
ВсОШ,math,7,2018-19,школьный,ответы,ans-math-7-sch-18-9.pdf,deploy/всош/2018-19/school/математика
ВсОШ,math,6,2018-19,школьный,ответы,ans-math-6-sch-18-9.pdf,deploy/всош/2018-19/school/математика
ВсОШ,math,6,2018-19,школьный,задачи,tasks-math-6-sch-18-9.pdf,deploy/всош/2018-19/school/математика
ВсОШ,phys,7,2018-19,школьный,ответы,ans-phys-7-sch-18-9.pdf,deploy/всош/2018-19/school/физика
ВсОШ,phys,7,2018-19,школьный,задачи,tasks-phys-7-sch-18-9.pdf,deploy/всош/2018-19/school/физика
ВсОШ,phys,8,2018-19,школьный,задачи,tasks-phys-8-sch-18-9.pdf,deploy/всош/2018-19/school/физика
ВсОШ,phys,8,2018-19,школьный,ответы,ans-phys-8-sch-18-9.pdf,deploy/всош/2018-19/school/физика
ВсОШ,phys,9,2018-19,школьный,ответы,ans-phys-9-sch-18-9.pdf,deploy/всош/2018-19/school/физика
ВсОШ,phys,9,2018-19,школьный,задачи,tasks-phys-9-sch-18-9.pdf,deploy/всош/2018-19/school/физика
ВсОШ,russ,9,2024-25,региональный,ответы,ans-russ-9-reg-24-25.pdf,deploy/всош/2024-25/reg/русский
ВсОШ,russ,9,2024-25,региональный,задачи,tasks-russ-9-reg-24-25.pdf,deploy/всош/2024-25/reg/русский
ВсОШ,iikt,"9,11",2024-25,региональный,задачи,tasks-iikt-9-11-day2-reg-24-25.pdf,deploy/всош/2024-25/reg/информатика
ВсОШ,iikt,"9,11",2024-25,региональный,ответы,ans-iikt-9-11-day1-2-reg-24-25.pdf,deploy/всош/2024-25/reg/информатика
ВсОШ,iikt,"9,11",2024-25,региональный,задачи,tasks-iikt-9-11-day1-reg-24-25.pdf,deploy/всош/2024-25/reg/информатика
ВсОШ,chem,9,2024-25,региональный,решения,sol-chem-9-prak-reg-24-25.pdf,deploy/всош/2024-25/reg/химия
ВсОШ,chem,9,2024-25,региональный,задачи,tasks-chem-9-teor-reg-24-25.pdf,deploy/всош/2024-25/reg/химия
ВсОШ,chem,9,2024-25,региональный,задачи,tasks-chem-9-prak-reg-24-25.pdf,deploy/всош/2024-25/reg/химия
ВсОШ,chem,9,2024-25,региональный,решения,sol-chem-9-teor-reg-24-25.pdf,deploy/всош/2024-25/reg/химия
ВсОШ,math,11,2024-25,региональный,решения,sol-math-9-day1-reg-24-25.pdf,deploy/всош/2024-25/reg/математика
ВсОШ,math,11,2024-25,региональный,решения,sol-math-11-day2-reg-24-25.pdf,deploy/всош/2024-25/reg/математика
ВсОШ,math,11,2024-25,региональный,задачи,tasks-math-11-day2-reg-24-25.pdf,deploy/всош/2024-25/reg/математика
ВсОШ,math,11,2024-25,региональный,задачи,tasks-math-11-day1-reg-24-25.pdf,deploy/всош/2024-25/reg/математика
ВсОШ,math,9,2024-25,региональный,решения,sol-math-9-day2-reg-24-25.pdf,deploy/всош/2024-25/reg/математика
ВсОШ,math,11,2024-25,региональный,решения,sol-math-11-day1-reg-24-25.pdf,deploy/всош/2024-25/reg/математика
ВсОШ,math,9,2024-25,региональный,задачи,tasks-math-9-day2-reg-24-25.pdf,deploy/всош/2024-25/reg/математика
ВсОШ,math,9,2024-25,региональный,задачи,tasks-math-9-day1-reg-24-25.pdf,deploy/всош/2024-25/reg/математика
ВсОШ,math,10,2024-25,региональный,задачи,tasks-math-10-day1-reg-24-25.pdf,deploy/всош/2024-25/reg/математика
ВсОШ,math,11,2024-25,региональный,решения,sol-math-10-day1-reg-24-25.pdf,deploy/всош/2024-25/reg/математика
ВсОШ,math,10,2024-25,региональный,решения,sol-math-10-day2-reg-24-25.pdf,deploy/всош/2024-25/reg/математика
ВсОШ,math,10,2024-25,региональный,задачи,tasks-math-10-day2-reg-24-25.pdf,deploy/всош/2024-25/reg/математика
ВсОШ,phys,9,2024-25,региональный,задачи,tasks-phys-9-teor-reg-24-25.pdf,deploy/всош/2024-25/reg/физика
ВсОШ,phys,"7,11",2024-25,региональный,решения,sol-maxwell_phys-7-11-prak-reg-24-25.pdf,deploy/всош/2024-25/reg/физика
ВсОШ,phys,9,2024-25,региональный,критерии,krit-phys-9-prak-reg-24-25.pdf,deploy/всош/2024-25/reg/физика
ВсОШ,phys,9,2024-25,региональный,критерии,krit-phys-9-teor-reg-24-25.pdf,deploy/всош/2024-25/reg/физика
ВсОШ,phys,9,2024-25,региональный,задачи,tasks-phys-9-prak-reg-24-25.pdf,deploy/всош/2024-25/reg/физика
ВсОШ,phys,"7,11",2024-25,региональный,решения,sol-maxwell_phys-7-11-teor-reg-24-25.pdf,deploy/всош/2024-25/reg/физика
ВсОШ,russ,9,2024-25,муниципальный,задачи,tasks-russ-9-mun-msk-24-25.pdf,deploy/всош/2024-25/mun/русский
ВсОШ,russ,8,2024-25,муниципальный,задачи,tasks-russ-8-mun-msk-24-25.pdf,deploy/всош/2024-25/mun/русский
ВсОШ,russ,7,2024-25,муниципальный,ответы,ans-russ-7-mun-msk-24-25.pdf,deploy/всош/2024-25/mun/русский
ВсОШ,russ,7,2024-25,муниципальный,задачи,tasks-russ-7-mun-msk-24-25.pdf,deploy/всош/2024-25/mun/русский
ВсОШ,russ,9,2024-25,муниципальный,ответы,ans-russ-9-mun-msk-24-25.pdf,deploy/всош/2024-25/mun/русский
ВсОШ,russ,8,2024-25,муниципальный,ответы,ans-russ-8-mun-msk-24-25.pdf,deploy/всош/2024-25/mun/русский
ВсОШ,iikt,8,2024-25,муниципальный,решения,sol-iikt-9-11-mun-msk-24-25.pdf,deploy/всош/2024-25/mun/информатика
ВсОШ,iikt,8,2024-25,муниципальный,решения,sol-iikt-7-8-mun-msk-24-25.pdf,deploy/всош/2024-25/mun/информатика
ВсОШ,iikt,11,2024-25,муниципальный,задачи,tasks-iikt-7-8-mun-msk-24-25.pdf,deploy/всош/2024-25/mun/информатика
ВсОШ,iikt,11,2024-25,муниципальный,задачи,tasks-iikt-9-11-mun-msk-24-25.pdf,deploy/всош/2024-25/mun/информатика
ВсОШ,chem,9,2024-25,муниципальный,решения,sol-chem-9-mun-msk-24-25.pdf,deploy/всош/2024-25/mun/химия
ВсОШ,chem,9,2024-25,муниципальный,задачи,tasks-chem-9-mun-msk-24-25.pdf,deploy/всош/2024-25/mun/химия
ВсОШ,chem,8,2024-25,муниципальный,решения,sol-chem-7-8-mun-msk-24-25.pdf,deploy/всош/2024-25/mun/химия
ВсОШ,chem,8,2024-25,муниципальный,задачи,tasks-chem-7-8-mun-msk-24-25.pdf,deploy/всош/2024-25/mun/химия
ВсОШ,math,7,2024-25,муниципальный,решения,sol-math-7-mun-msk-24-25.pdf,deploy/всош/2024-25/mun/математика
ВсОШ,math,7,2024-25,муниципальный,задачи,tasks-math-7-mun-msk-24-25.pdf,deploy/всош/2024-25/mun/математика
ВсОШ,math,8,2024-25,муниципальный,решения,sol-math-8-mun-msk-24-25.pdf,deploy/всош/2024-25/mun/математика
ВсОШ,math,9,2024-25,муниципальный,решения,sol-math-9-mun-msk-24-25.pdf,deploy/всош/2024-25/mun/математика
ВсОШ,math,8,2024-25,муниципальный,задачи,tasks-math-8-mun-msk-24-25.pdf,deploy/всош/2024-25/mun/математика
ВсОШ,math,9,2024-25,муниципальный,задачи,tasks-math-9-mun-msk-24-25.pdf,deploy/всош/2024-25/mun/математика
ВсОШ,phys,9,2024-25,муниципальный,задачи,tasks-phys-9-mun-msk-24-25.pdf,deploy/всош/2024-25/mun/физика
ВсОШ,phys,8,2024-25,муниципальный,задачи,tasks-phys-8-mun-msk-24-25.pdf,deploy/всош/2024-25/mun/физика
ВсОШ,phys,9,2024-25,муниципальный,решения,sol-phys-9-mun-msk-24-25.pdf,deploy/всош/2024-25/mun/физика
ВсОШ,phys,8,2024-25,муниципальный,решения,sol-phys-8-mun-msk-24-25.pdf,deploy/всош/2024-25/mun/физика
ВсОШ,phys,7,2024-25,муниципальный,задачи,tasks-phys-7-mun-msk-24-25.pdf,deploy/всош/2024-25/mun/физика
ВсОШ,phys,7,2024-25,муниципальный,решения,sol-phys-7-mun-msk-24-25.pdf,deploy/всош/2024-25/mun/физика
ВсОШ,russ,9,2024-25,заключительный,ответы,ans-russ-9-final-24-25.pdf,deploy/всош/2024-25/final/русский
ВсОШ,russ,9,2024-25,заключительный,задачи,tasks-russ-9-final-24-25.pdf,deploy/всош/2024-25/final/русский
ВсОШ,iikt,"9,11",2024-25,заключительный,решения,sol-iikt-9-11-day2-final-24-25.pdf,deploy/всош/2024-25/final/информатика
ВсОШ,iikt,"9,11",2024-25,заключительный,задачи,tasks-iikt-9-11-day2-final-24-25.pdf,deploy/всош/2024-25/final/информатика
ВсОШ,iikt,"9,11",2024-25,заключительный,задачи,tasks-iikt-9-11-day1-final-24-25.pdf,deploy/всош/2024-25/final/информатика
ВсОШ,iikt,"9,11",2024-25,заключительный,решения,sol-iikt-9-11-day1-final-24-25.pdf,deploy/всош/2024-25/final/информатика
ВсОШ,chem,10,2024-25,заключительный,задачи,tasks-chem-10-teor1-final-24-25.pdf,deploy/всош/2024-25/final/химия
ВсОШ,chem,9,2024-25,заключительный,задачи,tasks-chem-9-teor1-final-24-25.pdf,deploy/всош/2024-25/final/химия
ВсОШ,chem,11,2024-25,заключительный,решения,sol-chem-11-teor1-final-24-25.pdf,deploy/всош/2024-25/final/химия
ВсОШ,chem,9,2024-25,заключительный,решения,sol-chem-9-prak-final-24-25.pdf,deploy/всош/2024-25/final/химия
ВсОШ,chem,"9,11",2024-25,заключительный,справочные данные,sp_dan-chem-9-11-final-24-25.pdf,deploy/всош/2024-25/final/химия
ВсОШ,chem,"9,11",2024-25,заключительный,решения,sol-chem-9-11-teor2-final-24-25.pdf,deploy/всош/2024-25/final/химия
ВсОШ,chem,11,2024-25,заключительный,задачи,tasks-chem-11-teor1-final-24-25.pdf,deploy/всош/2024-25/final/химия
ВсОШ,chem,9,2024-25,заключительный,задачи,tasks-chem-9-prak-final-24-25.pdf,deploy/всош/2024-25/final/химия
ВсОШ,chem,9,2024-25,заключительный,решения,sol-chem-9-teor1-final-24-25.pdf,deploy/всош/2024-25/final/химия
ВсОШ,chem,10,2024-25,заключительный,задачи,tasks-chem-9-11-teor2-final-24-25.pdf,deploy/всош/2024-25/final/химия
ВсОШ,chem,10,2024-25,заключительный,решения,sol-chem-10-teor1-final-24-25.pdf,deploy/всош/2024-25/final/химия
ВсОШ,math,9,2024-25,заключительный,решения,sol-math-9-final-24-25.pdf,deploy/всош/2024-25/final/математика
ВсОШ,math,9,2024-25,заключительный,задачи,tasks-math-9-final-24-25.pdf,deploy/всош/2024-25/final/математика
ВсОШ,phys,9,2024-25,заключительный,решения,sol-phys-9-prak-final-24-25.pdf,deploy/всош/2024-25/final/физика
ВсОШ,phys,9,2024-25,заключительный,задачи,tasks-phys-9-teor-final-24-25.pdf,deploy/всош/2024-25/final/физика
ВсОШ,phys,9,2024-25,заключительный,решения,sol-phys-9-teor-final-24-25.pdf,deploy/всош/2024-25/final/физика
ВсОШ,phys,9,2024-25,заключительный,задачи,tasks-phys-9-prak-final-24-25.pdf,deploy/всош/2024-25/final/физика
ВсОШ,russ,3,2024-25,пригласительный,ответы,ans-russ-3-prigl-msk-24-25.pdf,deploy/всош/2024-25/prigl/русский
ВсОШ,russ,4,2024-25,пригласительный,ответы,ans-russ-4-prigl-msk-24-25.pdf,deploy/всош/2024-25/prigl/русский
ВсОШ,russ,"9,10",2024-25,пригласительный,задачи,tasks-russ-9-10-prigl-msk-24-25.pdf,deploy/всош/2024-25/prigl/русский
ВсОШ,russ,"7,8",2024-25,пригласительный,ответы,ans-russ-7-8-prigl-msk-24-25.pdf,deploy/всош/2024-25/prigl/русский
ВсОШ,russ,"7,8",2024-25,пригласительный,задачи,tasks-russ-7-8-prigl-msk-24-25.pdf,deploy/всош/2024-25/prigl/русский
ВсОШ,russ,3,2024-25,пригласительный,задачи,tasks-russ-3-prigl-msk-24-25.pdf,deploy/всош/2024-25/prigl/русский
ВсОШ,russ,6,2024-25,пригласительный,задачи,tasks-russ-5-6-prigl-msk-24-25.pdf,deploy/всош/2024-25/prigl/русский
ВсОШ,russ,6,2024-25,пригласительный,ответы,ans-russ-5-6-prigl-msk-24-25.pdf,deploy/всош/2024-25/prigl/русский
ВсОШ,russ,4,2024-25,пригласительный,задачи,tasks-russ-4-prigl-msk-24-25.pdf,deploy/всош/2024-25/prigl/русский
ВсОШ,russ,"9,10",2024-25,пригласительный,ответы,ans-russ-9-10-prigl-msk-24-25.pdf,deploy/всош/2024-25/prigl/русский
ВсОШ,iikt,10,2024-25,пригласительный,задачи,tasks-iikt-8-10-prigl-msk-23-24.pdf,deploy/всош/2024-25/prigl/информатика
ВсОШ,iikt,7,2024-25,пригласительный,решения,sol-iikt-6-7-prigl-msk-23-24.pdf,deploy/всош/2024-25/prigl/информатика
ВсОШ,iikt,5,2024-25,пригласительный,решения,sol-iikt-4-5-prigl-msk-23-24.pdf,deploy/всош/2024-25/prigl/информатика
ВсОШ,iikt,10,2024-25,пригласительный,задачи,tasks-iikt-4-5-prigl-msk-23-24.pdf,deploy/всош/2024-25/prigl/информатика
ВсОШ,iikt,5,2024-25,пригласительный,решения,sol-iikt-8-10-prigl-msk-23-24.pdf,deploy/всош/2024-25/prigl/информатика
ВсОШ,iikt,7,2024-25,пригласительный,задачи,tasks-iikt-6-7-prigl-msk-23-24.pdf,deploy/всош/2024-25/prigl/информатика
ВсОШ,chem,7,2024-25,пригласительный,ответы,ans-chem-6-7-prigl-msk-24-25.pdf,deploy/всош/2024-25/prigl/химия
ВсОШ,chem,7,2024-25,пригласительный,задачи,tasks-chem-6-7-prigl-msk-24-25.pdf,deploy/всош/2024-25/prigl/химия
ВсОШ,chem,8,2024-25,пригласительный,ответы,ans-chem-8-prigl-msk-24-25.pdf,deploy/всош/2024-25/prigl/химия
ВсОШ,chem,9,2024-25,пригласительный,ответы,ans-chem-9-prigl-msk-24-25.pdf,deploy/всош/2024-25/prigl/химия
ВсОШ,chem,8,2024-25,пригласительный,задачи,tasks-chem-8-prigl-msk-24-25.pdf,deploy/всош/2024-25/prigl/химия
ВсОШ,chem,9,2024-25,пригласительный,задачи,tasks-chem-9-prigl-msk-24-25.pdf,deploy/всош/2024-25/prigl/химия
ВсОШ,math,9,2024-25,пригласительный,задачи,tasks-math-9-prigl-msk-24-25.pdf,deploy/всош/2024-25/prigl/математика
ВсОШ,math,8,2024-25,пригласительный,задачи,tasks-math-8-prigl-msk-24-25.pdf,deploy/всош/2024-25/prigl/математика
ВсОШ,math,8,2024-25,пригласительный,решения,sol-math-8-prigl-msk-24-25.pdf,deploy/всош/2024-25/prigl/математика
ВсОШ,math,9,2024-25,пригласительный,решения,sol-math-9-prigl-msk-24-25.pdf,deploy/всош/2024-25/prigl/математика
ВсОШ,math,4,2024-25,пригласительный,решения,sol-math-4-prigl-msk-24-25.pdf,deploy/всош/2024-25/prigl/математика
ВсОШ,math,7,2024-25,пригласительный,задачи,tasks-math-7-prigl-msk-24-25.pdf,deploy/всош/2024-25/prigl/математика
ВсОШ,math,6,2024-25,пригласительный,задачи,tasks-math-6-prigl-msk-24-25.pdf,deploy/всош/2024-25/prigl/математика
ВсОШ,math,5,2024-25,пригласительный,решения,sol-math-5-prigl-msk-24-25.pdf,deploy/всош/2024-25/prigl/математика
ВсОШ,math,5,2024-25,пригласительный,задачи,tasks-math-5-prigl-msk-24-25.pdf,deploy/всош/2024-25/prigl/математика
ВсОШ,math,6,2024-25,пригласительный,решения,sol-math-6-prigl-msk-24-25.pdf,deploy/всош/2024-25/prigl/математика
ВсОШ,math,7,2024-25,пригласительный,решения,sol-math-7-prigl-msk-24-25.pdf,deploy/всош/2024-25/prigl/математика
ВсОШ,math,4,2024-25,пригласительный,задачи,tasks-math-4-prigl-msk-24-25.pdf,deploy/всош/2024-25/prigl/математика
ВсОШ,math,3,2024-25,пригласительный,задачи,tasks-math-3-prigl-msk-24-25.pdf,deploy/всош/2024-25/prigl/математика
ВсОШ,math,3,2024-25,пригласительный,решения,sol-math-3-prigl-msk-24-25.pdf,deploy/всош/2024-25/prigl/математика
ВсОШ,phys,9,2024-25,пригласительный,решения,sol-phys-9-prigl-msk-24-25.pdf,deploy/всош/2024-25/prigl/физика
ВсОШ,phys,8,2024-25,пригласительный,решения,sol-phys-8-prigl-msk-24-25.pdf,deploy/всош/2024-25/prigl/физика
ВсОШ,phys,8,2024-25,пригласительный,задачи,tasks-phys-8-prigl-msk-24-25.pdf,deploy/всош/2024-25/prigl/физика
ВсОШ,phys,9,2024-25,пригласительный,задачи,tasks-phys-9-prigl-msk-24-25.pdf,deploy/всош/2024-25/prigl/физика
ВсОШ,phys,7,2024-25,пригласительный,решения,sol-phys-7-prigl-msk-24-25.pdf,deploy/всош/2024-25/prigl/физика
ВсОШ,phys,6,2024-25,пригласительный,решения,sol-phys-6-prigl-msk-24-25.pdf,deploy/всош/2024-25/prigl/физика
ВсОШ,phys,6,2024-25,пригласительный,задачи,tasks-phys-6-prigl-msk-24-25.pdf,deploy/всош/2024-25/prigl/физика
ВсОШ,phys,7,2024-25,пригласительный,задачи,tasks-phys-7-prigl-msk-24-25.pdf,deploy/всош/2024-25/prigl/физика
ВсОШ,russ,4,2024-25,школьный,задачи,tasks-russ-4-sch-msk-24-25.pdf,deploy/всош/2024-25/school/русский
ВсОШ,russ,10,2024-25,школьный,ответы,ans-russ-9-10-sch-msk-24-25.pdf,deploy/всош/2024-25/school/русский
ВсОШ,russ,6,2024-25,школьный,задачи,tasks-russ-5-6-sch-msk-24-25.pdf,deploy/всош/2024-25/school/русский
ВсОШ,russ,8,2024-25,школьный,ответы,ans-russ-7-8-sch-msk-24-25.pdf,deploy/всош/2024-25/school/русский
ВсОШ,russ,8,2024-25,школьный,задачи,tasks-russ-7-8-sch-msk-24-25.pdf,deploy/всош/2024-25/school/русский
ВсОШ,russ,10,2024-25,школьный,задачи,tasks-russ-9-10-sch-msk-24-25.pdf,deploy/всош/2024-25/school/русский
ВсОШ,russ,4,2024-25,школьный,ответы,ans-russ-4-sch-msk-24-25.pdf,deploy/всош/2024-25/school/русский
ВсОШ,russ,6,2024-25,школьный,ответы,ans-russ-5-6-sch-msk-24-25.pdf,deploy/всош/2024-25/school/русский
ВсОШ,iikt,6,2024-25,школьный,решения,sol-iikt-5-6-sch-msk-24-25.pdf,deploy/всош/2024-25/school/информатика
ВсОШ,iikt,6,2024-25,школьный,задачи,tasks-iikt-5-6-sch-msk-24-25.pdf,deploy/всош/2024-25/school/информатика
ВсОШ,iikt,11,2024-25,школьный,задачи,tasks-iikt-9-11-sch-msk-24-25.pdf,deploy/всош/2024-25/school/информатика
ВсОШ,iikt,11,2024-25,школьный,решения,sol-iikt-9-11-sch-msk-24-25.pdf,deploy/всош/2024-25/school/информатика
ВсОШ,iikt,8,2024-25,школьный,задачи,tasks-iikt-7-8-sch-msk-24-25.pdf,deploy/всош/2024-25/school/информатика
ВсОШ,iikt,8,2024-25,школьный,решения,sol-iikt-7-8-sch-msk-24-25.pdf,deploy/всош/2024-25/school/информатика
ВсОШ,chem,9,2024-25,школьный,задачи,tasks-chem-9-sch-msk-24-25.pdf,deploy/всош/2024-25/school/химия
ВсОШ,chem,8,2024-25,школьный,задачи,tasks-chem-7-8-sch-msk-24-25.pdf,deploy/всош/2024-25/school/химия
ВсОШ,chem,8,2024-25,школьный,решения,sol-chem-7-8-sch-msk-24-25.pdf,deploy/всош/2024-25/school/химия
ВсОШ,chem,9,2024-25,школьный,решения,sol-chem-9-sch-msk-24-25.pdf,deploy/всош/2024-25/school/химия
ВсОШ,math,8,2024-25,школьный,задачи,tasks-math-8-sch-msk-24-25.pdf,deploy/всош/2024-25/school/математика
ВсОШ,math,9,2024-25,школьный,задачи,tasks-math-9-sch-msk-24-25.pdf,deploy/всош/2024-25/school/математика
ВсОШ,math,8,2024-25,школьный,решения,sol-math-8-sch-msk-24-25.pdf,deploy/всош/2024-25/school/математика
ВсОШ,math,9,2024-25,школьный,решения,sol-math-9-sch-msk-24-25.pdf,deploy/всош/2024-25/school/математика
ВсОШ,math,5,2024-25,школьный,решения,sol-math-5-sch-msk-24-25.pdf,deploy/всош/2024-25/school/математика
ВсОШ,math,7,2024-25,школьный,задачи,tasks-math-7-sch-msk-24-25.pdf,deploy/всош/2024-25/school/математика
ВсОШ,math,4,2024-25,школьный,решения,sol-math-4-sch-msk-24-25.pdf,deploy/всош/2024-25/school/математика
ВсОШ,math,6,2024-25,школьный,задачи,tasks-math-6-sch-msk-24-25.pdf,deploy/всош/2024-25/school/математика
ВсОШ,math,7,2024-25,школьный,решения,sol-math-7-sch-msk-24-25.pdf,deploy/всош/2024-25/school/математика
ВсОШ,math,5,2024-25,школьный,задачи,tasks-math-5-sch-msk-24-25.pdf,deploy/всош/2024-25/school/математика
ВсОШ,math,6,2024-25,школьный,решения,sol-math-6-sch-msk-24-25.pdf,deploy/всош/2024-25/school/математика
ВсОШ,math,4,2024-25,школьный,задачи,tasks-math-4-sch-msk-24-25.pdf,deploy/всош/2024-25/school/математика
ВсОШ,phys,7,2024-25,школьный,решения,sol-phys-7-sch-msk-24-25.pdf,deploy/всош/2024-25/school/физика
ВсОШ,phys,7,2024-25,школьный,задачи,tasks-phys-7-sch-msk-24-25.pdf,deploy/всош/2024-25/school/физика
ВсОШ,phys,9,2024-25,школьный,решения,sol-phys-9-sch-msk-24-25.pdf,deploy/всош/2024-25/school/физика
ВсОШ,phys,8,2024-25,школьный,решения,sol-phys-8-sch-msk-24-25.pdf,deploy/всош/2024-25/school/физика
ВсОШ,phys,9,2024-25,школьный,задачи,tasks-phys-9-sch-msk-24-25.pdf,deploy/всош/2024-25/school/физика
ВсОШ,phys,8,2024-25,школьный,задачи,tasks-phys-8-sch-msk-24-25.pdf,deploy/всош/2024-25/school/физика
ВсОШ,russ,9,2014-15,final_tasks,задачи,tasks-russ-9-1tur-final-14-5.pdf,deploy/всош/2014-15/final_tasks/русский
ВсОШ,russ,10,2014-15,final_tasks,задачи,tasks-russ-10-1tur-final-14-5.pdf,deploy/всош/2014-15/final_tasks/русский
ВсОШ,russ,11,2014-15,final_tasks,задачи,tasks-russ-11-1tur-final-14-5.pdf,deploy/всош/2014-15/final_tasks/русский
ВсОШ,russ,9,2014-15,final_tasks,задачи,tasks-russ-9-2tur-final-14-5.pdf,deploy/всош/2014-15/final_tasks/русский
ВсОШ,russ,10,2014-15,final_tasks,задачи,tasks-russ-10-2tur-final-14-5.pdf,deploy/всош/2014-15/final_tasks/русский
ВсОШ,russ,11,2014-15,final_tasks,задачи,tasks-russ-11-2tur-final-14-5.pdf,deploy/всош/2014-15/final_tasks/русский
ВсОШ,russ,11,2014-15,final_tasks,ответы,ans-russ-11-1tur-final-14-5.pdf,deploy/всош/2014-15/final_tasks/русский
ВсОШ,russ,9,2014-15,final_tasks,ответы,ans-russ-9-2tur-final-14-5.pdf,deploy/всош/2014-15/final_tasks/русский
ВсОШ,russ,10,2014-15,final_tasks,ответы,ans-russ-10-1tur-final-14-5.pdf,deploy/всош/2014-15/final_tasks/русский
ВсОШ,russ,9,2014-15,final_tasks,ответы,ans-russ-9-1tur-final-14-5.pdf,deploy/всош/2014-15/final_tasks/русский
ВсОШ,iikt,"9,11",2014-15,final_tasks,задачи,tasks-iikt-9-11-1tur-final-14-5.pdf,deploy/всош/2014-15/final_tasks/информатика
ВсОШ,iikt,"9,11",2014-15,final_tasks,задачи,tasks-iikt-9-11-2tur-final-14-5.pdf,deploy/всош/2014-15/final_tasks/информатика
ВсОШ,chem,"9,11",2014-15,final_tasks,задачи,tasks-chem-9-11-2teor-final-14-5.pdf,deploy/всош/2014-15/final_tasks/химия
ВсОШ,chem,9,2014-15,final_tasks,задачи,tasks-chem-9-prak-final-14-5.pdf,deploy/всош/2014-15/final_tasks/химия
ВсОШ,chem,9,2014-15,final_tasks,задачи,tasks-chem-9-1teor-final-14-5.pdf,deploy/всош/2014-15/final_tasks/химия
ВсОШ,chem,"9,11",2014-15,final_tasks,ответы,ans-chem-9-11-2teor-final-14-5.pdf,deploy/всош/2014-15/final_tasks/химия
ВсОШ,chem,10,2014-15,final_tasks,задачи,tasks-chem-10-1teor-final-14-5.pdf,deploy/всош/2014-15/final_tasks/химия
ВсОШ,chem,10,2014-15,final_tasks,ответы,ans-chem-10-1teor-final-14-5.pdf,deploy/всош/2014-15/final_tasks/химия
ВсОШ,chem,9,2014-15,final_tasks,ответы,ans-chem-9-prak-final-14-5.pdf,deploy/всош/2014-15/final_tasks/химия
ВсОШ,chem,9,2014-15,final_tasks,ответы,ans-chem-9-1teor-final-14-5.pdf,deploy/всош/2014-15/final_tasks/химия
ВсОШ,chem,11,2014-15,final_tasks,задачи,tasks-chem-11-1teor-final-14-5.pdf,deploy/всош/2014-15/final_tasks/химия
ВсОШ,chem,11,2014-15,final_tasks,ответы,ans-chem-11-1teor-final-14-5.pdf,deploy/всош/2014-15/final_tasks/химия
ВсОШ,math,9,2014-15,final_tasks,задачи,tasks-math-9-1day-final-14-5.pdf,deploy/всош/2014-15/final_tasks/математика
ВсОШ,math,10,2014-15,final_tasks,задачи,tasks-math-10-1day-final-14-5.pdf,deploy/всош/2014-15/final_tasks/математика
ВсОШ,math,11,2014-15,final_tasks,задачи,tasks-math-11-1day-final-14-5.pdf,deploy/всош/2014-15/final_tasks/математика
ВсОШ,math,10,2014-15,final_tasks,задачи,tasks-math-10-2day-final-14-5.pdf,deploy/всош/2014-15/final_tasks/математика
ВсОШ,math,11,2014-15,final_tasks,задачи,tasks-math-11-2day-final-14-5.pdf,deploy/всош/2014-15/final_tasks/математика
ВсОШ,math,9,2014-15,final_tasks,задачи,tasks-math-9-2day-final-14-5.pdf,deploy/всош/2014-15/final_tasks/математика
ВсОШ,math,11,2014-15,final_tasks,ответы,ans-math-11-1day-final-14-5.pdf,deploy/всош/2014-15/final_tasks/математика
ВсОШ,math,10,2014-15,final_tasks,ответы,ans-math-10-1day-final-14-5.pdf,deploy/всош/2014-15/final_tasks/математика
ВсОШ,math,9,2014-15,final_tasks,ответы,ans-math-9-2day-final-14-5.pdf,deploy/всош/2014-15/final_tasks/математика
ВсОШ,math,9,2014-15,final_tasks,ответы,ans-math-9-1day-final-14-5.pdf,deploy/всош/2014-15/final_tasks/математика
ВсОШ,math,11,2014-15,final_tasks,ответы,ans-math-11-2day-final-14-5.pdf,deploy/всош/2014-15/final_tasks/математика
ВсОШ,math,10,2014-15,final_tasks,ответы,ans-math-10-2day-final-14-5.pdf,deploy/всош/2014-15/final_tasks/математика
ВсОШ,phys,9,2014-15,final_tasks,ответы,ans-phys-9-teor-final-14-5.pdf,deploy/всош/2014-15/final_tasks/физика
ВсОШ,phys,9,2014-15,final_tasks,ответы,ans-phys-9-prak-final-14-5.pdf,deploy/всош/2014-15/final_tasks/физика
ВсОШ,phys,9,2014-15,final_tasks,задачи,tasks-phys-9-teor-final-14-5.pdf,deploy/всош/2014-15/final_tasks/физика
ВсОШ,phys,9,2014-15,final_tasks,задачи,tasks-phys-9-prak-final-14-5.pdf,deploy/всош/2014-15/final_tasks/физика
ВсОШ,russ,5,2014-15,school_tasks,ответы,ans-russ-5-sch-msk-14-5.pdf,deploy/всош/2014-15/school_tasks/русский
ВсОШ,russ,5,2014-15,school_tasks,задачи,tasks-russ-5-sch-msk-14-5.pdf,deploy/всош/2014-15/school_tasks/русский
ВсОШ,russ,8,2014-15,school_tasks,ответы,ans-russ-8-sch-msk-14-5.pdf,deploy/всош/2014-15/school_tasks/русский
ВсОШ,russ,9,2014-15,school_tasks,задачи,tasks-russ-9-sch-msk-14-5.pdf,deploy/всош/2014-15/school_tasks/русский
ВсОШ,russ,7,2014-15,school_tasks,ответы,ans-russ-7-sch-msk-14-5.pdf,deploy/всош/2014-15/school_tasks/русский
ВсОШ,russ,6,2014-15,school_tasks,задачи,tasks-russ-6-sch-msk-14-5.pdf,deploy/всош/2014-15/school_tasks/русский
ВсОШ,russ,9,2014-15,school_tasks,ответы,ans-russ-9-sch-msk-14-5.pdf,deploy/всош/2014-15/school_tasks/русский
ВсОШ,russ,8,2014-15,school_tasks,задачи,tasks-russ-8-sch-msk-14-5.pdf,deploy/всош/2014-15/school_tasks/русский
ВсОШ,russ,6,2014-15,school_tasks,ответы,ans-russ-6-sch-msk-14-5.pdf,deploy/всош/2014-15/school_tasks/русский
ВсОШ,russ,7,2014-15,school_tasks,задачи,tasks-russ-7-sch-msk-14-5.pdf,deploy/всош/2014-15/school_tasks/русский
ВсОШ,iikt,5,2014-15,school_tasks,задачи,tasks-iikt-5-sch-msk-14-5.pdf,deploy/всош/2014-15/school_tasks/информатика
ВсОШ,iikt,"7,8",2014-15,school_tasks,задачи,tasks-iikt-7-8-sch-msk-14-5.pdf,deploy/всош/2014-15/school_tasks/информатика
ВсОШ,iikt,5,2014-15,school_tasks,ответы,ans-iikt-5-sch-msk-14-5.pdf,deploy/всош/2014-15/school_tasks/информатика
ВсОШ,iikt,"9,11",2014-15,school_tasks,задачи,tasks-iikt-9-11-sch-msk-14-5.pdf,deploy/всош/2014-15/school_tasks/информатика
ВсОШ,iikt,6,2014-15,school_tasks,ответы,ans-iikt-6-sch-msk-14-5.pdf,deploy/всош/2014-15/school_tasks/информатика
ВсОШ,iikt,"9,11",2014-15,school_tasks,ответы,ans-iikt-9-11-sch-msk-14-5.pdf,deploy/всош/2014-15/school_tasks/информатика
ВсОШ,iikt,"7,8",2014-15,school_tasks,ответы,ans-iikt-7-8-sch-msk-14-5.pdf,deploy/всош/2014-15/school_tasks/информатика
ВсОШ,iikt,6,2014-15,school_tasks,задачи,tasks-iikt-6-sch-msk-14-5.pdf,deploy/всош/2014-15/school_tasks/информатика
ВсОШ,chem,8,2014-15,school_tasks,задачи,tasks-chem-7-8-sch-msk-14-5.pdf,deploy/всош/2014-15/school_tasks/химия
ВсОШ,chem,9,2014-15,school_tasks,ответы,ans-chem-9-sch-msk-14-5.pdf,deploy/всош/2014-15/school_tasks/химия
ВсОШ,chem,8,2014-15,school_tasks,ответы,ans-chem-7-8-sch-msk-14-5.pdf,deploy/всош/2014-15/school_tasks/химия
ВсОШ,chem,9,2014-15,school_tasks,задачи,tasks-chem-9-sch-msk-14-5.pdf,deploy/всош/2014-15/school_tasks/химия
ВсОШ,math,9,2014-15,school_tasks,задачи,tasks-math-9-sch-msk-14-5.pdf,deploy/всош/2014-15/school_tasks/математика
ВсОШ,math,8,2014-15,school_tasks,ответы,ans-math-8-sch-msk-14-5.pdf,deploy/всош/2014-15/school_tasks/математика
ВсОШ,math,6,2014-15,school_tasks,задачи,tasks-math-6-sch-msk-14-5.pdf,deploy/всош/2014-15/school_tasks/математика
ВсОШ,math,7,2014-15,school_tasks,ответы,ans-math-7-sch-msk-14-5.pdf,deploy/всош/2014-15/school_tasks/математика
ВсОШ,math,8,2014-15,school_tasks,задачи,tasks-math-8-sch-msk-14-5.pdf,deploy/всош/2014-15/school_tasks/математика
ВсОШ,math,9,2014-15,school_tasks,ответы,ans-math-9-sch-msk-14-5.pdf,deploy/всош/2014-15/school_tasks/математика
ВсОШ,math,7,2014-15,school_tasks,задачи,tasks-math-7-sch-msk-14-5.pdf,deploy/всош/2014-15/school_tasks/математика
ВсОШ,math,6,2014-15,school_tasks,ответы,ans-math-6-sch-msk-14-5.pdf,deploy/всош/2014-15/school_tasks/математика
ВсОШ,math,5,2014-15,school_tasks,ответы,ans-math-5-sch-msk-14-5.pdf,deploy/всош/2014-15/school_tasks/математика
ВсОШ,math,5,2014-15,school_tasks,задачи,tasks-math-5-sch-msk-14-5.pdf,deploy/всош/2014-15/school_tasks/математика
ВсОШ,phys,7,2014-15,school_tasks,ответы,ans-phys-7-sch-msk-14-5.pdf,deploy/всош/2014-15/school_tasks/физика
ВсОШ,phys,8,2014-15,school_tasks,ответы,ans-phys-8-sch-msk-14-5.pdf,deploy/всош/2014-15/school_tasks/физика
ВсОШ,phys,9,2014-15,school_tasks,задачи,tasks-phys-9-sch-msk-14-5.pdf,deploy/всош/2014-15/school_tasks/физика
ВсОШ,phys,7,2014-15,school_tasks,задачи,tasks-phys-7-sch-msk-14-5.pdf,deploy/всош/2014-15/school_tasks/физика
ВсОШ,phys,9,2014-15,school_tasks,ответы,ans-phys-9-sch-msk-14-5.pdf,deploy/всош/2014-15/school_tasks/физика
ВсОШ,phys,8,2014-15,school_tasks,задачи,tasks-phys-8-sch-msk-14-5.pdf,deploy/всош/2014-15/school_tasks/физика
ВсОШ,russ,9,2014-15,region_tasks,ответы,ans-russ-9-reg-14-5.pdf,deploy/всош/2014-15/region_tasks/русский
ВсОШ,russ,9,2014-15,region_tasks,задачи,tasks-russ-9-reg-14-5.pdf,deploy/всош/2014-15/region_tasks/русский
ВсОШ,chem,9,2014-15,region_tasks,задачи,tasks-chem-9-teor-reg-14-5.pdf,deploy/всош/2014-15/region_tasks/химия
ВсОШ,chem,9,2014-15,region_tasks,задачи,tasks-chem-9-prak-reg-14-5.pdf,deploy/всош/2014-15/region_tasks/химия
ВсОШ,chem,9,2014-15,region_tasks,ответы,ans-chem-9-prak-reg-14-5.pdf,deploy/всош/2014-15/region_tasks/химия
ВсОШ,chem,9,2014-15,region_tasks,ответы,ans-chem-9-teor-reg-14-5.pdf,deploy/всош/2014-15/region_tasks/химия
ВсОШ,math,9,2014-15,region_tasks,ответы,ans-math-9-11-1day-reg-14-5.pdf,deploy/всош/2014-15/region_tasks/математика
ВсОШ,math,9,2014-15,region_tasks,задачи,tasks-math-9-11-2day-reg-14-5.pdf,deploy/всош/2014-15/region_tasks/математика
ВсОШ,math,9,2014-15,region_tasks,ответы,ans-math-9-11-2day-reg-14-5.pdf,deploy/всош/2014-15/region_tasks/математика
ВсОШ,math,9,2014-15,region_tasks,задачи,tasks-math-9-11-1day-reg-14-5.pdf,deploy/всош/2014-15/region_tasks/математика
ВсОШ,phys,"7,8",2014-15,region_tasks,ответы,ans-phys-7-8-prak-reg-14-5.pdf,deploy/всош/2014-15/region_tasks/физика
ВсОШ,phys,9,2014-15,region_tasks,задачи,tasks-phys-9-prak-reg-14-5.pdf,deploy/всош/2014-15/region_tasks/физика
ВсОШ,phys,7,2014-15,region_tasks,ответы,ans-phys-7-teor-reg-14-5.pdf,deploy/всош/2014-15/region_tasks/физика
ВсОШ,phys,9,2014-15,region_tasks,задачи,tasks-phys-9-teor-reg-14-5.pdf,deploy/всош/2014-15/region_tasks/физика
ВсОШ,phys,8,2014-15,region_tasks,задачи,tasks-phys-8-teor-reg-14-5.pdf,deploy/всош/2014-15/region_tasks/физика
ВсОШ,phys,"9,11",2014-15,region_tasks,ответы,ans-phys-9-11-prak-reg-14-5.pdf,deploy/всош/2014-15/region_tasks/физика
ВсОШ,phys,9,2014-15,region_tasks,ответы,ans-phys-9-teor-reg-14-5.pdf,deploy/всош/2014-15/region_tasks/физика
ВсОШ,phys,8,2014-15,region_tasks,ответы,ans-phys-8-teor-reg-14-5.pdf,deploy/всош/2014-15/region_tasks/физика
ВсОШ,phys,"7,8",2014-15,region_tasks,задачи,tasks-phys-7-8-prak-reg-14-5.pdf,deploy/всош/2014-15/region_tasks/физика
ВсОШ,phys,7,2014-15,region_tasks,задачи,tasks-phys-7-teor-reg-14-5.pdf,deploy/всош/2014-15/region_tasks/физика
ВсОШ,russ,7,2014-15,okrug_tasks,ответы,ans-russ-7-okr-msk-14-5.pdf,deploy/всош/2014-15/okrug_tasks/русский
ВсОШ,russ,8,2014-15,okrug_tasks,ответы,ans-russ-8-okr-msk-14-5.pdf,deploy/всош/2014-15/okrug_tasks/русский
ВсОШ,russ,9,2014-15,okrug_tasks,задачи,tasks-russ-9-okr-msk-14-5.pdf,deploy/всош/2014-15/okrug_tasks/русский
ВсОШ,russ,7,2014-15,okrug_tasks,задачи,tasks-russ-7-okr-msk-14-5.pdf,deploy/всош/2014-15/okrug_tasks/русский
ВсОШ,russ,9,2014-15,okrug_tasks,ответы,ans-russ-9-okr-msk-14-5.pdf,deploy/всош/2014-15/okrug_tasks/русский
ВсОШ,russ,8,2014-15,okrug_tasks,задачи,tasks-russ-8-okr-msk-14-5.pdf,deploy/всош/2014-15/okrug_tasks/русский
ВсОШ,iikt,8,2014-15,okrug_tasks,задачи,tasks-iikt-7-8-okr-msk-14-5.pdf,deploy/всош/2014-15/okrug_tasks/информатика
ВсОШ,iikt,11,2014-15,okrug_tasks,задачи,tasks-iikt-9-11-okr-msk-14-5.pdf,deploy/всош/2014-15/okrug_tasks/информатика
ВсОШ,chem,8,2014-15,okrug_tasks,задачи,tasks-chem-8-okr-msk-14-5.pdf,deploy/всош/2014-15/okrug_tasks/химия
ВсОШ,chem,9,2014-15,okrug_tasks,ответы,ans-chem-9-okr-msk-14-5.pdf,deploy/всош/2014-15/okrug_tasks/химия
ВсОШ,chem,9,2014-15,okrug_tasks,задачи,tasks-chem-9-okr-msk-14-5.pdf,deploy/всош/2014-15/okrug_tasks/химия
ВсОШ,chem,8,2014-15,okrug_tasks,ответы,ans-chem-8-okr-msk-14-5.pdf,deploy/всош/2014-15/okrug_tasks/химия
ВсОШ,math,5,2014-15,okrug_tasks,ответы,ans-math-5-okr-msk-14-5.pdf,deploy/всош/2014-15/okrug_tasks/математика
ВсОШ,math,5,2014-15,okrug_tasks,задачи,tasks-math-5-okr-msk-14-5.pdf,deploy/всош/2014-15/okrug_tasks/математика
ВсОШ,math,6,2014-15,okrug_tasks,задачи,tasks-math-6-okr-msk-14-5.pdf,deploy/всош/2014-15/okrug_tasks/математика
ВсОШ,math,7,2014-15,okrug_tasks,ответы,ans-math-7-okr-msk-14-5.pdf,deploy/всош/2014-15/okrug_tasks/математика
ВсОШ,math,9,2014-15,okrug_tasks,задачи,tasks-math-9-okr-msk-14-5.pdf,deploy/всош/2014-15/okrug_tasks/математика
ВсОШ,math,8,2014-15,okrug_tasks,ответы,ans-math-8-okr-msk-14-5.pdf,deploy/всош/2014-15/okrug_tasks/математика
ВсОШ,math,7,2014-15,okrug_tasks,задачи,tasks-math-7-okr-msk-14-5.pdf,deploy/всош/2014-15/okrug_tasks/математика
ВсОШ,math,6,2014-15,okrug_tasks,ответы,ans-math-6-okr-msk-14-5.pdf,deploy/всош/2014-15/okrug_tasks/математика
ВсОШ,math,8,2014-15,okrug_tasks,задачи,tasks-math-8-okr-msk-14-5.pdf,deploy/всош/2014-15/okrug_tasks/математика
ВсОШ,math,9,2014-15,okrug_tasks,ответы,ans-math-9-okr-msk-14-5.pdf,deploy/всош/2014-15/okrug_tasks/математика
ВсОШ,phys,8,2014-15,okrug_tasks,ответы,ans-phys-8-okr-msk-14-5.pdf,deploy/всош/2014-15/okrug_tasks/физика
ВсОШ,phys,9,2014-15,okrug_tasks,задачи,tasks-phys-9-okr-msk-14-5.pdf,deploy/всош/2014-15/okrug_tasks/физика
ВсОШ,phys,7,2014-15,okrug_tasks,ответы,ans-phys-7-okr-msk-14-5.pdf,deploy/всош/2014-15/okrug_tasks/физика
ВсОШ,phys,9,2014-15,okrug_tasks,ответы,ans-phys-9-okr-msk-14-5.pdf,deploy/всош/2014-15/okrug_tasks/физика
ВсОШ,phys,8,2014-15,okrug_tasks,задачи,tasks-phys-8-okr-msk-14-5.pdf,deploy/всош/2014-15/okrug_tasks/физика
ВсОШ,phys,7,2014-15,okrug_tasks,задачи,tasks-phys-7-okr-msk-14-5.pdf,deploy/всош/2014-15/okrug_tasks/физика
ВсОШ,russ,9,2023-24,региональный,задачи,tasks-russ-9-reg-23-24.pdf,deploy/всош/2023-24/reg/русский
ВсОШ,russ,9,2023-24,региональный,ответы,ans-russ-9-reg-23-24.pdf,deploy/всош/2023-24/reg/русский
ВсОШ,iikt,"9,11",2023-24,региональный,задачи,tasks-iikt-9-11-day1-final-23-24.pdf,deploy/всош/2023-24/reg/информатика
ВсОШ,iikt,"9,11",2023-24,региональный,решения,sol-iikt-9-11-day1-2-final-23-24.pdf,deploy/всош/2023-24/reg/информатика
ВсОШ,iikt,"9,11",2023-24,региональный,задачи,tasks-iikt-9-11-day2-final-23-24.pdf,deploy/всош/2023-24/reg/информатика
ВсОШ,chem,9,2023-24,региональный,задачи,tasks-chem-9-teor-region-23-24.pdf,deploy/всош/2023-24/reg/химия
ВсОШ,chem,9,2023-24,региональный,задачи,tasks-chem-9-prak-region-23-24.pdf,deploy/всош/2023-24/reg/химия
ВсОШ,chem,9,2023-24,региональный,решения,sol-chem-9-prak-region-23-24.pdf,deploy/всош/2023-24/reg/химия
ВсОШ,chem,9,2023-24,региональный,решения,sol-chem-9-teor-region-23-24.pdf,deploy/всош/2023-24/reg/химия
ВсОШ,math,10,2023-24,региональный,задачи,tasks-math-10-day1-reg-23-24.pdf,deploy/всош/2023-24/reg/математика
ВсОШ,math,11,2023-24,региональный,решения,sol-math-10-day1-reg-23-24.pdf,deploy/всош/2023-24/reg/математика
ВсОШ,math,11,2023-24,региональный,решения,sol-math-10-day2-reg-23-24.pdf,deploy/всош/2023-24/reg/математика
ВсОШ,math,10,2023-24,региональный,задачи,tasks-math-10-day2-reg-23-24.pdf,deploy/всош/2023-24/reg/математика
ВсОШ,math,9,2023-24,региональный,задачи,tasks-math-9-day2-reg-23-24.pdf,deploy/всош/2023-24/reg/математика
ВсОШ,math,9,2023-24,региональный,задачи,tasks-math-9-day1-reg-23-24.pdf,deploy/всош/2023-24/reg/математика
ВсОШ,math,11,2023-24,региональный,решения,sol-math-11-day2-reg-23-24.pdf,deploy/всош/2023-24/reg/математика
ВсОШ,math,11,2023-24,региональный,решения,sol-math-9-day1-reg-23-24.pdf,deploy/всош/2023-24/reg/математика
ВсОШ,math,11,2023-24,региональный,задачи,tasks-math-11-day2-reg-23-24.pdf,deploy/всош/2023-24/reg/математика
ВсОШ,math,11,2023-24,региональный,задачи,tasks-math-11-day1-reg-23-24.pdf,deploy/всош/2023-24/reg/математика
ВсОШ,math,11,2023-24,региональный,решения,sol-math-11-day1-reg-23-24.pdf,deploy/всош/2023-24/reg/математика
ВсОШ,math,11,2023-24,региональный,решения,sol-math-9-day2-reg-23-24.pdf,deploy/всош/2023-24/reg/математика
ВсОШ,phys,9,2023-24,региональный,контрольные данные,control_dan-phys-9-prak-reg-23-24.pdf,deploy/всош/2023-24/reg/физика
ВсОШ,phys,9,2023-24,региональный,задачи,tasks-phys-9-prak-reg-23-24.pdf,deploy/всош/2023-24/reg/физика
ВсОШ,phys,9,2023-24,региональный,решения,sol-phys-9-teor-reg-23-24.pdf,deploy/всош/2023-24/reg/физика
ВсОШ,phys,9,2023-24,региональный,решения,sol-phys-9-prak-reg-23-24.pdf,deploy/всош/2023-24/reg/физика
ВсОШ,phys,9,2023-24,региональный,задачи,tasks-phys-9-teor-reg-23-24.pdf,deploy/всош/2023-24/reg/физика
ВсОШ,russ,9,2023-24,муниципальный,ответы,ans-russ-9-mun-msk-23-24.pdf,deploy/всош/2023-24/mun/русский
ВсОШ,russ,8,2023-24,муниципальный,ответы,ans-russ-8-mun-msk-23-24.pdf,deploy/всош/2023-24/mun/русский
ВсОШ,russ,7,2023-24,муниципальный,задачи,tasks-russ-7-mun-msk-23-24.pdf,deploy/всош/2023-24/mun/русский
ВсОШ,russ,7,2023-24,муниципальный,ответы,ans-russ-7-mun-msk-23-24.pdf,deploy/всош/2023-24/mun/русский
ВсОШ,russ,9,2023-24,муниципальный,задачи,tasks-russ-9-mun-msk-23-24.pdf,deploy/всош/2023-24/mun/русский
ВсОШ,russ,8,2023-24,муниципальный,задачи,tasks-russ-8-mun-msk-23-24.pdf,deploy/всош/2023-24/mun/русский
ВсОШ,iikt,11,2023-24,муниципальный,задачи,tasks-iikt-9-11-mun-msk-23-24.pdf,deploy/всош/2023-24/mun/информатика
ВсОШ,iikt,8,2023-24,муниципальный,решения,sol-iikt-9-11-mun-msk-23-24.pdf,deploy/всош/2023-24/mun/информатика
ВсОШ,iikt,8,2023-24,муниципальный,решения,sol-iikt-7-8-mun-msk-23-24.pdf,deploy/всош/2023-24/mun/информатика
ВсОШ,iikt,11,2023-24,муниципальный,задачи,tasks-iikt-7-8-mun-msk-23-24.pdf,deploy/всош/2023-24/mun/информатика
ВсОШ,chem,9,2023-24,муниципальный,задачи,tasks-chem-9-mun-msk-23-24.pdf,deploy/всош/2023-24/mun/химия
ВсОШ,chem,8,2023-24,муниципальный,решения,sol-chem-7-8-mun-msk-23-24.pdf,deploy/всош/2023-24/mun/химия
ВсОШ,chem,8,2023-24,муниципальный,задачи,tasks-chem-7-8-mun-msk-23-24.pdf,deploy/всош/2023-24/mun/химия
ВсОШ,chem,9,2023-24,муниципальный,решения,sol-chem-9-mun-msk-23-24.pdf,deploy/всош/2023-24/mun/химия
ВсОШ,math,8,2023-24,муниципальный,задачи,tasks-math-8-mun-msk-23-24.pdf,deploy/всош/2023-24/mun/математика
ВсОШ,math,9,2023-24,муниципальный,задачи,tasks-math-9-mun-msk-23-24.pdf,deploy/всош/2023-24/mun/математика
ВсОШ,math,7,2023-24,муниципальный,ответы,ans-math-7-mun-msk-23-24.pdf,deploy/всош/2023-24/mun/математика
ВсОШ,math,7,2023-24,муниципальный,задачи,tasks-math-7-mun-msk-23-24.pdf,deploy/всош/2023-24/mun/математика
ВсОШ,math,8,2023-24,муниципальный,ответы,ans-math-8-mun-msk-23-24.pdf,deploy/всош/2023-24/mun/математика
ВсОШ,math,9,2023-24,муниципальный,ответы,ans-math-9-mun-msk-23-24.pdf,deploy/всош/2023-24/mun/математика
ВсОШ,phys,7,2023-24,муниципальный,решения,sol-phys-7-mun-msk-23-24.pdf,deploy/всош/2023-24/mun/физика
ВсОШ,phys,7,2023-24,муниципальный,задачи,tasks-phys-7-mun-msk-23-24.pdf,deploy/всош/2023-24/mun/физика
ВсОШ,phys,9,2023-24,муниципальный,решения,sol-phys-9-mun-msk-23-24.pdf,deploy/всош/2023-24/mun/физика
ВсОШ,phys,8,2023-24,муниципальный,решения,sol-phys-8-mun-msk-23-24.pdf,deploy/всош/2023-24/mun/физика
ВсОШ,phys,9,2023-24,муниципальный,задачи,tasks-phys-9-mun-msk-23-24.pdf,deploy/всош/2023-24/mun/физика
ВсОШ,phys,8,2023-24,муниципальный,задачи,tasks-phys-8-mun-msk-23-24.pdf,deploy/всош/2023-24/mun/физика
ВсОШ,russ,9,2023-24,заключительный,ответы,ans-russ-9-final-23-24.pdf,deploy/всош/2023-24/final/русский
ВсОШ,russ,9,2023-24,заключительный,задачи,tasks-russ-9-final-23-24.pdf,deploy/всош/2023-24/final/русский
ВсОШ,iikt,"9,11",2023-24,заключительный,задачи,tasks-iikt-9-11-day1-final-23-24.pdf,deploy/всош/2023-24/final/информатика
ВсОШ,iikt,"9,11",2023-24,заключительный,решения,sol-iikt-9-11-day1-final-23-24.pdf,deploy/всош/2023-24/final/информатика
ВсОШ,iikt,"9,11",2023-24,заключительный,решения,sol-iikt-9-11-day2-final-23-24.pdf,deploy/всош/2023-24/final/информатика
ВсОШ,iikt,"9,11",2023-24,заключительный,задачи,tasks-iikt-9-11-day2-final-23-24.pdf,deploy/всош/2023-24/final/информатика
ВсОШ,chem,10,2023-24,заключительный,задачи,tasks-chem-9-11-teor2-final-23-24.pdf,deploy/всош/2023-24/final/химия
ВсОШ,chem,9,2023-24,заключительный,решения,sol-chem-9-teor1-final-23-24.pdf,deploy/всош/2023-24/final/химия
ВсОШ,chem,9,2023-24,заключительный,задачи,tasks-chem-9-prak-final-23-24.pdf,deploy/всош/2023-24/final/химия
ВсОШ,chem,10,2023-24,заключительный,решения,sol-chem-10-teor1-final-23-24.pdf,deploy/всош/2023-24/final/химия
ВсОШ,chem,"9,11",2023-24,заключительный,решения,sol-chem-9-11-teor2-final-23-24.pdf,deploy/всош/2023-24/final/химия
ВсОШ,chem,11,2023-24,заключительный,задачи,tasks-chem-11-teor1-final-23-24.pdf,deploy/всош/2023-24/final/химия
ВсОШ,chem,11,2023-24,заключительный,решения,sol-chem-11-teor1-final-23-24.pdf,deploy/всош/2023-24/final/химия
ВсОШ,chem,9,2023-24,заключительный,решения,sol-chem-9-prak-final-23-24.pdf,deploy/всош/2023-24/final/химия
ВсОШ,chem,"9,11",2023-24,заключительный,справочные данные,sp_dan-chem-9-11-final-23-24.pdf,deploy/всош/2023-24/final/химия
ВсОШ,chem,10,2023-24,заключительный,задачи,tasks-chem-10-teor1-final-23-24.pdf,deploy/всош/2023-24/final/химия
ВсОШ,chem,9,2023-24,заключительный,задачи,tasks-chem-9-teor1-final-23-24.pdf,deploy/всош/2023-24/final/химия
ВсОШ,math,11,2023-24,заключительный,решения,sol-math-11-day2-final-23-24.pdf,deploy/всош/2023-24/final/математика
ВсОШ,math,10,2023-24,заключительный,задачи,tasks-math-10-day1-final-23-24.pdf,deploy/всош/2023-24/final/математика
ВсОШ,math,11,2023-24,заключительный,задачи,tasks-math-11-day1-final-23-24.pdf,deploy/всош/2023-24/final/математика
ВсОШ,math,10,2023-24,заключительный,решения,sol-math-10-day2-final-23-24.pdf,deploy/всош/2023-24/final/математика
ВсОШ,math,9,2023-24,заключительный,решения,sol-math-9-day1-final-23-24.pdf,deploy/всош/2023-24/final/математика
ВсОШ,math,9,2023-24,заключительный,задачи,tasks-math-9-day2-final-23-24.pdf,deploy/всош/2023-24/final/математика
ВсОШ,math,11,2023-24,заключительный,решения,sol-math-11-day1-final-23-24.pdf,deploy/всош/2023-24/final/математика
ВсОШ,math,10,2023-24,заключительный,задачи,tasks-math-10-day2-final-23-24.pdf,deploy/всош/2023-24/final/математика
ВсОШ,math,9,2023-24,заключительный,задачи,tasks-math-9-day1-final-23-24.pdf,deploy/всош/2023-24/final/математика
ВсОШ,math,9,2023-24,заключительный,решения,sol-math-9-day2-final-23-24.pdf,deploy/всош/2023-24/final/математика
ВсОШ,math,11,2023-24,заключительный,задачи,tasks-math-11-day2-final-23-24.pdf,deploy/всош/2023-24/final/математика
ВсОШ,math,10,2023-24,заключительный,решения,sol-math-10-day1-final-23-24.pdf,deploy/всош/2023-24/final/математика
ВсОШ,phys,9,2023-24,заключительный,решения,sol-phys-9-teor-final-23-24.pdf,deploy/всош/2023-24/final/физика
ВсОШ,phys,9,2023-24,заключительный,задачи,tasks-phys-9-prak-final-23-24.pdf,deploy/всош/2023-24/final/физика
ВсОШ,phys,9,2023-24,заключительный,решения,sol-phys-9-prak-final-23-24.pdf,deploy/всош/2023-24/final/физика
ВсОШ,phys,9,2023-24,заключительный,задачи,tasks-phys-9-teor-final-23-24.pdf,deploy/всош/2023-24/final/физика
ВсОШ,russ,3,2023-24,пригласительный,задачи,tasks-russ-3-prigl-msk-23-24.pdf,deploy/всош/2023-24/prigl/русский
ВсОШ,russ,6,2023-24,пригласительный,ответы,ans-russ-5-6-prigl-msk-23-24.pdf,deploy/всош/2023-24/prigl/русский
ВсОШ,russ,"5,6",2023-24,пригласительный,задачи,tasks-russ-5-6-prigl-msk-23-24.pdf,deploy/всош/2023-24/prigl/русский
ВсОШ,russ,10,2023-24,пригласительный,ответы,ans-russ-9-10-prigl-msk-23-24.pdf,deploy/всош/2023-24/prigl/русский
ВсОШ,russ,4,2023-24,пригласительный,задачи,tasks-russ-4-prigl-msk-23-24.pdf,deploy/всош/2023-24/prigl/русский
ВсОШ,russ,"7,8",2023-24,пригласительный,задачи,tasks-russ-7-8-prigl-msk-23-24.pdf,deploy/всош/2023-24/prigl/русский
ВсОШ,russ,8,2023-24,пригласительный,ответы,ans-russ-7-8-prigl-msk-23-24.pdf,deploy/всош/2023-24/prigl/русский
ВсОШ,russ,"9,10",2023-24,пригласительный,задачи,tasks-russ-9-10-prigl-msk-23-24.pdf,deploy/всош/2023-24/prigl/русский
ВсОШ,russ,3,2023-24,пригласительный,ответы,ans-russ-3-prigl-msk-23-24.pdf,deploy/всош/2023-24/prigl/русский
ВсОШ,russ,4,2023-24,пригласительный,ответы,ans-russ-4-prigl-msk-23-24.pdf,deploy/всош/2023-24/prigl/русский
ВсОШ,iikt,10,2023-24,пригласительный,задачи,tasks-iikt-8-10-prigl-msk-23-24.pdf,deploy/всош/2023-24/prigl/информатика
ВсОШ,iikt,7,2023-24,пригласительный,решения,sol-iikt-6-7-prigl-msk-23-24.pdf,deploy/всош/2023-24/prigl/информатика
ВсОШ,iikt,5,2023-24,пригласительный,решения,sol-iikt-4-5-prigl-msk-23-24.pdf,deploy/всош/2023-24/prigl/информатика
ВсОШ,iikt,5,2023-24,пригласительный,задачи,tasks-iikt-4-5-prigl-msk-23-24.pdf,deploy/всош/2023-24/prigl/информатика
ВсОШ,iikt,10,2023-24,пригласительный,решения,sol-iikt-8-10-prigl-msk-23-24.pdf,deploy/всош/2023-24/prigl/информатика
ВсОШ,iikt,7,2023-24,пригласительный,задачи,tasks-iikt-6-7-prigl-msk-23-24.pdf,deploy/всош/2023-24/prigl/информатика
ВсОШ,chem,9,2023-24,пригласительный,задачи,tasks-chem-9-prigl-msk-23-24.pdf,deploy/всош/2023-24/prigl/химия
ВсОШ,chem,8,2023-24,пригласительный,задачи,tasks-chem-8-prigl-msk-23-24.pdf,deploy/всош/2023-24/prigl/химия
ВсОШ,chem,9,2023-24,пригласительный,ответы,ans-chem-9-prigl-msk-23-24.pdf,deploy/всош/2023-24/prigl/химия
ВсОШ,chem,8,2023-24,пригласительный,ответы,ans-chem-8-prigl-msk-23-24.pdf,deploy/всош/2023-24/prigl/химия
ВсОШ,chem,"6,7",2023-24,пригласительный,задачи,tasks-chem-6-7-prigl-msk-23-24.pdf,deploy/всош/2023-24/prigl/химия
ВсОШ,chem,"6,7",2023-24,пригласительный,ответы,ans-chem-6-7-prigl-msk-23-24.pdf,deploy/всош/2023-24/prigl/химия
ВсОШ,math,6,2023-24,пригласительный,задачи,tasks-math-6-prigl-msk-23-24.pdf,deploy/всош/2023-24/prigl/математика
ВсОШ,math,5,2023-24,пригласительный,решения,sol-math-5-prigl-msk-23-24.pdf,deploy/всош/2023-24/prigl/математика
ВсОШ,math,4,2023-24,пригласительный,решения,sol-math-4-prigl-msk-23-24.pdf,deploy/всош/2023-24/prigl/математика
ВсОШ,math,7,2023-24,пригласительный,задачи,tasks-math-7-prigl-msk-23-24.pdf,deploy/всош/2023-24/prigl/математика
ВсОШ,math,7,2023-24,пригласительный,решения,sol-math-7-prigl-msk-23-24.pdf,deploy/всош/2023-24/prigl/математика
ВсОШ,math,4,2023-24,пригласительный,задачи,tasks-math-4-prigl-msk-23-24.pdf,deploy/всош/2023-24/prigl/математика
ВсОШ,math,5,2023-24,пригласительный,задачи,tasks-math-5-prigl-msk-23-24.pdf,deploy/всош/2023-24/prigl/математика
ВсОШ,math,6,2023-24,пригласительный,решения,sol-math-6-prigl-msk-23-24.pdf,deploy/всош/2023-24/prigl/математика
ВсОШ,math,3,2023-24,пригласительный,задачи,tasks-math-3-prigl-msk-23-24.pdf,deploy/всош/2023-24/prigl/математика
ВсОШ,math,3,2023-24,пригласительный,решения,sol-math-3-prigl-msk-23-24.pdf,deploy/всош/2023-24/prigl/математика
ВсОШ,math,8,2023-24,пригласительный,задачи,tasks-math-8-prigl-msk-23-24.pdf,deploy/всош/2023-24/prigl/математика
ВсОШ,math,9,2023-24,пригласительный,задачи,tasks-math-9-prigl-msk-23-24.pdf,deploy/всош/2023-24/prigl/математика
ВсОШ,math,9,2023-24,пригласительный,решения,sol-math-9-prigl-msk-23-24.pdf,deploy/всош/2023-24/prigl/математика
ВсОШ,math,8,2023-24,пригласительный,решения,sol-math-8-prigl-msk-23-24.pdf,deploy/всош/2023-24/prigl/математика
ВсОШ,phys,6,2023-24,пригласительный,решения,sol-phys-6-prigl-msk-23-24.pdf,deploy/всош/2023-24/prigl/физика
ВсОШ,phys,7,2023-24,пригласительный,решения,sol-phys-7-prigl-msk-23-24.pdf,deploy/всош/2023-24/prigl/физика
ВсОШ,phys,7,2023-24,пригласительный,задачи,tasks-phys-7-prigl-msk-23-24.pdf,deploy/всош/2023-24/prigl/физика
ВсОШ,phys,6,2023-24,пригласительный,задачи,tasks-phys-6-prigl-msk-23-24.pdf,deploy/всош/2023-24/prigl/физика
ВсОШ,phys,8,2023-24,пригласительный,решения,sol-phys-8-prigl-msk-23-24.pdf,deploy/всош/2023-24/prigl/физика
ВсОШ,phys,9,2023-24,пригласительный,решения,sol-phys-9-prigl-msk-23-24.pdf,deploy/всош/2023-24/prigl/физика
ВсОШ,phys,9,2023-24,пригласительный,задачи,tasks-phys-9-prigl-msk-23-24.pdf,deploy/всош/2023-24/prigl/физика
ВсОШ,phys,8,2023-24,пригласительный,задачи,tasks-phys-8-prigl-msk-23-24.pdf,deploy/всош/2023-24/prigl/физика
ВсОШ,russ,4,2023-24,школьный,ответы,ans-russ-4-sch-msk-23-24.pdf,deploy/всош/2023-24/school/русский
ВсОШ,russ,6,2023-24,школьный,ответы,ans-russ-5-6-sch-msk-23-24.pdf,deploy/всош/2023-24/school/русский
ВсОШ,russ,8,2023-24,школьный,задачи,tasks-russ-7-8-sch-msk-23-24.pdf,deploy/всош/2023-24/school/русский
ВсОШ,russ,10,2023-24,школьный,задачи,tasks-russ-9-10-sch-msk-23-24.pdf,deploy/всош/2023-24/school/русский
ВсОШ,russ,8,2023-24,школьный,ответы,ans-russ-7-8-sch-msk-23-24.pdf,deploy/всош/2023-24/school/русский
ВсОШ,russ,4,2023-24,школьный,задачи,tasks-russ-4-sch-msk-23-24.pdf,deploy/всош/2023-24/school/русский
ВсОШ,russ,10,2023-24,школьный,ответы,ans-russ-9-10-sch-msk-23-24.pdf,deploy/всош/2023-24/school/русский
ВсОШ,russ,6,2023-24,школьный,задачи,tasks-russ-5-6-sch-msk-23-24.pdf,deploy/всош/2023-24/school/русский
ВсОШ,iikt,8,2023-24,школьный,решения,sol-iikt-9-11-sch-msk-23-24.pdf,deploy/всош/2023-24/school/информатика
ВсОШ,iikt,11,2023-24,школьный,задачи,tasks-iikt-7-8-sch-msk-23-24.pdf,deploy/всош/2023-24/school/информатика
ВсОШ,iikt,6,2023-24,школьный,решения,sol-iikt-7-8-sch-msk-23-24.pdf,deploy/всош/2023-24/school/информатика
ВсОШ,iikt,6,2023-24,школьный,решения,sol-iikt-5-6-sch-msk-23-24.pdf,deploy/всош/2023-24/school/информатика
ВсОШ,iikt,8,2023-24,школьный,задачи,tasks-iikt-5-6-sch-msk-23-24.pdf,deploy/всош/2023-24/school/информатика
ВсОШ,iikt,11,2023-24,школьный,задачи,tasks-iikt-9-11-sch-msk-23-24.pdf,deploy/всош/2023-24/school/информатика
ВсОШ,chem,9,2023-24,школьный,решения,sol-chem-9-sch-msk-23-24.pdf,deploy/всош/2023-24/school/химия
ВсОШ,chem,9,2023-24,школьный,задачи,tasks-chem-9-sch-msk-23-24.pdf,deploy/всош/2023-24/school/химия
ВсОШ,chem,"7,8",2023-24,школьный,задачи,tasks-chem-7-8-sch-msk-23-24.pdf,deploy/всош/2023-24/school/химия
ВсОШ,chem,"7,8",2023-24,школьный,решения,sol-chem-7-8-sch-msk-23-24.pdf,deploy/всош/2023-24/school/химия
ВсОШ,math,5,2023-24,школьный,задачи,tasks-math-5-sch-msk-23-24.pdf,deploy/всош/2023-24/school/математика
ВсОШ,math,8,2023-24,школьный,ответы,ans-math-8-sch-msk-23-24.pdf,deploy/всош/2023-24/school/математика
ВсОШ,math,4,2023-24,школьный,задачи,tasks-math-4-sch-msk-23-24.pdf,deploy/всош/2023-24/school/математика
ВсОШ,math,9,2023-24,школьный,ответы,ans-math-9-sch-msk-23-24.pdf,deploy/всош/2023-24/school/математика
ВсОШ,math,7,2023-24,школьный,задачи,tasks-math-7-sch-msk-23-24.pdf,deploy/всош/2023-24/school/математика
ВсОШ,math,6,2023-24,школьный,задачи,tasks-math-6-sch-msk-23-24.pdf,deploy/всош/2023-24/school/математика
ВсОШ,math,7,2023-24,школьный,ответы,ans-math-7-sch-msk-23-24.pdf,deploy/всош/2023-24/school/математика
ВсОШ,math,6,2023-24,школьный,ответы,ans-math-6-sch-msk-23-24.pdf,deploy/всош/2023-24/school/математика
ВсОШ,math,8,2023-24,школьный,задачи,tasks-math-8-sch-msk-23-24.pdf,deploy/всош/2023-24/school/математика
ВсОШ,math,5,2023-24,школьный,ответы,ans-math-5-sch-msk-23-24.pdf,deploy/всош/2023-24/school/математика
ВсОШ,math,9,2023-24,школьный,задачи,tasks-math-9-sch-msk-23-24.pdf,deploy/всош/2023-24/school/математика
ВсОШ,math,4,2023-24,школьный,ответы,ans-math-4-sch-msk-23-24.pdf,deploy/всош/2023-24/school/математика
ВсОШ,phys,9,2023-24,школьный,задачи,tasks-phys-9-sch-msk-23-24.pdf,deploy/всош/2023-24/school/физика
ВсОШ,phys,8,2023-24,школьный,задачи,tasks-phys-8-sch-msk-23-24.pdf,deploy/всош/2023-24/school/физика
ВсОШ,phys,9,2023-24,школьный,решения,sol-phys-9-sch-msk-23-24.pdf,deploy/всош/2023-24/school/физика
ВсОШ,phys,8,2023-24,школьный,решения,sol-phys-8-sch-msk-23-24.pdf,deploy/всош/2023-24/school/физика
ВсОШ,phys,7,2023-24,школьный,задачи,tasks-phys-7-sch-msk-23-24.pdf,deploy/всош/2023-24/school/физика
ВсОШ,phys,7,2023-24,школьный,решения,sol-phys-7-sch-msk-23-24.pdf,deploy/всош/2023-24/school/физика
ВсОШ,russ,9,2013-14,final_tasks,ответы,ans-russ-9-final-13-4.pdf,deploy/всош/2013-14/final_tasks/русский
ВсОШ,russ,9,2013-14,final_tasks,задачи,tasks-russ-9-final-13-4.pdf,deploy/всош/2013-14/final_tasks/русский
ВсОШ,iikt,"9,11",2013-14,final_tasks,задачи,tasks-iikt-9-11-tur1-final-13-4.pdf,deploy/всош/2013-14/final_tasks/информатика
ВсОШ,iikt,"9,11",2013-14,final_tasks,задачи,tasks-iikt-9-11-tur2-final-13-4.pdf,deploy/всош/2013-14/final_tasks/информатика
ВсОШ,chem,"9,11",2013-14,final_tasks,ответы,ans-chem-9-11-tur2-final-13-4.pdf,deploy/всош/2013-14/final_tasks/химия
ВсОШ,chem,9,2013-14,final_tasks,задачи,tasks-chem-9-tur1-final-13-4.pdf,deploy/всош/2013-14/final_tasks/химия
ВсОШ,chem,10,2013-14,final_tasks,ответы,ans-chem-10-tur1-final-13-4.pdf,deploy/всош/2013-14/final_tasks/химия
ВсОШ,chem,11,2013-14,final_tasks,ответы,ans-chem-11-tur1-final-13-4.pdf,deploy/всош/2013-14/final_tasks/химия
ВсОШ,chem,9,2013-14,final_tasks,задачи,tasks-chem-9-prak-final-13-4.pdf,deploy/всош/2013-14/final_tasks/химия
ВсОШ,chem,"9,11",2013-14,final_tasks,задачи,tasks-chem-9-11-tur2-final-13-4.pdf,deploy/всош/2013-14/final_tasks/химия
ВсОШ,chem,9,2013-14,final_tasks,ответы,ans-chem-9-prak-final-13-4.pdf,deploy/всош/2013-14/final_tasks/химия
ВсОШ,chem,11,2013-14,final_tasks,задачи,tasks-chem-11-tur1-final-13-4.pdf,deploy/всош/2013-14/final_tasks/химия
ВсОШ,chem,9,2013-14,final_tasks,ответы,ans-chem-9-tur1-final-13-4.pdf,deploy/всош/2013-14/final_tasks/химия
ВсОШ,chem,10,2013-14,final_tasks,задачи,tasks-chem-10-tur1-final-13-4.pdf,deploy/всош/2013-14/final_tasks/химия
ВсОШ,math,9,2013-14,final_tasks,задачи,tasks-math-9-11-1day-final-13-4.pdf,deploy/всош/2013-14/final_tasks/математика
ВсОШ,math,9,2013-14,final_tasks,задачи,tasks-math-9-11-2day-final-13-4.pdf,deploy/всош/2013-14/final_tasks/математика
ВсОШ,math,9,2013-14,final_tasks,ответы,ans-math-9-11-1day-final-13-4.pdf,deploy/всош/2013-14/final_tasks/математика
ВсОШ,math,9,2013-14,final_tasks,ответы,ans-math-9-11-2day-final-13-4.pdf,deploy/всош/2013-14/final_tasks/математика
ВсОШ,phys,9,2013-14,final_tasks,ответы,ans-phys-9-teor-final-13-4.pdf,deploy/всош/2013-14/final_tasks/физика
ВсОШ,phys,9,2013-14,final_tasks,задачи,tasks-phys-9-teor-final-13-4.pdf,deploy/всош/2013-14/final_tasks/физика
ВсОШ,russ,,2013-14,school_tasks,задачи,tasks-6-russ-sch-msk-2013-4.pdf,deploy/всош/2013-14/school_tasks/русский
ВсОШ,russ,,2013-14,school_tasks,задачи,tasks-9-russ-sch-msk-2013-4.pdf,deploy/всош/2013-14/school_tasks/русский
ВсОШ,russ,,2013-14,school_tasks,задачи,tasks-5-russ-sch-msk-2013-4.pdf,deploy/всош/2013-14/school_tasks/русский
ВсОШ,russ,,2013-14,school_tasks,задачи,tasks-8-russ-sch-msk-2013-4.pdf,deploy/всош/2013-14/school_tasks/русский
ВсОШ,russ,,2013-14,school_tasks,задачи,tasks-7-russ-sch-msk-2013-4.pdf,deploy/всош/2013-14/school_tasks/русский
ВсОШ,iikt,5,2013-14,school_tasks,задачи,tasks-5-iikt-sch-msk-2013-4.pdf,deploy/всош/2013-14/school_tasks/информатика
ВсОШ,iikt,6,2013-14,school_tasks,задачи,tasks-6-iikt-sch-msk-2013-4.pdf,deploy/всош/2013-14/school_tasks/информатика
ВсОШ,iikt,"7,8",2013-14,school_tasks,задачи,tasks-7-8-iikt-sch-msk-2013-4.pdf,deploy/всош/2013-14/school_tasks/информатика
ВсОШ,iikt,"9,11",2013-14,school_tasks,задачи,tasks-9-11-iikt-sch-msk-2013-4.pdf,deploy/всош/2013-14/school_tasks/информатика
ВсОШ,chem,9,2013-14,school_tasks,задачи,tasks-9-chem-sch-msk-2013-4.pdf,deploy/всош/2013-14/school_tasks/химия
ВсОШ,chem,8,2013-14,school_tasks,задачи,tasks-8-chem-sch-msk-2013-4.pdf,deploy/всош/2013-14/school_tasks/химия
ВсОШ,math,8,2013-14,school_tasks,задачи,tasks-8-math-sch-msk-2013-4.pdf,deploy/всош/2013-14/school_tasks/математика
ВсОШ,math,7,2013-14,school_tasks,задачи,tasks-7-math-sch-msk-2013-4.pdf,deploy/всош/2013-14/school_tasks/математика
ВсОШ,math,6,2013-14,school_tasks,задачи,tasks-6-math-sch-msk-2013-4.pdf,deploy/всош/2013-14/school_tasks/математика
ВсОШ,math,9,2013-14,school_tasks,задачи,tasks-9-math-sch-msk-2013-4.pdf,deploy/всош/2013-14/school_tasks/математика
ВсОШ,math,5,2013-14,school_tasks,задачи,tasks-5-math-sch-msk-2013-4.pdf,deploy/всош/2013-14/school_tasks/математика
ВсОШ,phys,8,2013-14,school_tasks,задачи,tasks-8-phys-sch-msk-2013-4.pdf,deploy/всош/2013-14/school_tasks/физика
ВсОШ,phys,7,2013-14,school_tasks,задачи,tasks-7-phys-sch-msk-2013-4.pdf,deploy/всош/2013-14/school_tasks/физика
ВсОШ,phys,9,2013-14,school_tasks,задачи,tasks-9-phys-sch-msk-2013-4.pdf,deploy/всош/2013-14/school_tasks/физика
ВсОШ,russ,9,2013-14,region_tasks,задачи,tasks-russ-9-reg-13-4.pdf,deploy/всош/2013-14/region_tasks/русский
ВсОШ,russ,9,2013-14,region_tasks,ответы,ans-russ-9-reg-13-4.pdf,deploy/всош/2013-14/region_tasks/русский
ВсОШ,iikt,"9,11",2013-14,region_tasks,ответы,ans-iikt-9-11-reg-13-4.pdf,deploy/всош/2013-14/region_tasks/информатика
ВсОШ,iikt,"9,11",2013-14,region_tasks,задачи,tasks-iikt-9-11-tur2-reg-13-4.pdf,deploy/всош/2013-14/region_tasks/информатика
ВсОШ,iikt,"9,11",2013-14,region_tasks,задачи,tasks-iikt-9-11-tur1-reg-13-4.pdf,deploy/всош/2013-14/region_tasks/информатика
ВсОШ,chem,9,2013-14,region_tasks,ответы,ans-chem-9-prac-reg-13-4.pdf,deploy/всош/2013-14/region_tasks/химия
ВсОШ,chem,9,2013-14,region_tasks,задачи,tasks-chem-9-teor-reg-13-4.pdf,deploy/всош/2013-14/region_tasks/химия
ВсОШ,chem,9,2013-14,region_tasks,задачи,tasks-chem-9-prac-reg-13-4.pdf,deploy/всош/2013-14/region_tasks/химия
ВсОШ,chem,9,2013-14,region_tasks,ответы,ans-chem-9-teor-reg-13-4.pdf,deploy/всош/2013-14/region_tasks/химия
ВсОШ,math,10,2013-14,region_tasks,задачи,tasks-math-10-1day-reg-13-4.pdf,deploy/всош/2013-14/region_tasks/математика
ВсОШ,math,9,2013-14,region_tasks,задачи,tasks-math-9-1day-reg-13-4.pdf,deploy/всош/2013-14/region_tasks/математика
ВсОШ,math,11,2013-14,region_tasks,задачи,tasks-math-11-1day-reg-13-4.pdf,deploy/всош/2013-14/region_tasks/математика
ВсОШ,math,9,2013-14,region_tasks,ответы,ans-math-9-11-1day-reg-13-4.pdf,deploy/всош/2013-14/region_tasks/математика
ВсОШ,math,11,2013-14,region_tasks,задачи,tasks-math-11-2day-reg-13-4.pdf,deploy/всош/2013-14/region_tasks/математика
ВсОШ,math,9,2013-14,region_tasks,ответы,ans-math-9-11-2day-reg-13-4.pdf,deploy/всош/2013-14/region_tasks/математика
ВсОШ,math,9,2013-14,region_tasks,задачи,tasks-math-9-2day-reg-13-4.pdf,deploy/всош/2013-14/region_tasks/математика
ВсОШ,math,10,2013-14,region_tasks,задачи,tasks-math-10-2day-reg-13-4.pdf,deploy/всош/2013-14/region_tasks/математика
ВсОШ,phys,9,2013-14,region_tasks,задачи,task-phys-9-teor-reg-13-4.pdf,deploy/всош/2013-14/region_tasks/физика
ВсОШ,phys,9,2013-14,region_tasks,задачи,tasks-phys-9-prak-reg-13-4.pdf,deploy/всош/2013-14/region_tasks/физика
ВсОШ,phys,9,2013-14,region_tasks,ответы,ans-phys-9-reg-13-4.pdf,deploy/всош/2013-14/region_tasks/физика
ВсОШ,phys,9,2013-14,region_tasks,ответы,ans-phys-9-teor-reg-13-4.pdf,deploy/всош/2013-14/region_tasks/физика
ВсОШ,russ,9,2013-14,okrug_tasks,ответы,ans-russ-9-okr-msk-2013-4.pdf,deploy/всош/2013-14/okrug_tasks/русский
ВсОШ,russ,8,2013-14,okrug_tasks,задачи,tasks-russ-7-8-okr-msk-2013-4.pdf,deploy/всош/2013-14/okrug_tasks/русский
ВсОШ,russ,9,2013-14,okrug_tasks,задачи,tasks-russ-9-okr-msk-2013-4.pdf,deploy/всош/2013-14/okrug_tasks/русский
ВсОШ,russ,"7,8",2013-14,okrug_tasks,ответы,ans-russ-7-8-okr-msk-2013-4.pdf,deploy/всош/2013-14/okrug_tasks/русский
ВсОШ,chem,8,2013-14,okrug_tasks,задачи,tasks-chem-8-okr-msk-2013-4.pdf,deploy/всош/2013-14/okrug_tasks/химия
ВсОШ,chem,9,2013-14,okrug_tasks,ответы,ans-chem-9-okr-msk-2013-4.pdf,deploy/всош/2013-14/okrug_tasks/химия
ВсОШ,chem,8,2013-14,okrug_tasks,ответы,ans-chem-8-okr-msk-2013-4.pdf,deploy/всош/2013-14/okrug_tasks/химия
ВсОШ,chem,9,2013-14,okrug_tasks,задачи,tasks-chem-9-okr-msk-2013-4.pdf,deploy/всош/2013-14/okrug_tasks/химия
ВсОШ,math,5,2013-14,okrug_tasks,ответы,ans-math-5-okr-msk-2013-4.pdf,deploy/всош/2013-14/okrug_tasks/математика
ВсОШ,math,8,2013-14,okrug_tasks,ответы,ans-math-8-okr-msk-2013-4.pdf,deploy/всош/2013-14/okrug_tasks/математика
ВсОШ,math,6,2013-14,okrug_tasks,ответы,ans-math-6-okr-msk-2013-4.pdf,deploy/всош/2013-14/okrug_tasks/математика
ВсОШ,math,7,2013-14,okrug_tasks,задачи,tasks-math-7-okr-msk-2013-4.pdf,deploy/всош/2013-14/okrug_tasks/математика
ВсОШ,math,9,2013-14,okrug_tasks,задачи,tasks-math-9-okr-msk-2013-4.pdf,deploy/всош/2013-14/okrug_tasks/математика
ВсОШ,math,5,2013-14,okrug_tasks,задачи,tasks-math-5-okr-msk-2013-4.pdf,deploy/всош/2013-14/okrug_tasks/математика
ВсОШ,math,8,2013-14,okrug_tasks,задачи,tasks-math-8-okr-msk-2013-4.pdf,deploy/всош/2013-14/okrug_tasks/математика
ВсОШ,math,6,2013-14,okrug_tasks,задачи,tasks-math-6-okr-msk-2013-4.pdf,deploy/всош/2013-14/okrug_tasks/математика
ВсОШ,math,7,2013-14,okrug_tasks,ответы,ans-math-7-okr-msk-2013-4.pdf,deploy/всош/2013-14/okrug_tasks/математика
ВсОШ,math,9,2013-14,okrug_tasks,ответы,ans-math-9-okr-msk-2013-4.pdf,deploy/всош/2013-14/okrug_tasks/математика
ВсОШ,phys,8,2013-14,okrug_tasks,задачи,tasks-phys-8-okr-msk-2013-4.pdf,deploy/всош/2013-14/okrug_tasks/физика
ВсОШ,phys,9,2013-14,okrug_tasks,ответы,ans-phys-9-okr-msk-2013-4.pdf,deploy/всош/2013-14/okrug_tasks/физика
ВсОШ,phys,7,2013-14,okrug_tasks,ответы,ans-phys-7-okr-msk-2013-4.pdf,deploy/всош/2013-14/okrug_tasks/физика
ВсОШ,phys,8,2013-14,okrug_tasks,ответы,ans-phys-8-okr-msk-2013-4.pdf,deploy/всош/2013-14/okrug_tasks/физика
ВсОШ,phys,9,2013-14,okrug_tasks,задачи,tasks-phys-9-okr-msk-2013-4.pdf,deploy/всош/2013-14/okrug_tasks/физика
ВсОШ,phys,7,2013-14,okrug_tasks,задачи,tasks-phys-7-okr-msk-2013-4.pdf,deploy/всош/2013-14/okrug_tasks/физика
ВсОШ,russ,9,2012-13,региональный,задачи,tasks-russ-9-11-reg-12-3.pdf,deploy/всош/2012-13/reg/русский
ВсОШ,russ,9,2012-13,региональный,ответы,ans-russ-9-11-reg-12-3.pdf,deploy/всош/2012-13/reg/русский
ВсОШ,iikt,"9,11",2012-13,региональный,задачи,tasks-iikt-9-11-1tur-reg-12-3.pdf,deploy/всош/2012-13/reg/информатика
ВсОШ,iikt,"9,11",2012-13,региональный,ответы,ans-iikt-9-11-reg-12-3.pdf,deploy/всош/2012-13/reg/информатика
ВсОШ,iikt,"9,11",2012-13,региональный,задачи,tasks-iikt-9-11-2tur-reg-12-3.pdf,deploy/всош/2012-13/reg/информатика
ВсОШ,chem,9,2012-13,региональный,задачи,tasks-chem-9-teor-reg-12-3.pdf,deploy/всош/2012-13/reg/химия
ВсОШ,chem,9,2012-13,региональный,задачи,tasks-chem-9-prak-reg-12-3.pdf,deploy/всош/2012-13/reg/химия
ВсОШ,chem,9,2012-13,региональный,ответы,ans-chem-9-prak-reg-12-3.pdf,deploy/всош/2012-13/reg/химия
ВсОШ,chem,9,2012-13,региональный,ответы,ans-chem-9-teor-reg-12-3.pdf,deploy/всош/2012-13/reg/химия
ВсОШ,math,9,2012-13,региональный,ответы,ans-math-9-2day-reg-12-3.pdf,deploy/всош/2012-13/reg/математика
ВсОШ,math,8,2012-13,региональный,ответы,ans-math-8-2day-reg-12-3.pdf,deploy/всош/2012-13/reg/математика
ВсОШ,math,10,2012-13,региональный,ответы,ans-math-10-2day-reg-12-3.pdf,deploy/всош/2012-13/reg/математика
ВсОШ,math,8,2012-13,региональный,задачи,tasks-math-8-1day-reg-12-3.pdf,deploy/всош/2012-13/reg/математика
ВсОШ,math,11,2012-13,региональный,задачи,tasks-math-11-1day-reg-12-3.pdf,deploy/всош/2012-13/reg/математика
ВсОШ,math,11,2012-13,региональный,ответы,ans-math-11-2day-reg-12-3.pdf,deploy/всош/2012-13/reg/математика
ВсОШ,math,9,2012-13,региональный,задачи,tasks-math-9-1day-reg-12-3.pdf,deploy/всош/2012-13/reg/математика
ВсОШ,math,10,2012-13,региональный,задачи,tasks-math-10-1day-reg-12-3.pdf,deploy/всош/2012-13/reg/математика
ВсОШ,math,8,2012-13,региональный,ответы,ans-math-8-1day-reg-12-3.pdf,deploy/всош/2012-13/reg/математика
ВсОШ,math,9,2012-13,региональный,ответы,ans-math-9-1day-reg-12-3.pdf,deploy/всош/2012-13/reg/математика
ВсОШ,math,11,2012-13,региональный,ответы,ans-math-11-1day-reg-12-3.pdf,deploy/всош/2012-13/reg/математика
ВсОШ,math,10,2012-13,региональный,задачи,tasks-math-10-2day-reg-12-3.pdf,deploy/всош/2012-13/reg/математика
ВсОШ,math,9,2012-13,региональный,задачи,tasks-math-9-2day-reg-12-3.pdf,deploy/всош/2012-13/reg/математика
ВсОШ,math,10,2012-13,региональный,ответы,ans-math-10-1day-reg-12-3.pdf,deploy/всош/2012-13/reg/математика
ВсОШ,math,11,2012-13,региональный,задачи,tasks-math-11-2day-reg-12-3.pdf,deploy/всош/2012-13/reg/математика
ВсОШ,math,8,2012-13,региональный,задачи,tasks-math-8-2day-reg-12-3.pdf,deploy/всош/2012-13/reg/математика
ВсОШ,phys,9,2012-13,региональный,задачи,tasks-phys-9-prak-reg-12-3.pdf,deploy/всош/2012-13/reg/физика
ВсОШ,phys,9,2012-13,региональный,задачи,tasks-phys-9-teor-reg-12-3.pdf,deploy/всош/2012-13/reg/физика
ВсОШ,phys,9,2012-13,региональный,ответы,ans-phys-9-teor-reg-12-3.pdf,deploy/всош/2012-13/reg/физика
ВсОШ,phys,9,2012-13,региональный,ответы,ans-phys-9-prak-reg-12-3.pdf,deploy/всош/2012-13/reg/физика
ВсОШ,russ,9,2012-13,муниципальный,ответы,ans-russ-9-msk-mun-12-3.pdf,deploy/всош/2012-13/mun/русский
ВсОШ,russ,8,2012-13,муниципальный,задачи,tasks-russ-8-msk-mun-12-3.pdf,deploy/всош/2012-13/mun/русский
ВсОШ,russ,7,2012-13,муниципальный,задачи,tasks-russ-7-msk-mun-12-3.pdf,deploy/всош/2012-13/mun/русский
ВсОШ,russ,8,2012-13,муниципальный,ответы,ans-russ-8-msk-mun-12-3.pdf,deploy/всош/2012-13/mun/русский
ВсОШ,russ,9,2012-13,муниципальный,задачи,tasks-russ-9-msk-mun-12-3.pdf,deploy/всош/2012-13/mun/русский
ВсОШ,russ,7,2012-13,муниципальный,ответы,ans-russ-7-msk-mun-12-3.pdf,deploy/всош/2012-13/mun/русский
ВсОШ,iikt,"8,11",2012-13,муниципальный,задачи,tasks-iikt-8-11-msk-mun-12-3.pdf,deploy/всош/2012-13/mun/информатика
ВсОШ,iikt,7,2012-13,муниципальный,ответы,ans-iikt-7-msk-mun-12-3.pdf,deploy/всош/2012-13/mun/информатика
ВсОШ,iikt,7,2012-13,муниципальный,задачи,tasks-iikt-7-msk-mun-12-3.pdf,deploy/всош/2012-13/mun/информатика
ВсОШ,iikt,"8,11",2012-13,муниципальный,ответы,ans-iikt-8-11-msk-mun-12-3.pdf,deploy/всош/2012-13/mun/информатика
ВсОШ,chem,9,2012-13,муниципальный,задачи,tasks-chem-9-msk-mun-12-3.pdf,deploy/всош/2012-13/mun/химия
ВсОШ,chem,9,2012-13,муниципальный,ответы,ans-chem-9-msk-mun-12-3.pdf,deploy/всош/2012-13/mun/химия
ВсОШ,math,9,2012-13,муниципальный,ответы,ans-math-9-msk-mun-12-13.pdf,deploy/всош/2012-13/mun/математика
ВсОШ,math,5,2012-13,муниципальный,задачи,tasks-math-5-msk-mun-12-13.pdf,deploy/всош/2012-13/mun/математика
ВсОШ,math,8,2012-13,муниципальный,ответы,ans-math-8-msk-mun-12-13.pdf,deploy/всош/2012-13/mun/математика
ВсОШ,math,6,2012-13,муниципальный,задачи,tasks-math-6-msk-mun-12-13.pdf,deploy/всош/2012-13/mun/математика
ВсОШ,math,7,2012-13,муниципальный,задачи,tasks-math-7-msk-mun-12-13.pdf,deploy/всош/2012-13/mun/математика
ВсОШ,math,6,2012-13,муниципальный,ответы,ans-math-6-msk-mun-12-13.pdf,deploy/всош/2012-13/mun/математика
ВсОШ,math,7,2012-13,муниципальный,ответы,ans-math-7-msk-mun-12-13.pdf,deploy/всош/2012-13/mun/математика
ВсОШ,math,9,2012-13,муниципальный,задачи,tasks-math-9-msk-mun-12-13.pdf,deploy/всош/2012-13/mun/математика
ВсОШ,math,8,2012-13,муниципальный,задачи,tasks-math-8-msk-mun-12-13.pdf,deploy/всош/2012-13/mun/математика
ВсОШ,math,5,2012-13,муниципальный,ответы,ans-math-5-msk-mun-12-13.pdf,deploy/всош/2012-13/mun/математика
ВсОШ,phys,7,2012-13,муниципальный,задачи,tasks-phys-7-msk-mun-12-3.pdf,deploy/всош/2012-13/mun/физика
ВсОШ,phys,8,2012-13,муниципальный,задачи,tasks-phys-8-msk-mun-12-3.pdf,deploy/всош/2012-13/mun/физика
ВсОШ,phys,9,2012-13,муниципальный,задачи,tasks-phys-9-msk-mun-12-3.pdf,deploy/всош/2012-13/mun/физика
ВсОШ,russ,9,2012-13,заключительный,задачи,tasks-russ-9-final-12-3.pdf,deploy/всош/2012-13/final/русский
ВсОШ,russ,9,2012-13,заключительный,ответы,ans-russ-9-final-12-3.pdf,deploy/всош/2012-13/final/русский
ВсОШ,iikt,"9,11",2012-13,заключительный,задачи,tasks-iikt-9-11-final-12-3.pdf,deploy/всош/2012-13/final/информатика
ВсОШ,chem,11,2012-13,заключительный,ответы,ans-chem-11-teor1-final-12-3.pdf,deploy/всош/2012-13/final/химия
ВсОШ,chem,9,2012-13,заключительный,задачи,tasks-chem-9-prak-final-12-3.pdf,deploy/всош/2012-13/final/химия
ВсОШ,chem,11,2012-13,заключительный,задачи,tasks-chem-11-teor1-final-12-3.pdf,deploy/всош/2012-13/final/химия
ВсОШ,chem,"9,11",2012-13,заключительный,ответы,ans-chem-9-11-teor2-final-12-3.pdf,deploy/всош/2012-13/final/химия
ВсОШ,chem,9,2012-13,заключительный,ответы,ans-chem-9-teor1-final-12-3.pdf,deploy/всош/2012-13/final/химия
ВсОШ,chem,10,2012-13,заключительный,ответы,ans-chem-10-teor1-final-12-3.pdf,deploy/всош/2012-13/final/химия
ВсОШ,chem,10,2012-13,заключительный,задачи,tasks-chem-10-teor1-final-12-3.pdf,deploy/всош/2012-13/final/химия
ВсОШ,chem,9,2012-13,заключительный,задачи,tasks-chem-9-teor1-final-12-3.pdf,deploy/всош/2012-13/final/химия
ВсОШ,chem,9,2012-13,заключительный,задачи,tasks-chem-9-11-teor2-final-12-3.pdf,deploy/всош/2012-13/final/химия
ВсОШ,chem,9,2012-13,заключительный,ответы,ans-chem-9-prak-final-12-3.pdf,deploy/всош/2012-13/final/химия
ВсОШ,math,9,2012-13,заключительный,задачи,tasks-math-9-1day-final-12-3.pdf,deploy/всош/2012-13/final/математика
ВсОШ,math,10,2012-13,заключительный,задачи,tasks-math-10-1day-final-12-3.pdf,deploy/всош/2012-13/final/математика
ВсОШ,math,11,2012-13,заключительный,задачи,tasks-math-11-1day-final-12-3.pdf,deploy/всош/2012-13/final/математика
ВсОШ,math,10,2012-13,заключительный,задачи,tasks-math-10-2day-final-12-3.pdf,deploy/всош/2012-13/final/математика
ВсОШ,math,11,2012-13,заключительный,задачи,tasks-math-11-2day-final-12-3.pdf,deploy/всош/2012-13/final/математика
ВсОШ,math,9,2012-13,заключительный,задачи,tasks-math-9-2day-final-12-3.pdf,deploy/всош/2012-13/final/математика
ВсОШ,math,11,2012-13,заключительный,ответы,ans-math-11-1day-final-12-3.pdf,deploy/всош/2012-13/final/математика
ВсОШ,math,10,2012-13,заключительный,ответы,ans-math-10-1day-final-12-3.pdf,deploy/всош/2012-13/final/математика
ВсОШ,math,9,2012-13,заключительный,ответы,ans-math-9-2day-final-12-3.pdf,deploy/всош/2012-13/final/математика
ВсОШ,math,9,2012-13,заключительный,ответы,ans-math-9-1day-final-12-3.pdf,deploy/всош/2012-13/final/математика
ВсОШ,math,11,2012-13,заключительный,ответы,ans-math-11-2day-final-12-3.pdf,deploy/всош/2012-13/final/математика
ВсОШ,math,10,2012-13,заключительный,ответы,ans-math-10-2day-final-12-3.pdf,deploy/всош/2012-13/final/математика
ВсОШ,phys,9,2012-13,заключительный,ответы,ans-phys-9-teor-final-12-3.pdf,deploy/всош/2012-13/final/физика
ВсОШ,phys,9,2012-13,заключительный,ответы,ans-phys-9-prak-final-12-3.pdf,deploy/всош/2012-13/final/физика
ВсОШ,phys,9,2012-13,заключительный,задачи,tasks-phys-9-teor-final-12-3.pdf,deploy/всош/2012-13/final/физика
ВсОШ,phys,9,2012-13,заключительный,задачи,tasks-phys-9-prak-final-12-3.pdf,deploy/всош/2012-13/final/физика
ВсОШ,russ,9,2022-23,региональный,ответы и критерии,anskrit-russ-9-reg-22-23.pdf,deploy/всош/2022-23/reg/русский
ВсОШ,russ,9,2022-23,региональный,задачи,tasks-russ-9-reg-22-23.pdf,deploy/всош/2022-23/reg/русский
ВсОШ,iikt,"9,11",2022-23,региональный,задачи,tasks-iikt-9-11-day1-reg-22-23.pdf,deploy/всош/2022-23/reg/информатика
ВсОШ,iikt,"9,11",2022-23,региональный,ответы,ans-iikt-9-11-day1-2-reg-22-23.pdf,deploy/всош/2022-23/reg/информатика
ВсОШ,iikt,"9,11",2022-23,региональный,задачи,tasks-iikt-9-11-day2-reg-22-23.pdf,deploy/всош/2022-23/reg/информатика
ВсОШ,chem,9,2022-23,региональный,решения,sol-chem-9-teor-reg-22-23.pdf,deploy/всош/2022-23/reg/химия
ВсОШ,chem,9,2022-23,региональный,задачи,tasks-chem-9-prak-reg-22-23.pdf,deploy/всош/2022-23/reg/химия
ВсОШ,chem,9,2022-23,региональный,задачи,tasks-chem-9-teor-reg-22-23.pdf,deploy/всош/2022-23/reg/химия
ВсОШ,chem,9,2022-23,региональный,решения,sol-chem-9-prak-reg-22-23.pdf,deploy/всош/2022-23/reg/химия
ВсОШ,math,9,2022-23,региональный,задачи,tasks-math-9-tur1-reg-22-23.pdf,deploy/всош/2022-23/reg/математика
ВсОШ,math,9,2022-23,региональный,задачи,tasks-math-9-tur2-reg-22-23.pdf,deploy/всош/2022-23/reg/математика
ВсОШ,math,11,2022-23,региональный,задачи,tasks-math-11-tur1-reg-22-23.pdf,deploy/всош/2022-23/reg/математика
ВсОШ,math,11,2022-23,региональный,решения,sol-math-11-tur1-reg-22-23.pdf,deploy/всош/2022-23/reg/математика
ВсОШ,math,11,2022-23,региональный,решения,sol-math-9-tur2-reg-22-23.pdf,deploy/всош/2022-23/reg/математика
ВсОШ,math,11,2022-23,региональный,решения,sol-math-11-tur2-reg-22-23.pdf,deploy/всош/2022-23/reg/математика
ВсОШ,math,11,2022-23,региональный,решения,sol-math-9-tur1-reg-22-23.pdf,deploy/всош/2022-23/reg/математика
ВсОШ,math,11,2022-23,региональный,задачи,tasks-math-11-tur2-reg-22-23.pdf,deploy/всош/2022-23/reg/математика
ВсОШ,math,11,2022-23,региональный,решения,sol-math-10-tur2-reg-22-23.pdf,deploy/всош/2022-23/reg/математика
ВсОШ,math,10,2022-23,региональный,задачи,tasks-math-10-tur2-reg-22-23.pdf,deploy/всош/2022-23/reg/математика
ВсОШ,math,10,2022-23,региональный,задачи,tasks-math-10-tur1-reg-22-23.pdf,deploy/всош/2022-23/reg/математика
ВсОШ,math,11,2022-23,региональный,решения,sol-math-10-tur1-reg-22-23.pdf,deploy/всош/2022-23/reg/математика
ВсОШ,phys,9,2022-23,региональный,контрольные данные,control_dan-phys-9-prak-reg-22-23.pdf,deploy/всош/2022-23/reg/физика
ВсОШ,phys,9,2022-23,региональный,задачи,tasks-phys-9-prak-reg-22-23.pdf,deploy/всош/2022-23/reg/физика
ВсОШ,phys,9,2022-23,региональный,решения,sol-phys-9-teor-reg-22-23.pdf,deploy/всош/2022-23/reg/физика
ВсОШ,phys,9,2022-23,региональный,решения,sol-phys-9-prak-reg-22-23.pdf,deploy/всош/2022-23/reg/физика
ВсОШ,phys,9,2022-23,региональный,задачи,tasks-phys-9-teor-reg-22-23.pdf,deploy/всош/2022-23/reg/физика
ВсОШ,russ,7,2022-23,муниципальный,ответы,ans-russ-7-mun-msk-22-23.pdf,deploy/всош/2022-23/mun/русский
ВсОШ,russ,8,2022-23,муниципальный,задачи,tasks-russ-8-mun-msk-22-23.pdf,deploy/всош/2022-23/mun/русский
ВсОШ,russ,9,2022-23,муниципальный,задачи,tasks-russ-9-mun-msk-22-23.pdf,deploy/всош/2022-23/mun/русский
ВсОШ,russ,8,2022-23,муниципальный,ответы,ans-russ-8-mun-msk-22-23.pdf,deploy/всош/2022-23/mun/русский
ВсОШ,russ,9,2022-23,муниципальный,ответы,ans-russ-9-mun-msk-22-23.pdf,deploy/всош/2022-23/mun/русский
ВсОШ,russ,7,2022-23,муниципальный,задачи,tasks-russ-7-mun-msk-22-23.pdf,deploy/всош/2022-23/mun/русский
ВсОШ,iikt,8,2022-23,муниципальный,задачи,tasks-iikt-7-8-mun-msk-22-23.pdf,deploy/всош/2022-23/mun/информатика
ВсОШ,iikt,8,2022-23,муниципальный,решения,sol-iikt-7-8-mun-msk-22-23.pdf,deploy/всош/2022-23/mun/информатика
ВсОШ,iikt,11,2022-23,муниципальный,решения,sol-iikt-9-11-mun-msk-22-23.pdf,deploy/всош/2022-23/mun/информатика
ВсОШ,iikt,11,2022-23,муниципальный,задачи,tasks-iikt-9-11-mun-msk-22-23.pdf,deploy/всош/2022-23/mun/информатика
ВсОШ,chem,"7,8",2022-23,муниципальный,задачи,tasks-chem-7-8-mun-msk-22-23.pdf,deploy/всош/2022-23/mun/химия
ВсОШ,chem,"7,8",2022-23,муниципальный,решения,sol-chem-7-8-mun-msk-22-23.pdf,deploy/всош/2022-23/mun/химия
ВсОШ,chem,9,2022-23,муниципальный,задачи,tasks-chem-9-mun-msk-22-23.pdf,deploy/всош/2022-23/mun/химия
ВсОШ,chem,9,2022-23,муниципальный,решения,sol-chem-9-mun-msk-22-23.pdf,deploy/всош/2022-23/mun/химия
ВсОШ,math,9,2022-23,муниципальный,задачи с решениями,taskssol-math-9-mun-msk-22-23.pdf,deploy/всош/2022-23/mun/математика
ВсОШ,math,8,2022-23,муниципальный,задачи с решениями,taskssol-math-8-mun-msk-22-23.pdf,deploy/всош/2022-23/mun/математика
ВсОШ,math,7,2022-23,муниципальный,задачи с решениями,taskssol-math-7-mun-msk-22-23.pdf,deploy/всош/2022-23/mun/математика
ВсОШ,phys,7,2022-23,муниципальный,ответы,ans-phys-7-mun-msk-22-23.pdf,deploy/всош/2022-23/mun/физика
ВсОШ,phys,8,2022-23,муниципальный,задачи,tasks-phys-8-mun-msk-22-23.pdf,deploy/всош/2022-23/mun/физика
ВсОШ,phys,9,2022-23,муниципальный,задачи,tasks-phys-9-mun-msk-22-23.pdf,deploy/всош/2022-23/mun/физика
ВсОШ,phys,8,2022-23,муниципальный,ответы,ans-phys-8-mun-msk-22-23.pdf,deploy/всош/2022-23/mun/физика
ВсОШ,phys,9,2022-23,муниципальный,ответы,ans-phys-9-mun-msk-22-23.pdf,deploy/всош/2022-23/mun/физика
ВсОШ,phys,7,2022-23,муниципальный,задачи,tasks-phys-7-mun-msk-22-23.pdf,deploy/всош/2022-23/mun/физика
ВсОШ,russ,9,2022-23,заключительный,задачи,tasks-russ-9-final-22-23.pdf,deploy/всош/2022-23/final/русский
ВсОШ,russ,9,2022-23,заключительный,ответы и критерии,anskrit-russ-9-final-22-23.pdf,deploy/всош/2022-23/final/русский
ВсОШ,iikt,"9,11",2022-23,заключительный,задачи,tasks-iikt-9-11-tur2-final-22-23.pdf,deploy/всош/2022-23/final/информатика
ВсОШ,iikt,"9,11",2022-23,заключительный,решения,sol-iikt-9-11-tur2-final-22-23.pdf,deploy/всош/2022-23/final/информатика
ВсОШ,iikt,"9,11",2022-23,заключительный,решения,sol-iikt-9-11-tur1-final-22-23.pdf,deploy/всош/2022-23/final/информатика
ВсОШ,iikt,"9,11",2022-23,заключительный,задачи,tasks-iikt-9-11-tur1-final-22-23.pdf,deploy/всош/2022-23/final/информатика
ВсОШ,chem,9,2022-23,заключительный,решения,sol-chem-9-prak-final-22-23.pdf,deploy/всош/2022-23/final/химия
ВсОШ,chem,11,2022-23,заключительный,решения,sol-chem-11-teor1-final-22-23.pdf,deploy/всош/2022-23/final/химия
ВсОШ,chem,9,2022-23,заключительный,задачи,tasks-chem-9-teor1-final-22-23.pdf,deploy/всош/2022-23/final/химия
ВсОШ,chem,10,2022-23,заключительный,задачи,tasks-chem-10-teor1-final-22-23.pdf,deploy/всош/2022-23/final/химия
ВсОШ,chem,10,2022-23,заключительный,решения,sol-chem-10-teor1-final-22-23.pdf,deploy/всош/2022-23/final/химия
ВсОШ,chem,10,2022-23,заключительный,задачи,tasks-chem-9-11-teor2-final-22-23.pdf,deploy/всош/2022-23/final/химия
ВсОШ,chem,9,2022-23,заключительный,решения,sol-chem-9-teor1-final-22-23.pdf,deploy/всош/2022-23/final/химия
ВсОШ,chem,9,2022-23,заключительный,задачи,tasks-chem-9-prak-final-22-23.pdf,deploy/всош/2022-23/final/химия
ВсОШ,chem,11,2022-23,заключительный,задачи,tasks-chem-11-teor1-final-22-23.pdf,deploy/всош/2022-23/final/химия
ВсОШ,chem,"9,10",2022-23,заключительный,решения,sol-chem-9-11-teor2-final-22-23.pdf,deploy/всош/2022-23/final/химия
ВсОШ,math,11,2022-23,заключительный,задачи,tasks-math-10-day2-final-22-23.pdf,deploy/всош/2022-23/final/математика
ВсОШ,math,11,2022-23,заключительный,решения,sol-math-11-day1-final-22-23.pdf,deploy/всош/2022-23/final/математика
ВсОШ,math,10,2022-23,заключительный,решения,sol-math-10-day1-final-22-23.pdf,deploy/всош/2022-23/final/математика
ВсОШ,math,11,2022-23,заключительный,задачи,tasks-math-11-day2-final-22-23.pdf,deploy/всош/2022-23/final/математика
ВсОШ,math,9,2022-23,заключительный,решения,sol-math-9-day2-final-22-23.pdf,deploy/всош/2022-23/final/математика
ВсОШ,math,9,2022-23,заключительный,задачи,tasks-math-9-day1-final-22-23.pdf,deploy/всош/2022-23/final/математика
ВсОШ,math,9,2022-23,заключительный,задачи,tasks-math-10-day1-final-22-23.pdf,deploy/всош/2022-23/final/математика
ВсОШ,math,11,2022-23,заключительный,решения,sol-math-11-day2-final-22-23.pdf,deploy/всош/2022-23/final/математика
ВсОШ,math,10,2022-23,заключительный,задачи,tasks-math-9-day2-final-22-23.pdf,deploy/всош/2022-23/final/математика
ВсОШ,math,9,2022-23,заключительный,решения,sol-math-9-day1-final-22-23.pdf,deploy/всош/2022-23/final/математика
ВсОШ,math,10,2022-23,заключительный,решения,sol-math-10-day2-final-22-23.pdf,deploy/всош/2022-23/final/математика
ВсОШ,math,10,2022-23,заключительный,задачи,tasks-math-11-day1-final-22-23.pdf,deploy/всош/2022-23/final/математика
ВсОШ,phys,9,2022-23,заключительный,задачи,tasks-phys-9-teor-final-22-23.pdf,deploy/всош/2022-23/final/физика
ВсОШ,phys,9,2022-23,заключительный,решения,sol-phys-9-prak-final-22-23.pdf,deploy/всош/2022-23/final/физика
ВсОШ,phys,9,2022-23,заключительный,критерии,krit-phys-9-prak-final-22-23.pdf,deploy/всош/2022-23/final/физика
ВсОШ,phys,9,2022-23,заключительный,задачи,tasks-phys-9-prak-final-22-23.pdf,deploy/всош/2022-23/final/физика
ВсОШ,phys,9,2022-23,заключительный,решения,sol-phys-9-teor-final-22-23.pdf,deploy/всош/2022-23/final/физика
ВсОШ,phys,9,2022-23,заключительный,критерии,krit-phys-9-teor-final-22-23.pdf,deploy/всош/2022-23/final/физика
ВсОШ,russ,"9,10",2022-23,пригласительный,задачи,tasks-russ-9-10-prigl-msk-22-23.pdf,deploy/всош/2022-23/prigl/русский
ВсОШ,russ,4,2022-23,пригласительный,ответы,ans-russ-4-prigl-msk-22-23.pdf,deploy/всош/2022-23/prigl/русский
ВсОШ,russ,3,2022-23,пригласительный,ответы,ans-russ-3-prigl-msk-22-23.pdf,deploy/всош/2022-23/prigl/русский
ВсОШ,russ,10,2022-23,пригласительный,ответы,ans-russ-9-10-prigl-msk-22-23.pdf,deploy/всош/2022-23/prigl/русский
ВсОШ,russ,4,2022-23,пригласительный,задачи,tasks-russ-4-prigl-msk-22-23.pdf,deploy/всош/2022-23/prigl/русский
ВсОШ,russ,6,2022-23,пригласительный,ответы,ans-russ-5-6-prigl-msk-22-23.pdf,deploy/всош/2022-23/prigl/русский
ВсОШ,russ,"5,6",2022-23,пригласительный,задачи,tasks-russ-5-6-prigl-msk-22-23.pdf,deploy/всош/2022-23/prigl/русский
ВсОШ,russ,3,2022-23,пригласительный,задачи,tasks-russ-3-prigl-msk-22-23.pdf,deploy/всош/2022-23/prigl/русский
ВсОШ,russ,"7,8",2022-23,пригласительный,задачи,tasks-russ-7-8-prigl-msk-22-23.pdf,deploy/всош/2022-23/prigl/русский
ВсОШ,russ,8,2022-23,пригласительный,ответы,ans-russ-7-8-prigl-msk-22-23.pdf,deploy/всош/2022-23/prigl/русский
ВсОШ,iikt,"6,7",2022-23,пригласительный,задачи,tasks-iikt-6-7-prigl-msk-22-23.pdf,deploy/всош/2022-23/prigl/информатика
ВсОШ,iikt,10,2022-23,пригласительный,решения,sol-iikt-8-10-prigl-msk-22-23.pdf,deploy/всош/2022-23/prigl/информатика
ВсОШ,iikt,"4,5",2022-23,пригласительный,задачи,tasks-iikt-4-5-prigl-msk-22-23.pdf,deploy/всош/2022-23/prigl/информатика
ВсОШ,iikt,5,2022-23,пригласительный,решения,sol-iikt-4-5-prigl-msk-22-23.pdf,deploy/всош/2022-23/prigl/информатика
ВсОШ,iikt,7,2022-23,пригласительный,решения,sol-iikt-6-7-prigl-msk-22-23.pdf,deploy/всош/2022-23/prigl/информатика
ВсОШ,iikt,"8,10",2022-23,пригласительный,задачи,tasks-iikt-8-10-prigl-msk-22-23.pdf,deploy/всош/2022-23/prigl/информатика
ВсОШ,chem,9,2022-23,пригласительный,ответы,ans-chem-9-prigl-msk-22-23.pdf,deploy/всош/2022-23/prigl/химия
ВсОШ,chem,8,2022-23,пригласительный,ответы,ans-chem-8-prigl-msk-22-23.pdf,deploy/всош/2022-23/prigl/химия
ВсОШ,chem,"6,7",2022-23,пригласительный,задачи,tasks-chem-6-7-prigl-msk-22-23.pdf,deploy/всош/2022-23/prigl/химия
ВсОШ,chem,7,2022-23,пригласительный,ответы,ans-chem-6-7-prigl-msk-22-23.pdf,deploy/всош/2022-23/prigl/химия
ВсОШ,chem,9,2022-23,пригласительный,задачи,tasks-chem-9-prigl-msk-22-23.pdf,deploy/всош/2022-23/prigl/химия
ВсОШ,chem,8,2022-23,пригласительный,задачи,tasks-chem-8-prigl-msk-22-23.pdf,deploy/всош/2022-23/prigl/химия
ВсОШ,math,3,2022-23,пригласительный,решения,sol-math-3-prigl-msk-22-23.pdf,deploy/всош/2022-23/prigl/математика
ВсОШ,math,3,2022-23,пригласительный,задачи,tasks-math-3-prigl-msk-22-23.pdf,deploy/всош/2022-23/prigl/математика
ВсОШ,math,4,2022-23,пригласительный,задачи,tasks-math-4-prigl-msk-22-23.pdf,deploy/всош/2022-23/prigl/математика
ВсОШ,math,7,2022-23,пригласительный,решения,sol-math-7-prigl-msk-22-23.pdf,deploy/всош/2022-23/prigl/математика
ВсОШ,math,6,2022-23,пригласительный,решения,sol-math-6-prigl-msk-22-23.pdf,deploy/всош/2022-23/prigl/математика
ВсОШ,math,5,2022-23,пригласительный,задачи,tasks-math-5-prigl-msk-22-23.pdf,deploy/всош/2022-23/prigl/математика
ВсОШ,math,5,2022-23,пригласительный,решения,sol-math-5-prigl-msk-22-23.pdf,deploy/всош/2022-23/prigl/математика
ВсОШ,math,6,2022-23,пригласительный,задачи,tasks-math-6-prigl-msk-22-23.pdf,deploy/всош/2022-23/prigl/математика
ВсОШ,math,7,2022-23,пригласительный,задачи,tasks-math-7-prigl-msk-22-23.pdf,deploy/всош/2022-23/prigl/математика
ВсОШ,math,4,2022-23,пригласительный,решения,sol-math-4-prigl-msk-22-23.pdf,deploy/всош/2022-23/prigl/математика
ВсОШ,math,9,2022-23,пригласительный,решения,sol-math-9-prigl-msk-22-23.pdf,deploy/всош/2022-23/prigl/математика
ВсОШ,math,8,2022-23,пригласительный,решения,sol-math-8-prigl-msk-22-23.pdf,deploy/всош/2022-23/prigl/математика
ВсОШ,math,8,2022-23,пригласительный,задачи,tasks-math-8-prigl-msk-22-23.pdf,deploy/всош/2022-23/prigl/математика
ВсОШ,math,9,2022-23,пригласительный,задачи,tasks-math-9-prigl-msk-22-23.pdf,deploy/всош/2022-23/prigl/математика
ВсОШ,phys,7,2022-23,пригласительный,задачи,tasks-phys-7-prigl-msk-22-23.pdf,deploy/всош/2022-23/prigl/физика
ВсОШ,phys,6,2022-23,пригласительный,задачи,tasks-phys-6-prigl-msk-22-23.pdf,deploy/всош/2022-23/prigl/физика
ВсОШ,phys,6,2022-23,пригласительный,решения,sol-phys-6-prigl-msk-22-23.pdf,deploy/всош/2022-23/prigl/физика
ВсОШ,phys,7,2022-23,пригласительный,решения,sol-phys-7-prigl-msk-22-23.pdf,deploy/всош/2022-23/prigl/физика
ВсОШ,phys,9,2022-23,пригласительный,задачи,tasks-phys-9-prigl-msk-22-23.pdf,deploy/всош/2022-23/prigl/физика
ВсОШ,phys,8,2022-23,пригласительный,задачи,tasks-phys-8-prigl-msk-22-23.pdf,deploy/всош/2022-23/prigl/физика
ВсОШ,phys,9,2022-23,пригласительный,решения,sol-phys-9-prigl-msk-22-23.pdf,deploy/всош/2022-23/prigl/физика
ВсОШ,russ,8,2022-23,школьный,ответы,ans-russ-7-8-sch-msk-22-23.pdf,deploy/всош/2022-23/school/русский
ВсОШ,russ,6,2022-23,школьный,задачи,tasks-russ-5-6-sch-msk-22-23.pdf,deploy/всош/2022-23/school/русский
ВсОШ,russ,10,2022-23,школьный,ответы,ans-russ-9-10-sch-msk-22-23.pdf,deploy/всош/2022-23/school/русский
ВсОШ,russ,4,2022-23,школьный,задачи,tasks-russ-4-sch-msk-22-23.pdf,deploy/всош/2022-23/school/русский
ВсОШ,russ,6,2022-23,школьный,ответы,ans-russ-5-6-sch-msk-22-23.pdf,deploy/всош/2022-23/school/русский
ВсОШ,russ,4,2022-23,школьный,ответы,ans-russ-4-sch-msk-22-23.pdf,deploy/всош/2022-23/school/русский
ВсОШ,russ,10,2022-23,школьный,задачи,tasks-russ-9-10-sch-msk-22-23.pdf,deploy/всош/2022-23/school/русский
ВсОШ,russ,8,2022-23,школьный,задачи,tasks-russ-7-8-sch-msk-22-23.pdf,deploy/всош/2022-23/school/русский
ВсОШ,iikt,6,2022-23,школьный,задачи,tasks-iikt-5-6-osn-sch-msk-22-23.pdf,deploy/всош/2022-23/school/информатика
ВсОШ,iikt,6,2022-23,школьный,решения,sol-iikt-5-6-osn-sch-msk-22-23.pdf,deploy/всош/2022-23/school/информатика
ВсОШ,iikt,11,2022-23,школьный,решения,sol-iikt-9-11-dop-sch-msk-22-23.pdf,deploy/всош/2022-23/school/информатика
ВсОШ,iikt,11,2022-23,школьный,решения,sol-iikt-9-11-osn-sch-msk-22-23.pdf,deploy/всош/2022-23/school/информатика
ВсОШ,iikt,"7,8",2022-23,школьный,задачи,tasks-iikt-7-8-dop-sch-msk-22-23.pdf,deploy/всош/2022-23/school/информатика
ВсОШ,iikt,8,2022-23,школьный,решения,sol-iikt-7-8-osn-sch-msk-22-23.pdf,deploy/всош/2022-23/school/информатика
ВсОШ,iikt,11,2022-23,школьный,задачи,tasks-iikt-9-11-dop-sch-msk-22-23.pdf,deploy/всош/2022-23/school/информатика
ВсОШ,iikt,8,2022-23,школьный,задачи,tasks-iikt-7-8-osn-sch-msk-22-23.pdf,deploy/всош/2022-23/school/информатика
ВсОШ,iikt,"7,8",2022-23,школьный,решения,sol-iikt-7-8-dop-sch-msk-22-23.pdf,deploy/всош/2022-23/school/информатика
ВсОШ,iikt,11,2022-23,школьный,задачи,tasks-iikt-9-11-osn-sch-msk-22-23.pdf,deploy/всош/2022-23/school/информатика
ВсОШ,chem,8,2022-23,школьный,ответы,ans-chem-7-8-sch-msk-22-23.pdf,deploy/всош/2022-23/school/химия
ВсОШ,chem,9,2022-23,школьный,ответы,ans-chem-9-sch-msk-22-23.pdf,deploy/всош/2022-23/school/химия
ВсОШ,chem,8,2022-23,школьный,задачи,tasks-chem-7-8-sch-msk-22-23.pdf,deploy/всош/2022-23/school/химия
ВсОШ,chem,9,2022-23,школьный,задачи,tasks-chem-9-sch-msk-22-23.pdf,deploy/всош/2022-23/school/химия
ВсОШ,math,5,2022-23,школьный,задачи с решениями,taskssol-math-4-11-msk-sch-22-23.pdf,deploy/всош/2022-23/school/математика
ВсОШ,phys,7,2022-23,школьный,задачи,tasks-phys-7-sch-msk-22-23.pdf,deploy/всош/2022-23/school/физика
ВсОШ,phys,7,2022-23,школьный,решения,sol-phys-7-sch-msk-22-23.pdf,deploy/всош/2022-23/school/физика
ВсОШ,phys,8,2022-23,школьный,задачи,tasks-phys-8-sch-msk-22-23.pdf,deploy/всош/2022-23/school/физика
ВсОШ,phys,9,2022-23,школьный,задачи,tasks-phys-9-sch-msk-22-23.pdf,deploy/всош/2022-23/school/физика
ВсОШ,phys,8,2022-23,школьный,решения,sol-phys-8-sch-msk-22-23.pdf,deploy/всош/2022-23/school/физика
ВсОШ,phys,9,2022-23,школьный,решения,sol-phys-9-sch-msk-22-23.pdf,deploy/всош/2022-23/school/физика
ВсОШ,russ,9,2015-16,региональный,ответы,ans-russ-9-reg-15-6.pdf,deploy/всош/2015-16/region/русский
ВсОШ,russ,9,2015-16,региональный,задачи,tasks-russ-9-reg-15-6.pdf,deploy/всош/2015-16/region/русский
ВсОШ,chem,9,2015-16,региональный,задачи,tasks-chem-9-prak-reg-15-6.pdf,deploy/всош/2015-16/region/химия
ВсОШ,chem,9,2015-16,региональный,задачи,tasks-chem-9-teor-reg-15-6.pdf,deploy/всош/2015-16/region/химия
ВсОШ,chem,9,2015-16,региональный,ответы,ans-chem-9-teor-reg-15-6.pdf,deploy/всош/2015-16/region/химия
ВсОШ,chem,9,2015-16,региональный,ответы,ans-chem-9-prak-reg-15-6.pdf,deploy/всош/2015-16/region/химия
ВсОШ,math,10,2015-16,региональный,ответы,ans-math-10-day2-reg-15-6.pdf,deploy/всош/2015-16/region/математика
ВсОШ,math,11,2015-16,региональный,ответы,ans-math-11-day2-reg-15-6.pdf,deploy/всош/2015-16/region/математика
ВсОШ,math,10,2015-16,региональный,задачи,tasks-math-10-day1-reg-15-6.pdf,deploy/всош/2015-16/region/математика
ВсОШ,math,9,2015-16,региональный,задачи,tasks-math-9-day1-reg-15-6.pdf,deploy/всош/2015-16/region/математика
ВсОШ,math,9,2015-16,региональный,ответы,ans-math-9-day2-reg-15-6.pdf,deploy/всош/2015-16/region/математика
ВсОШ,math,11,2015-16,региональный,задачи,tasks-math-11-day1-reg-15-6.pdf,deploy/всош/2015-16/region/математика
ВсОШ,math,9,2015-16,региональный,задачи,tasks-math-9-day2-reg-15-6.pdf,deploy/всош/2015-16/region/математика
ВсОШ,math,9,2015-16,региональный,ответы,ans-math-9-day1-reg-15-6.pdf,deploy/всош/2015-16/region/математика
ВсОШ,math,10,2015-16,региональный,задачи,tasks-math-10-day2-reg-15-6.pdf,deploy/всош/2015-16/region/математика
ВсОШ,math,11,2015-16,региональный,задачи,tasks-math-11-day2-reg-15-6.pdf,deploy/всош/2015-16/region/математика
ВсОШ,math,10,2015-16,региональный,ответы,ans-math-10-day1-reg-15-6.pdf,deploy/всош/2015-16/region/математика
ВсОШ,math,11,2015-16,региональный,ответы,ans-math-11-day1-reg-15-6.pdf,deploy/всош/2015-16/region/математика
ВсОШ,phys,9,2015-16,региональный,задачи,tasks-phys-9-teor-reg-15-6.pdf,deploy/всош/2015-16/region/физика
ВсОШ,phys,9,2015-16,региональный,задачи,tasks-phys-9-prak-reg-15-6.pdf,deploy/всош/2015-16/region/физика
ВсОШ,phys,9,2015-16,региональный,ответы,ans-phys-9-prak-reg-15-6.pdf,deploy/всош/2015-16/region/физика
ВсОШ,phys,9,2015-16,региональный,ответы,ans-phys-9-teor-reg-15-6.pdf,deploy/всош/2015-16/region/физика
ВсОШ,russ,8,2015-16,муниципальный,ответы,ans-russ-8-msk-mun-15-6.pdf,deploy/всош/2015-16/mun/русский
ВсОШ,russ,9,2015-16,муниципальный,задачи,tasks-russ-9-msk-mun-15-6.pdf,deploy/всош/2015-16/mun/русский
ВсОШ,russ,7,2015-16,муниципальный,ответы,ans-russ-7-msk-mun-15-6.pdf,deploy/всош/2015-16/mun/русский
ВсОШ,russ,9,2015-16,муниципальный,ответы,ans-russ-9-msk-mun-15-6.pdf,deploy/всош/2015-16/mun/русский
ВсОШ,russ,8,2015-16,муниципальный,задачи,tasks-russ-8-msk-mun-15-6.pdf,deploy/всош/2015-16/mun/русский
ВсОШ,russ,7,2015-16,муниципальный,задачи,tasks-russ-7-msk-mun-15-6.pdf,deploy/всош/2015-16/mun/русский
ВсОШ,chem,8,2015-16,муниципальный,задачи,tasks-chem-8-msk-mun-15-6.pdf,deploy/всош/2015-16/mun/химия
ВсОШ,chem,9,2015-16,муниципальный,ответы,ans-chem-9-msk-mun-15-6.pdf,deploy/всош/2015-16/mun/химия
ВсОШ,chem,9,2015-16,муниципальный,задачи,tasks-chem-9-msk-mun-15-6.pdf,deploy/всош/2015-16/mun/химия
ВсОШ,chem,8,2015-16,муниципальный,ответы,ans-chem-8-msk-mun-15-6.pdf,deploy/всош/2015-16/mun/химия
ВсОШ,math,9,2015-16,муниципальный,задачи,tasks-math-9-msk-mun-15-6.pdf,deploy/всош/2015-16/mun/математика
ВсОШ,math,8,2015-16,муниципальный,ответы,ans-math-8-msk-mun-15-6.pdf,deploy/всош/2015-16/mun/математика
ВсОШ,math,7,2015-16,муниципальный,ответы,ans-math-7-msk-mun-15-6.pdf,deploy/всош/2015-16/mun/математика
ВсОШ,math,8,2015-16,муниципальный,задачи,tasks-math-8-msk-mun-15-6.pdf,deploy/всош/2015-16/mun/математика
ВсОШ,math,9,2015-16,муниципальный,ответы,ans-math-9-msk-mun-15-6.pdf,deploy/всош/2015-16/mun/математика
ВсОШ,math,7,2015-16,муниципальный,задачи,tasks-math-7-msk-mun-15-6.pdf,deploy/всош/2015-16/mun/математика
ВсОШ,phys,7,2015-16,муниципальный,ответы,ans-phys-7-msk-mun-15-6.pdf,deploy/всош/2015-16/mun/физика
ВсОШ,phys,8,2015-16,муниципальный,ответы,ans-phys-8-msk-mun-15-6.pdf,deploy/всош/2015-16/mun/физика
ВсОШ,phys,9,2015-16,муниципальный,задачи,tasks-phys-9-msk-mun-15-6.pdf,deploy/всош/2015-16/mun/физика
ВсОШ,phys,7,2015-16,муниципальный,задачи,tasks-phys-7-msk-mun-15-6.pdf,deploy/всош/2015-16/mun/физика
ВсОШ,phys,9,2015-16,муниципальный,ответы,ans-phys-9-msk-mun-15-6.pdf,deploy/всош/2015-16/mun/физика
ВсОШ,phys,8,2015-16,муниципальный,задачи,tasks-phys-8-msk-mun-15-6.pdf,deploy/всош/2015-16/mun/физика
ВсОШ,russ,"10,11",2015-16,заключительный,ответы,ans-russ-9-11-tur2-final-15-6.pdf,deploy/всош/2015-16/final/русский
ВсОШ,russ,11,2015-16,заключительный,задачи,tasks-russ-11-tur1-final-15-6.pdf,deploy/всош/2015-16/final/русский
ВсОШ,russ,10,2015-16,заключительный,задачи,tasks-russ-10-tur1-final-15-6.pdf,deploy/всош/2015-16/final/русский
ВсОШ,russ,9,2015-16,заключительный,задачи,tasks-russ-9-tur1-final-15-6.pdf,deploy/всош/2015-16/final/русский
ВсОШ,russ,10,2015-16,заключительный,ответы,ans-russ-10-tur1-final-15-6.pdf,deploy/всош/2015-16/final/русский
ВсОШ,russ,11,2015-16,заключительный,ответы,ans-russ-11-tur1-final-15-6.pdf,deploy/всош/2015-16/final/русский
ВсОШ,russ,"9,11",2015-16,заключительный,задачи,tasks-russ-9-11-tur2-final-15-6.pdf,deploy/всош/2015-16/final/русский
ВсОШ,russ,9,2015-16,заключительный,ответы,ans-russ-9-tur1-final-15-6.pdf,deploy/всош/2015-16/final/русский
ВсОШ,iikt,"9,11",2015-16,заключительный,задачи,tasks-iikt-9-11-tur1-final-15-6.pdf,deploy/всош/2015-16/final/информатика
ВсОШ,iikt,"9,11",2015-16,заключительный,задачи,tasks-iikt-9-11-tur2-final-15-6.pdf,deploy/всош/2015-16/final/информатика
ВсОШ,chem,10,2015-16,заключительный,ответы,ans-chem-10-teor1-final-15-6.pdf,deploy/всош/2015-16/final/химия
ВсОШ,chem,10,2015-16,заключительный,задачи,tasks-chem-10-teor1-final-15-6.pdf,deploy/всош/2015-16/final/химия
ВсОШ,chem,11,2015-16,заключительный,ответы,ans-chem-11-teor1-final-15-6.pdf,deploy/всош/2015-16/final/химия
ВсОШ,chem,9,2015-16,заключительный,задачи,tasks-chem-9-prak-final-15-6.pdf,deploy/всош/2015-16/final/химия
ВсОШ,chem,11,2015-16,заключительный,задачи,tasks-chem-11-teor1-final-15-6.pdf,deploy/всош/2015-16/final/химия
ВсОШ,chem,"9,11",2015-16,заключительный,ответы,ans-chem-9-11-teor2-final-15-6.pdf,deploy/всош/2015-16/final/химия
ВсОШ,chem,9,2015-16,заключительный,ответы,ans-chem-9-teor1-final-15-6.pdf,deploy/всош/2015-16/final/химия
ВсОШ,chem,9,2015-16,заключительный,ответы,ans-chem-9-prak-final-15-6.pdf,deploy/всош/2015-16/final/химия
ВсОШ,chem,9,2015-16,заключительный,задачи,tasks-chem-9-teor1-final-15-6.pdf,deploy/всош/2015-16/final/химия
ВсОШ,chem,"9,11",2015-16,заключительный,задачи,tasks-chem-9-11-teor2-final-15-6.pdf,deploy/всош/2015-16/final/химия
ВсОШ,math,11,2015-16,заключительный,задачи,tasks-math-11-day1-final-15-6.pdf,deploy/всош/2015-16/final/математика
ВсОШ,math,10,2015-16,заключительный,задачи,tasks-math-10-day1-final-15-6.pdf,deploy/всош/2015-16/final/математика
ВсОШ,math,9,2015-16,заключительный,задачи,tasks-math-9-day1-final-15-6.pdf,deploy/всош/2015-16/final/математика
ВсОШ,math,10,2015-16,заключительный,задачи,tasks-math-10-day2-final-15-6.pdf,deploy/всош/2015-16/final/математика
ВсОШ,math,11,2015-16,заключительный,задачи,tasks-math-11-day2-final-15-6.pdf,deploy/всош/2015-16/final/математика
ВсОШ,math,9,2015-16,заключительный,задачи,tasks-math-9-day2-final-15-6.pdf,deploy/всош/2015-16/final/математика
ВсОШ,math,9,2015-16,заключительный,ответы,ans-math-9-day2-final-15-6.pdf,deploy/всош/2015-16/final/математика
ВсОШ,math,10,2015-16,заключительный,ответы,ans-math-10-day1-final-15-6.pdf,deploy/всош/2015-16/final/математика
ВсОШ,math,11,2015-16,заключительный,ответы,ans-math-11-day1-final-15-6.pdf,deploy/всош/2015-16/final/математика
ВсОШ,math,11,2015-16,заключительный,ответы,ans-math-11-day2-final-15-6.pdf,deploy/всош/2015-16/final/математика
ВсОШ,math,9,2015-16,заключительный,ответы,ans-math-9-day1-final-15-6.pdf,deploy/всош/2015-16/final/математика
ВсОШ,math,10,2015-16,заключительный,ответы,ans-math-10-day2-final-15-6.pdf,deploy/всош/2015-16/final/математика
ВсОШ,phys,9,2015-16,заключительный,ответы,ans-phys-9-teor-final-15-6.pdf,deploy/всош/2015-16/final/физика
ВсОШ,phys,9,2015-16,заключительный,ответы,ans-phys-9-prak-final-15-6.pdf,deploy/всош/2015-16/final/физика
ВсОШ,phys,9,2015-16,заключительный,задачи,tasks-phys-9-teor-final-15-6.pdf,deploy/всош/2015-16/final/физика
ВсОШ,phys,9,2015-16,заключительный,задачи,tasks-phys-9-prak-final-15-6.pdf,deploy/всош/2015-16/final/физика
ВсОШ,russ,7,2015-16,школьный,ответы,ans-russ-7-msk-sch-15-6.pdf,deploy/всош/2015-16/school/русский
ВсОШ,russ,6,2015-16,школьный,задачи,tasks-russ-6-msk-sch-15-6.pdf,deploy/всош/2015-16/school/русский
ВсОШ,russ,8,2015-16,школьный,ответы,ans-russ-8-msk-sch-15-6.pdf,deploy/всош/2015-16/school/русский
ВсОШ,russ,9,2015-16,школьный,задачи,tasks-russ-9-msk-sch-15-6.pdf,deploy/всош/2015-16/school/русский
ВсОШ,russ,6,2015-16,школьный,ответы,ans-russ-6-msk-sch-15-6.pdf,deploy/всош/2015-16/school/русский
ВсОШ,russ,7,2015-16,школьный,задачи,tasks-russ-7-msk-sch-15-6.pdf,deploy/всош/2015-16/school/русский
ВсОШ,russ,9,2015-16,школьный,ответы,ans-russ-9-msk-sch-15-6.pdf,deploy/всош/2015-16/school/русский
ВсОШ,russ,8,2015-16,школьный,задачи,tasks-russ-8-msk-sch-15-6.pdf,deploy/всош/2015-16/school/русский
ВсОШ,russ,5,2015-16,школьный,ответы,ans-russ-5-msk-sch-15-6.pdf,deploy/всош/2015-16/school/русский
ВсОШ,russ,5,2015-16,школьный,задачи,tasks-russ-5-msk-sch-15-6.pdf,deploy/всош/2015-16/school/русский
ВсОШ,iikt,11,2015-16,школьный,ответы,ans-iikt-9-11-msk-sch-15-6.pdf,deploy/всош/2015-16/school/информатика
ВсОШ,iikt,8,2015-16,школьный,ответы,ans-iikt-7-8-msk-sch-15-6.pdf,deploy/всош/2015-16/school/информатика
ВсОШ,iikt,6,2015-16,школьный,ответы,ans-iikt-6-msk-sch-15-6.pdf,deploy/всош/2015-16/school/информатика
ВсОШ,iikt,6,2015-16,школьный,задачи,tasks-iikt-6-msk-sch-15-6.pdf,deploy/всош/2015-16/school/информатика
ВсОШ,iikt,8,2015-16,школьный,задачи,tasks-iikt-7-8-msk-sch-15-6.pdf,deploy/всош/2015-16/school/информатика
ВсОШ,iikt,5,2015-16,школьный,задачи,tasks-iikt-5-msk-sch-15-6.pdf,deploy/всош/2015-16/school/информатика
ВсОШ,iikt,11,2015-16,школьный,задачи,tasks-iikt-9-11-msk-sch-15-6.pdf,deploy/всош/2015-16/school/информатика
ВсОШ,iikt,5,2015-16,школьный,ответы,ans-iikt-5-msk-sch-15-6.pdf,deploy/всош/2015-16/school/информатика
ВсОШ,chem,8,2015-16,школьный,ответы,ans-chem-7-8-msk-sch-15-6.pdf,deploy/всош/2015-16/school/химия
ВсОШ,chem,9,2015-16,школьный,ответы,ans-chem-9-msk-sch-15-6.pdf,deploy/всош/2015-16/school/химия
ВсОШ,chem,9,2015-16,школьный,задачи,tasks-chem-9-msk-sch-15-6.pdf,deploy/всош/2015-16/school/химия
ВсОШ,chem,8,2015-16,школьный,задачи,tasks-chem-7-8-msk-sch-15-6.pdf,deploy/всош/2015-16/school/химия
ВсОШ,math,5,2015-16,школьный,ответы,ans-math-5-msk-sch-15-6.pdf,deploy/всош/2015-16/school/математика
ВсОШ,math,5,2015-16,школьный,задачи,tasks-math-5-msk-sch-15-6.pdf,deploy/всош/2015-16/school/математика
ВсОШ,math,6,2015-16,школьный,задачи,tasks-math-6-msk-sch-15-6.pdf,deploy/всош/2015-16/school/математика
ВсОШ,math,7,2015-16,школьный,ответы,ans-math-7-msk-sch-15-6.pdf,deploy/всош/2015-16/school/математика
ВсОШ,math,9,2015-16,школьный,задачи,tasks-math-9-msk-sch-15-6.pdf,deploy/всош/2015-16/school/математика
ВсОШ,math,8,2015-16,школьный,ответы,ans-math-8-msk-sch-15-6.pdf,deploy/всош/2015-16/school/математика
ВсОШ,math,7,2015-16,школьный,задачи,tasks-math-7-msk-sch-15-6.pdf,deploy/всош/2015-16/school/математика
ВсОШ,math,6,2015-16,школьный,ответы,ans-math-6-msk-sch-15-6.pdf,deploy/всош/2015-16/school/математика
ВсОШ,math,8,2015-16,школьный,задачи,tasks-math-8-msk-sch-15-6.pdf,deploy/всош/2015-16/school/математика
ВсОШ,math,9,2015-16,школьный,ответы,ans-math-9-msk-sch-15-6.pdf,deploy/всош/2015-16/school/математика
ВсОШ,phys,8,2015-16,школьный,ответы,ans-phys-8-msk-sch-15-6.pdf,deploy/всош/2015-16/school/физика
ВсОШ,phys,9,2015-16,школьный,задачи,tasks-phys-9-msk-sch-15-6.pdf,deploy/всош/2015-16/school/физика
ВсОШ,phys,7,2015-16,школьный,ответы,ans-phys-7-msk-sch-15-6.pdf,deploy/всош/2015-16/school/физика
ВсОШ,phys,9,2015-16,школьный,ответы,ans-phys-9-msk-sch-15-6.pdf,deploy/всош/2015-16/school/физика
ВсОШ,phys,8,2015-16,школьный,задачи,tasks-phys-8-msk-sch-15-6.pdf,deploy/всош/2015-16/school/физика
ВсОШ,phys,7,2015-16,школьный,задачи,tasks-phys-7-msk-sch-15-6.pdf,deploy/всош/2015-16/school/физика
ВсОШ,russ,9,2025-26,региональный,задачи,tasks-russ-9-reg-25-26.pdf,deploy/всош/2025-26/reg/русский
ВсОШ,russ,9,2025-26,региональный,ответы,ans-russ-9-reg-25-26.pdf,deploy/всош/2025-26/reg/русский
ВсОШ,iikt,"9,11",2025-26,региональный,ответы,ans-iikt-9-11-day1-2-reg-25-26.pdf,deploy/всош/2025-26/reg/информатика
ВсОШ,iikt,"9,11",2025-26,региональный,задачи,tasks-iikt-9-11-day2-reg-25-26.pdf,deploy/всош/2025-26/reg/информатика
ВсОШ,iikt,"9,11",2025-26,региональный,задачи,tasks-iikt-9-11-day1-reg-25-26.pdf,deploy/всош/2025-26/reg/информатика
ВсОШ,iikt,11,2025-26,региональный,задачи,tasks-ai-9-11-tur2-reg-25-26.pdf,deploy/всош/2025-26/reg/информатика
ВсОШ,iikt,11,2025-26,региональный,задачи,tasks-ai-9-11-tur1-reg-25-26.pdf,deploy/всош/2025-26/reg/информатика
ВсОШ,chem,9,2025-26,региональный,задачи,tasks-chem-9-teor-reg-25-26.pdf,deploy/всош/2025-26/reg/химия
ВсОШ,chem,9,2025-26,региональный,решения,sol-chem-9-prak-reg-25-26.pdf,deploy/всош/2025-26/reg/химия
ВсОШ,chem,9,2025-26,региональный,решения,sol-chem-9-teor-reg-25-26.pdf,deploy/всош/2025-26/reg/химия
ВсОШ,chem,9,2025-26,региональный,задачи,tasks-chem-9-prak-reg-25-26.pdf,deploy/всош/2025-26/reg/химия
ВсОШ,math,9,2025-26,региональный,задачи,tasks-math-9-11-day2-reg-25-26.pdf,deploy/всош/2025-26/reg/математика
ВсОШ,math,9,2025-26,региональный,задачи,tasks-math-9-11-day1-reg-25-26.pdf,deploy/всош/2025-26/reg/математика
ВсОШ,math,11,2025-26,региональный,решения,sol-math-9-11-day1-reg-25-26.pdf,deploy/всош/2025-26/reg/математика
ВсОШ,math,11,2025-26,региональный,решения,sol-math-9-11-day2-reg-25-26.pdf,deploy/всош/2025-26/reg/математика
ВсОШ,phys,9,2025-26,региональный,решения,sol-phys-9-prak-reg-25-26.pdf,deploy/всош/2025-26/reg/физика
ВсОШ,phys,9,2025-26,региональный,задачи,tasks-phys-9-teor-reg-25-26.pdf,deploy/всош/2025-26/reg/физика
ВсОШ,phys,9,2025-26,региональный,задачи,tasks-phys-9-prak-reg-25-26.pdf,deploy/всош/2025-26/reg/физика
ВсОШ,phys,9,2025-26,региональный,решения,sol-phys-9-teor-reg-25-26.pdf,deploy/всош/2025-26/reg/физика
ВсОШ,phys,"7,11",2025-26,региональный,задачи с решениями,taskssol-phys-7-11-teor-reg-25-26.pdf,deploy/всош/2025-26/reg/физика
ВсОШ,phys,"7,11",2025-26,региональный,задачи с решениями,taskssol-phys-7-11-prak-reg-25-26.pdf,deploy/всош/2025-26/reg/физика
ВсОШ,russ,7,2025-26,муниципальный,задачи,tasks-russ-7-mun-msk-25-26.pdf,deploy/всош/2025-26/mun/русский
ВсОШ,russ,9,2025-26,муниципальный,ответы,ans-russ-9-mun-msk-25-26.pdf,deploy/всош/2025-26/mun/русский
ВсОШ,russ,8,2025-26,муниципальный,ответы,ans-russ-8-mun-msk-25-26.pdf,deploy/всош/2025-26/mun/русский
ВсОШ,russ,9,2025-26,муниципальный,задачи,tasks-russ-9-mun-msk-25-26.pdf,deploy/всош/2025-26/mun/русский
ВсОШ,russ,8,2025-26,муниципальный,задачи,tasks-russ-8-mun-msk-25-26.pdf,deploy/всош/2025-26/mun/русский
ВсОШ,russ,7,2025-26,муниципальный,ответы,ans-russ-7-mun-msk-25-26.pdf,deploy/всош/2025-26/mun/русский
ВсОШ,iikt,"9,11",2025-26,муниципальный,задачи,tasks-iikt-9-11-mun-msk-25-26.pdf,deploy/всош/2025-26/mun/информатика
ВсОШ,iikt,"9,11",2025-26,муниципальный,задачи,tasks-ai-9-11-mun-msk-25-26.pdf,deploy/всош/2025-26/mun/информатика
ВсОШ,iikt,"7,8",2025-26,муниципальный,задачи,tasks-ai-7-8-mun-msk-25-26.pdf,deploy/всош/2025-26/mun/информатика
ВсОШ,iikt,"9,11",2025-26,муниципальный,решения,sol-iikt-9-11-mun-msk-25-26.pdf,deploy/всош/2025-26/mun/информатика
ВсОШ,iikt,8,2025-26,муниципальный,решения,sol-iikt-7-8-mun-msk-25-26.pdf,deploy/всош/2025-26/mun/информатика
ВсОШ,iikt,8,2025-26,муниципальный,задачи,tasks-iikt-7-8-mun-msk-25-26.pdf,deploy/всош/2025-26/mun/информатика
ВсОШ,iikt,8,2025-26,муниципальный,задачи,tasks-robo-7-8-teor-mun-msk-25-26.pdf,deploy/всош/2025-26/mun/информатика
ВсОШ,iikt,9,2025-26,муниципальный,задачи,tasks-robo-9-teor-mun-msk-25-26.pdf,deploy/всош/2025-26/mun/информатика
ВсОШ,chem,9,2025-26,муниципальный,решения,sol-chem-9-mun-msk-25-26.pdf,deploy/всош/2025-26/mun/химия
ВсОШ,chem,9,2025-26,муниципальный,задачи,tasks-chem-9-mun-msk-25-26.pdf,deploy/всош/2025-26/mun/химия
ВсОШ,chem,8,2025-26,муниципальный,решения,sol-chem-7-8-mun-msk-25-26.pdf,deploy/всош/2025-26/mun/химия
ВсОШ,chem,8,2025-26,муниципальный,задачи,tasks-chem-7-8-mun-msk-25-26.pdf,deploy/всош/2025-26/mun/химия
ВсОШ,math,8,2025-26,муниципальный,решения,sol-math-8-mun-msk-25-26.pdf,deploy/всош/2025-26/mun/математика
ВсОШ,math,9,2025-26,муниципальный,решения,sol-math-9-mun-msk-25-26.pdf,deploy/всош/2025-26/mun/математика
ВсОШ,math,8,2025-26,муниципальный,задачи,tasks-math-8-mun-msk-25-26.pdf,deploy/всош/2025-26/mun/математика
ВсОШ,math,9,2025-26,муниципальный,задачи,tasks-math-9-mun-msk-25-26.pdf,deploy/всош/2025-26/mun/математика
ВсОШ,math,7,2025-26,муниципальный,решения,sol-math-7-mun-msk-25-26.pdf,deploy/всош/2025-26/mun/математика
ВсОШ,math,7,2025-26,муниципальный,задачи,tasks-math-7-mun-msk-25-26.pdf,deploy/всош/2025-26/mun/математика
ВсОШ,phys,7,2025-26,муниципальный,задачи,tasks-phys-7-mun-msk-25-26.pdf,deploy/всош/2025-26/mun/физика
ВсОШ,phys,7,2025-26,муниципальный,решения,sol-phys-7-mun-msk-25-26.pdf,deploy/всош/2025-26/mun/физика
ВсОШ,phys,9,2025-26,муниципальный,задачи,tasks-phys-9-mun-msk-25-26.pdf,deploy/всош/2025-26/mun/физика
ВсОШ,phys,8,2025-26,муниципальный,задачи,tasks-phys-8-mun-msk-25-26.pdf,deploy/всош/2025-26/mun/физика
ВсОШ,phys,9,2025-26,муниципальный,решения,sol-phys-9-mun-msk-25-26.pdf,deploy/всош/2025-26/mun/физика
ВсОШ,phys,8,2025-26,муниципальный,решения,sol-phys-8-mun-msk-25-26.pdf,deploy/всош/2025-26/mun/физика
ВсОШ,russ,9,2025-26,заключительный,ответы,ans-russ-9-final-25-26.pdf,deploy/всош/2025-26/final/русский
ВсОШ,russ,9,2025-26,заключительный,задачи,tasks-russ-9-final-25-26.pdf,deploy/всош/2025-26/final/русский
ВсОШ,iikt,10,2025-26,заключительный,задачи,tasks-ai-9-11-tur2-final-25-26.pdf,deploy/всош/2025-26/final/информатика
ВсОШ,iikt,9,2025-26,заключительный,задачи,tasks-robo-9-teor-final-25-26.pdf,deploy/всош/2025-26/final/информатика
ВсОШ,iikt,"9,11",2025-26,заключительный,задачи,tasks-robo-9-11-prak-day2-final-25-26.pdf,deploy/всош/2025-26/final/информатика
ВсОШ,iikt,"9,11",2025-26,заключительный,решения,sol-ai-9-11-tur1-final-25-26.pdf,deploy/всош/2025-26/final/информатика
ВсОШ,iikt,"9,11",2025-26,заключительный,задачи,tasks-iikt-9-11-day1-final-25-26.pdf,deploy/всош/2025-26/final/информатика
ВсОШ,iikt,"9,11",2025-26,заключительный,решения,sol-iikt-9-11-day1-final-25-26.pdf,deploy/всош/2025-26/final/информатика
ВсОШ,iikt,9,2025-26,заключительный,решения,sol-robo-9-teor-final-25-26.pdf,deploy/всош/2025-26/final/информатика
ВсОШ,iikt,"9,11",2025-26,заключительный,задачи,tasks-ai-9-11-tur1-final-25-26.pdf,deploy/всош/2025-26/final/информатика
ВсОШ,iikt,"9,11",2025-26,заключительный,решения,sol-iikt-9-11-day2-final-25-26.pdf,deploy/всош/2025-26/final/информатика
ВсОШ,iikt,"9,11",2025-26,заключительный,решения,sol-ai-9-11-tur2-final-25-26.pdf,deploy/всош/2025-26/final/информатика
ВсОШ,iikt,"9,11",2025-26,заключительный,задачи,tasks-robo-9-11-prak-day1-final-25-26.pdf,deploy/всош/2025-26/final/информатика
ВсОШ,iikt,"9,11",2025-26,заключительный,задачи,tasks-iikt-9-11-day2-final-25-26.pdf,deploy/всош/2025-26/final/информатика
ВсОШ,iikt,9,2025-26,заключительный,задачи,tasks-robo-9-11-project-final-25-26.pdf,deploy/всош/2025-26/final/информатика
ВсОШ,chem,9,2025-26,заключительный,решения,sol-chem-9-teor-tur1-final-25-26.pdf,deploy/всош/2025-26/final/химия
ВсОШ,chem,10,2025-26,заключительный,задачи,tasks-chem-9-11-teor-tur2-final-25-26.pdf,deploy/всош/2025-26/final/химия
ВсОШ,chem,10,2025-26,заключительный,решения,sol-chem-10-teor-tur1-final-25-26.pdf,deploy/всош/2025-26/final/химия
ВсОШ,chem,9,2025-26,заключительный,задачи,tasks-chem-9-prak-final-25-26.pdf,deploy/всош/2025-26/final/химия
ВсОШ,chem,10,2025-26,заключительный,задачи,tasks-chem-10-teor-tur1-final-25-26.pdf,deploy/всош/2025-26/final/химия
ВсОШ,chem,"9,11",2025-26,заключительный,решения,sol-chem-9-11-teor-tur2-final-25-26.pdf,deploy/всош/2025-26/final/химия
ВсОШ,chem,11,2025-26,заключительный,задачи,tasks-chem-11-teor-tur1-final-25-26.pdf,deploy/всош/2025-26/final/химия
ВсОШ,chem,11,2025-26,заключительный,решения,sol-chem-11-teor-tur1-final-25-26.pdf,deploy/всош/2025-26/final/химия
ВсОШ,chem,9,2025-26,заключительный,решения,sol-chem-9-prak-final-25-26.pdf,deploy/всош/2025-26/final/химия
ВсОШ,chem,9,2025-26,заключительный,задачи,tasks-chem-9-teor-tur1-final-25-26.pdf,deploy/всош/2025-26/final/химия
ВсОШ,math,11,2025-26,заключительный,задачи,tasks-math-11-day1-final-25-26.pdf,deploy/всош/2025-26/final/математика
ВсОШ,math,10,2025-26,заключительный,решения,sol-math-10-day2-final-25-26.pdf,deploy/всош/2025-26/final/математика
ВсОШ,math,9,2025-26,заключительный,задачи,tasks-math-9-day2-final-25-26.pdf,deploy/всош/2025-26/final/математика
ВсОШ,math,9,2025-26,заключительный,решения,sol-math-9-day1-final-25-26.pdf,deploy/всош/2025-26/final/математика
ВсОШ,math,11,2025-26,заключительный,решения,sol-math-11-day2-final-25-26.pdf,deploy/всош/2025-26/final/математика
ВсОШ,math,10,2025-26,заключительный,задачи,tasks-math-10-day1-final-25-26.pdf,deploy/всош/2025-26/final/математика
ВсОШ,math,9,2025-26,заключительный,критерии,krit-math-9-final-25-26.pdf,deploy/всош/2025-26/final/математика
ВсОШ,math,9,2025-26,заключительный,решения,sol-math-9-day2-final-25-26.pdf,deploy/всош/2025-26/final/математика
ВсОШ,math,9,2025-26,заключительный,задачи,tasks-math-9-day1-final-25-26.pdf,deploy/всош/2025-26/final/математика
ВсОШ,math,11,2025-26,заключительный,задачи,tasks-math-11-day2-final-25-26.pdf,deploy/всош/2025-26/final/математика
ВсОШ,math,10,2025-26,заключительный,решения,sol-math-10-day1-final-25-26.pdf,deploy/всош/2025-26/final/математика
ВсОШ,math,11,2025-26,заключительный,решения,sol-math-11-day1-final-25-26.pdf,deploy/всош/2025-26/final/математика
ВсОШ,math,10,2025-26,заключительный,задачи,tasks-math-10-day2-final-25-26.pdf,deploy/всош/2025-26/final/математика
ВсОШ,phys,9,2025-26,заключительный,решения,sol-phys-9-teor-final-25-26.pdf,deploy/всош/2025-26/final/физика
ВсОШ,phys,9,2025-26,заключительный,задачи,tasks-phys-9-prak-final-25-26.pdf,deploy/всош/2025-26/final/физика
ВсОШ,phys,9,2025-26,заключительный,решения,sol-phys-9-prak-final-25-26.pdf,deploy/всош/2025-26/final/физика
ВсОШ,phys,9,2025-26,заключительный,задачи,tasks-phys-9-teor-final-25-26.pdf,deploy/всош/2025-26/final/физика
ВсОШ,russ,8,2025-26,пригласительный,задачи,tasks-russ-7-8-prigl-msk-25-26.pdf,deploy/всош/2025-26/prigl/русский
ВсОШ,russ,8,2025-26,пригласительный,ответы,ans-russ-7-8-prigl-msk-25-26.pdf,deploy/всош/2025-26/prigl/русский
ВсОШ,russ,3,2025-26,пригласительный,задачи,tasks-russ-3-prigl-msk-25-26.pdf,deploy/всош/2025-26/prigl/русский
ВсОШ,russ,6,2025-26,пригласительный,ответы,ans-russ-5-6-prigl-msk-25-26.pdf,deploy/всош/2025-26/prigl/русский
ВсОШ,russ,6,2025-26,пригласительный,задачи,tasks-russ-5-6-prigl-msk-25-26.pdf,deploy/всош/2025-26/prigl/русский
ВсОШ,russ,10,2025-26,пригласительный,ответы,ans-russ-9-10-prigl-msk-25-26.pdf,deploy/всош/2025-26/prigl/русский
ВсОШ,russ,4,2025-26,пригласительный,задачи,tasks-russ-4-prigl-msk-25-26.pdf,deploy/всош/2025-26/prigl/русский
ВсОШ,russ,3,2025-26,пригласительный,ответы,ans-russ-3-prigl-msk-25-26.pdf,deploy/всош/2025-26/prigl/русский
ВсОШ,russ,4,2025-26,пригласительный,ответы,ans-russ-4-prigl-msk-25-26.pdf,deploy/всош/2025-26/prigl/русский
ВсОШ,russ,10,2025-26,пригласительный,задачи,tasks-russ-9-10-prigl-msk-25-26.pdf,deploy/всош/2025-26/prigl/русский
ВсОШ,iikt,10,2025-26,пригласительный,задачи,tasks-iikt-8-10-prigl-msk-25-26.pdf,deploy/всош/2025-26/prigl/информатика
ВсОШ,iikt,7,2025-26,пригласительный,решения,sol-iikt-6-7-prigl-msk-25-26.pdf,deploy/всош/2025-26/prigl/информатика
ВсОШ,iikt,5,2025-26,пригласительный,решения,sol-iikt-4-5-prigl-msk-25-26.pdf,deploy/всош/2025-26/prigl/информатика
ВсОШ,iikt,5,2025-26,пригласительный,задачи,tasks-iikt-4-5-prigl-msk-25-26.pdf,deploy/всош/2025-26/prigl/информатика
ВсОШ,iikt,10,2025-26,пригласительный,решения,sol-iikt-8-10-prigl-msk-25-26.pdf,deploy/всош/2025-26/prigl/информатика
ВсОШ,iikt,7,2025-26,пригласительный,задачи,tasks-iikt-6-7-prigl-msk-25-26.pdf,deploy/всош/2025-26/prigl/информатика
ВсОШ,chem,9,2025-26,пригласительный,задачи,tasks-chem-9-prigl-msk-25-26.pdf,deploy/всош/2025-26/prigl/химия
ВсОШ,chem,8,2025-26,пригласительный,задачи,tasks-chem-8-prigl-msk-25-26.pdf,deploy/всош/2025-26/prigl/химия
ВсОШ,chem,7,2025-26,пригласительный,задачи,tasks-chem-7-prigl-msk-25-26.pdf,deploy/всош/2025-26/prigl/химия
ВсОШ,chem,6,2025-26,пригласительный,задачи,tasks-chem-6-prigl-msk-25-26.pdf,deploy/всош/2025-26/prigl/химия
ВсОШ,chem,7,2025-26,пригласительный,ответы,ans-chem-7-prigl-msk-25-26.pdf,deploy/всош/2025-26/prigl/химия
ВсОШ,chem,6,2025-26,пригласительный,ответы,ans-chem-6-prigl-msk-25-26.pdf,deploy/всош/2025-26/prigl/химия
ВсОШ,chem,9,2025-26,пригласительный,ответы,ans-chem-9-prigl-msk-25-26.pdf,deploy/всош/2025-26/prigl/химия
ВсОШ,chem,8,2025-26,пригласительный,ответы,ans-chem-8-prigl-msk-25-26.pdf,deploy/всош/2025-26/prigl/химия
ВсОШ,math,8,2025-26,пригласительный,задачи,tasks-math-8-prigl-msk-25-26.pdf,deploy/всош/2025-26/prigl/математика
ВсОШ,math,9,2025-26,пригласительный,задачи,tasks-math-9-prigl-msk-25-26.pdf,deploy/всош/2025-26/prigl/математика
ВсОШ,math,9,2025-26,пригласительный,решения,sol-math-9-prigl-msk-25-26.pdf,deploy/всош/2025-26/prigl/математика
ВсОШ,math,8,2025-26,пригласительный,решения,sol-math-8-prigl-msk-25-26.pdf,deploy/всош/2025-26/prigl/математика
ВсОШ,math,6,2025-26,пригласительный,задачи,tasks-math-6-prigl-msk-25-26.pdf,deploy/всош/2025-26/prigl/математика
ВсОШ,math,5,2025-26,пригласительный,решения,sol-math-5-prigl-msk-25-26.pdf,deploy/всош/2025-26/prigl/математика
ВсОШ,math,4,2025-26,пригласительный,решения,sol-math-4-prigl-msk-25-26.pdf,deploy/всош/2025-26/prigl/математика
ВсОШ,math,7,2025-26,пригласительный,задачи,tasks-math-7-prigl-msk-25-26.pdf,deploy/всош/2025-26/prigl/математика
ВсОШ,math,7,2025-26,пригласительный,решения,sol-math-7-prigl-msk-25-26.pdf,deploy/всош/2025-26/prigl/математика
ВсОШ,math,4,2025-26,пригласительный,задачи,tasks-math-4-prigl-msk-25-26.pdf,deploy/всош/2025-26/prigl/математика
ВсОШ,math,5,2025-26,пригласительный,задачи,tasks-math-5-prigl-msk-25-26.pdf,deploy/всош/2025-26/prigl/математика
ВсОШ,math,6,2025-26,пригласительный,решения,sol-math-6-prigl-msk-25-26.pdf,deploy/всош/2025-26/prigl/математика
ВсОШ,math,3,2025-26,пригласительный,задачи,tasks-math-3-prigl-msk-25-26.pdf,deploy/всош/2025-26/prigl/математика
ВсОШ,math,3,2025-26,пригласительный,решения,sol-math-3-prigl-msk-25-26.pdf,deploy/всош/2025-26/prigl/математика
ВсОШ,phys,5,2025-26,пригласительный,ответы,ans-phys-5-prigl-msk-25-26.pdf,deploy/всош/2025-26/prigl/физика
ВсОШ,phys,8,2025-26,пригласительный,решения,sol-phys-8-prigl-msk-25-26.pdf,deploy/всош/2025-26/prigl/физика
ВсОШ,phys,9,2025-26,пригласительный,решения,sol-phys-9-prigl-msk-25-26.pdf,deploy/всош/2025-26/prigl/физика
ВсОШ,phys,9,2025-26,пригласительный,задачи,tasks-phys-9-prigl-msk-25-26.pdf,deploy/всош/2025-26/prigl/физика
ВсОШ,phys,8,2025-26,пригласительный,задачи,tasks-phys-8-prigl-msk-25-26.pdf,deploy/всош/2025-26/prigl/физика
ВсОШ,phys,6,2025-26,пригласительный,решения,sol-phys-6-prigl-msk-25-26.pdf,deploy/всош/2025-26/prigl/физика
ВсОШ,phys,5,2025-26,пригласительный,задачи,tasks-phys-5-prigl-msk-25-26.pdf,deploy/всош/2025-26/prigl/физика
ВсОШ,phys,7,2025-26,пригласительный,решения,sol-phys-7-prigl-msk-25-26.pdf,deploy/всош/2025-26/prigl/физика
ВсОШ,phys,7,2025-26,пригласительный,задачи,tasks-phys-7-prigl-msk-25-26.pdf,deploy/всош/2025-26/prigl/физика
ВсОШ,phys,6,2025-26,пригласительный,задачи,tasks-phys-6-prigl-msk-25-26.pdf,deploy/всош/2025-26/prigl/физика
ВсОШ,russ,8,2025-26,школьный,задачи,tasks-russ-7-8-sch-msk-25-26.pdf,deploy/всош/2025-26/school/русский
ВсОШ,russ,10,2025-26,школьный,задачи,tasks-russ-9-10-sch-msk-25-26.pdf,deploy/всош/2025-26/school/русский
ВсОШ,russ,4,2025-26,школьный,ответы,ans-russ-4-sch-msk-25-26.pdf,deploy/всош/2025-26/school/русский
ВсОШ,russ,6,2025-26,школьный,ответы,ans-russ-5-6-sch-msk-25-26.pdf,deploy/всош/2025-26/school/русский
ВсОШ,russ,4,2025-26,школьный,задачи,tasks-russ-4-sch-msk-25-26.pdf,deploy/всош/2025-26/school/русский
ВсОШ,russ,10,2025-26,школьный,ответы,ans-russ-9-10-sch-msk-25-26.pdf,deploy/всош/2025-26/school/русский
ВсОШ,russ,6,2025-26,школьный,задачи,tasks-russ-5-6-sch-msk-25-26.pdf,deploy/всош/2025-26/school/русский
ВсОШ,russ,8,2025-26,школьный,ответы,ans-russ-7-8-sch-msk-25-26.pdf,deploy/всош/2025-26/school/русский
ВсОШ,iikt,11,2025-26,школьный,решения,sol-iikt-9-11-sch-msk-25-26.pdf,deploy/всош/2025-26/school/информатика
ВсОШ,iikt,8,2025-26,школьный,задачи,tasks-iikt-7-8-sch-msk-25-26.pdf,deploy/всош/2025-26/school/информатика
ВсОШ,iikt,8,2025-26,школьный,решения,sol-iikt-7-8-sch-msk-25-26.pdf,deploy/всош/2025-26/school/информатика
ВсОШ,iikt,6,2025-26,школьный,решения,sol-iikt-5-6-sch-msk-25-26.pdf,deploy/всош/2025-26/school/информатика
ВсОШ,iikt,6,2025-26,школьный,задачи,tasks-iikt-5-6-sch-msk-25-26.pdf,deploy/всош/2025-26/school/информатика
ВсОШ,iikt,11,2025-26,школьный,задачи,tasks-iikt-9-11-sch-msk-25-26.pdf,deploy/всош/2025-26/school/информатика
ВсОШ,chem,9,2025-26,школьный,задачи,tasks-chem-9-sch-msk-25-26.pdf,deploy/всош/2025-26/school/химия
ВсОШ,chem,8,2025-26,школьный,задачи,tasks-chem-7-8-sch-msk-25-26.pdf,deploy/всош/2025-26/school/химия
ВсОШ,chem,8,2025-26,школьный,решения,sol-chem-7-8-sch-msk-25-26.pdf,deploy/всош/2025-26/school/химия
ВсОШ,chem,9,2025-26,школьный,решения,sol-chem-9-sch-msk-25-26.pdf,deploy/всош/2025-26/school/химия
ВсОШ,math,5,2025-26,школьный,решения,sol-math-5-sch-msk-25-26.pdf,deploy/всош/2025-26/school/математика
ВсОШ,math,7,2025-26,школьный,задачи,tasks-math-7-sch-msk-25-26.pdf,deploy/всош/2025-26/school/математика
ВсОШ,math,4,2025-26,школьный,решения,sol-math-4-sch-msk-25-26.pdf,deploy/всош/2025-26/school/математика
ВсОШ,math,6,2025-26,школьный,задачи,tasks-math-6-sch-msk-25-26.pdf,deploy/всош/2025-26/school/математика
ВсОШ,math,7,2025-26,школьный,решения,sol-math-7-sch-msk-25-26.pdf,deploy/всош/2025-26/school/математика
ВсОШ,math,5,2025-26,школьный,задачи,tasks-math-5-sch-msk-25-26.pdf,deploy/всош/2025-26/school/математика
ВсОШ,math,6,2025-26,школьный,решения,sol-math-6-sch-msk-25-26.pdf,deploy/всош/2025-26/school/математика
ВсОШ,math,4,2025-26,школьный,задачи,tasks-math-4-sch-msk-25-26.pdf,deploy/всош/2025-26/school/математика
ВсОШ,math,8,2025-26,школьный,задачи,tasks-math-8-sch-msk-25-26.pdf,deploy/всош/2025-26/school/математика
ВсОШ,math,9,2025-26,школьный,задачи,tasks-math-9-sch-msk-25-26.pdf,deploy/всош/2025-26/school/математика
ВсОШ,math,8,2025-26,школьный,решения,sol-math-8-sch-msk-25-26.pdf,deploy/всош/2025-26/school/математика
ВсОШ,math,9,2025-26,школьный,решения,sol-math-9-sch-msk-25-26.pdf,deploy/всош/2025-26/school/математика
ВсОШ,phys,9,2025-26,школьный,решения,sol-phys-9-sch-msk-25-26.pdf,deploy/всош/2025-26/school/физика
ВсОШ,phys,8,2025-26,школьный,решения,sol-phys-8-sch-msk-25-26.pdf,deploy/всош/2025-26/school/физика
ВсОШ,phys,9,2025-26,школьный,задачи,tasks-phys-9-sch-msk-25-26.pdf,deploy/всош/2025-26/school/физика
ВсОШ,phys,8,2025-26,школьный,задачи,tasks-phys-8-sch-msk-25-26.pdf,deploy/всош/2025-26/school/физика
ВсОШ,phys,7,2025-26,школьный,решения,sol-phys-7-sch-msk-25-26.pdf,deploy/всош/2025-26/school/физика
ВсОШ,phys,7,2025-26,школьный,задачи,tasks-phys-7-sch-msk-25-26.pdf,deploy/всош/2025-26/school/физика
ВсОШ,russ,9,2020-21,региональный,ответы,ans-russ-9-reg-20-21.pdf,deploy/всош/2020-21/reg/русский
ВсОШ,russ,9,2020-21,региональный,задачи,tasks-russ-9-reg-20-21.pdf,deploy/всош/2020-21/reg/русский
ВсОШ,iikt,"9,11",2020-21,региональный,ответы,ans-iikt-9-11-day1-2-reg-20-21.pdf,deploy/всош/2020-21/reg/информатика
ВсОШ,iikt,"9,11",2020-21,региональный,задачи,tasks-iikt-9-11-day2-reg-20-21.pdf,deploy/всош/2020-21/reg/информатика
ВсОШ,iikt,"9,11",2020-21,региональный,задачи,tasks-iikt-9-11-day1-reg-20-21.pdf,deploy/всош/2020-21/reg/информатика
ВсОШ,chem,9,2020-21,региональный,ответы,ans-chem-9-prak-reg-20-21.pdf,deploy/всош/2020-21/reg/химия
ВсОШ,chem,9,2020-21,региональный,ответы,ans-chem-9-teor-reg-20-21.pdf,deploy/всош/2020-21/reg/химия
ВсОШ,chem,9,2020-21,региональный,задачи,tasks-chem-9-prak-reg-20-21.pdf,deploy/всош/2020-21/reg/химия
ВсОШ,chem,9,2020-21,региональный,задачи,tasks-chem-9-teor-reg-20-21.pdf,deploy/всош/2020-21/reg/химия
ВсОШ,math,9,2020-21,региональный,задачи,tasks-math-9-day2-reg-20-21.pdf,deploy/всош/2020-21/reg/математика
ВсОШ,math,9,2020-21,региональный,задачи,tasks-math-9-day1-reg-20-21.pdf,deploy/всош/2020-21/reg/математика
ВсОШ,math,11,2020-21,региональный,задачи,tasks-math-11-day2-reg-20-21.pdf,deploy/всош/2020-21/reg/математика
ВсОШ,math,11,2020-21,региональный,решения,sol-math-9-day1-reg-20-21.pdf,deploy/всош/2020-21/reg/математика
ВсОШ,math,11,2020-21,региональный,решения,sol-math-11-day2-reg-20-21.pdf,deploy/всош/2020-21/reg/математика
ВсОШ,math,11,2020-21,региональный,решения,sol-math-9-day2-reg-20-21.pdf,deploy/всош/2020-21/reg/математика
ВсОШ,math,11,2020-21,региональный,решения,sol-math-11-day1-reg-20-21.pdf,deploy/всош/2020-21/reg/математика
ВсОШ,math,11,2020-21,региональный,задачи,tasks-math-11-day1-reg-20-21.pdf,deploy/всош/2020-21/reg/математика
ВсОШ,math,11,2020-21,региональный,решения,sol-math-10-day1-reg-20-21.pdf,deploy/всош/2020-21/reg/математика
ВсОШ,math,10,2020-21,региональный,задачи,tasks-math-10-day1-reg-20-21.pdf,deploy/всош/2020-21/reg/математика
ВсОШ,math,10,2020-21,региональный,задачи,tasks-math-10-day2-reg-20-21.pdf,deploy/всош/2020-21/reg/математика
ВсОШ,math,11,2020-21,региональный,решения,sol-math-10-day2-reg-20-21.pdf,deploy/всош/2020-21/reg/математика
ВсОШ,phys,10,2020-21,региональный,решения,sol-phys-10-tur1-reg-20-21.pdf,deploy/всош/2020-21/reg/физика
ВсОШ,phys,7,2020-21,региональный,задачи,tasks-phys-10-tur1-reg-20-21.pdf,deploy/всош/2020-21/reg/физика
ВсОШ,phys,7,2020-21,региональный,задачи,tasks-phys-10-tur2-reg-20-21.pdf,deploy/всош/2020-21/reg/физика
ВсОШ,phys,10,2020-21,региональный,решения,sol-phys-10-tur2-reg-20-21.pdf,deploy/всош/2020-21/reg/физика
ВсОШ,phys,7,2020-21,региональный,задачи,tasks-phys-9-tur1-reg-20-21.pdf,deploy/всош/2020-21/reg/физика
ВсОШ,phys,7,2020-21,региональный,задачи,tasks-phys-9-tur2-reg-20-21.pdf,deploy/всош/2020-21/reg/физика
ВсОШ,phys,9,2020-21,региональный,решения,sol-phys-9-tur2-reg-20-21.pdf,deploy/всош/2020-21/reg/физика
ВсОШ,phys,7,2020-21,региональный,задачи,tasks-phys-11-tur2-reg-20-21.pdf,deploy/всош/2020-21/reg/физика
ВсОШ,phys,11,2020-21,региональный,решения,sol-phys-11-tur2-reg-20-21.pdf,deploy/всош/2020-21/reg/физика
ВсОШ,phys,7,2020-21,региональный,решения,sol-phys-11-tur1-reg-20-21.pdf,deploy/всош/2020-21/reg/физика
ВсОШ,phys,7,2020-21,региональный,задачи,tasks-phys-11-tur1-reg-20-21.pdf,deploy/всош/2020-21/reg/физика
ВсОШ,phys,9,2020-21,региональный,решения,sol-phys-9-tur1-reg-20-21.pdf,deploy/всош/2020-21/reg/физика
ВсОШ,russ,7,2020-21,муниципальный,ответы,ans-russ-7-mun-msk-20-21.pdf,deploy/всош/2020-21/mun/русский
ВсОШ,russ,9,2020-21,муниципальный,критерии,krit-russ-9-mun-msk-20-21.pdf,deploy/всош/2020-21/mun/русский
ВсОШ,russ,9,2020-21,муниципальный,задачи,tasks-russ-9-mun-msk-20-21.pdf,deploy/всош/2020-21/mun/русский
ВсОШ,russ,8,2020-21,муниципальный,критерии,krit-russ-8-mun-msk-20-21.pdf,deploy/всош/2020-21/mun/русский
ВсОШ,russ,8,2020-21,муниципальный,задачи,tasks-russ-8-mun-msk-20-21.pdf,deploy/всош/2020-21/mun/русский
ВсОШ,russ,9,2020-21,муниципальный,ответы,ans-russ-9-mun-msk-20-21.pdf,deploy/всош/2020-21/mun/русский
ВсОШ,russ,8,2020-21,муниципальный,ответы,ans-russ-8-mun-msk-20-21.pdf,deploy/всош/2020-21/mun/русский
ВсОШ,russ,7,2020-21,муниципальный,критерии,krit-russ-7-mun-msk-20-21.pdf,deploy/всош/2020-21/mun/русский
ВсОШ,russ,7,2020-21,муниципальный,задачи,tasks-russ-7-mun-msk-20-21.pdf,deploy/всош/2020-21/mun/русский
ВсОШ,iikt,11,2020-21,муниципальный,решения,sol-iikt-9-11-mun-msk-20-21.pdf,deploy/всош/2020-21/mun/информатика
ВсОШ,iikt,8,2020-21,муниципальный,задачи,tasks-iikt-7-8-mun-msk-20-21.pdf,deploy/всош/2020-21/mun/информатика
ВсОШ,iikt,11,2020-21,муниципальный,решения,sol-iikt-7-8-mun-msk-20-21.pdf,deploy/всош/2020-21/mun/информатика
ВсОШ,iikt,"9,11",2020-21,муниципальный,задачи,tasks-iikt-9-11-mun-msk-20-21.pdf,deploy/всош/2020-21/mun/информатика
ВсОШ,chem,9,2020-21,муниципальный,критерии,krit-chem-9-mun-msk-20-21.pdf,deploy/всош/2020-21/mun/химия
ВсОШ,chem,8,2020-21,муниципальный,критерии,krit-chem-7-8-mun-msk-20-21.pdf,deploy/всош/2020-21/mun/химия
ВсОШ,chem,9,2020-21,муниципальный,задачи,tasks-chem-9-mun-msk-20-21.pdf,deploy/всош/2020-21/mun/химия
ВсОШ,chem,"7,8",2020-21,муниципальный,задачи,tasks-chem-7-8-mun-msk-20-21.pdf,deploy/всош/2020-21/mun/химия
ВсОШ,chem,"7,11",2020-21,муниципальный,справочные данные,sp_dan-chem-7-11-mun-msk-20-21.pdf,deploy/всош/2020-21/mun/химия
ВсОШ,chem,9,2020-21,муниципальный,ответы,ans-chem-9-mun-msk-20-21.pdf,deploy/всош/2020-21/mun/химия
ВсОШ,chem,8,2020-21,муниципальный,ответы,ans-chem-7-8-mun-msk-20-21.pdf,deploy/всош/2020-21/mun/химия
ВсОШ,math,7,2020-21,муниципальный,задачи,tasks-math-7-mun-msk-20-21.pdf,deploy/всош/2020-21/mun/математика
ВсОШ,math,8,2020-21,муниципальный,решения,sol-math-7-8-mun-msk-20-21.pdf,deploy/всош/2020-21/mun/математика
ВсОШ,math,8,2020-21,муниципальный,ответы,ans-math-8-mun-msk-20-21.pdf,deploy/всош/2020-21/mun/математика
ВсОШ,math,9,2020-21,муниципальный,ответы,ans-math-9-mun-msk-20-21.pdf,deploy/всош/2020-21/mun/математика
ВсОШ,math,9,2020-21,муниципальный,решения,sol-math-9-11-mun-msk-20-21.pdf,deploy/всош/2020-21/mun/математика
ВсОШ,math,8,2020-21,муниципальный,задачи,tasks-math-8-mun-msk-20-21.pdf,deploy/всош/2020-21/mun/математика
ВсОШ,math,9,2020-21,муниципальный,задачи,tasks-math-9-mun-msk-20-21.pdf,deploy/всош/2020-21/mun/математика
ВсОШ,math,7,2020-21,муниципальный,ответы,ans-math-7-mun-msk-20-21.pdf,deploy/всош/2020-21/mun/математика
ВсОШ,phys,7,2020-21,муниципальный,ответы,ans-phys-7-mun-msk-20-21.pdf,deploy/всош/2020-21/mun/физика
ВсОШ,phys,9,2020-21,муниципальный,задачи,tasks-phys-9-mun-msk-20-21.pdf,deploy/всош/2020-21/mun/физика
ВсОШ,phys,9,2020-21,муниципальный,критерии,krit-phys-9-mun-msk-20-21.pdf,deploy/всош/2020-21/mun/физика
ВсОШ,phys,8,2020-21,муниципальный,задачи,tasks-phys-8-mun-msk-20-21.pdf,deploy/всош/2020-21/mun/физика
ВсОШ,phys,8,2020-21,муниципальный,критерии,krit-phys-8-mun-msk-20-21.pdf,deploy/всош/2020-21/mun/физика
ВсОШ,phys,9,2020-21,муниципальный,ответы,ans-phys-9-mun-msk-20-21.pdf,deploy/всош/2020-21/mun/физика
ВсОШ,phys,8,2020-21,муниципальный,ответы,ans-phys-8-mun-msk-20-21.pdf,deploy/всош/2020-21/mun/физика
ВсОШ,phys,7,2020-21,муниципальный,задачи,tasks-phys-7-mun-msk-20-21.pdf,deploy/всош/2020-21/mun/физика
ВсОШ,phys,7,2020-21,муниципальный,критерии,krit-phys-7-mun-msk-20-21.pdf,deploy/всош/2020-21/mun/физика
ВсОШ,iikt,"9,11",2020-21,заключительный,задачи,tasks-iikt-9-11-tur2-final-20-21.pdf,deploy/всош/2020-21/final/информатика
ВсОШ,iikt,"9,11",2020-21,заключительный,разбор,razbor-iikt-9-11-tur2-final-20-21.pdf,deploy/всош/2020-21/final/информатика
ВсОШ,iikt,"9,11",2020-21,заключительный,задачи,tasks-iikt-9-11-tur1-final-20-21.pdf,deploy/всош/2020-21/final/информатика
ВсОШ,iikt,"9,11",2020-21,заключительный,разбор,razbor-iikt-9-11-tur1-final-20-21.pdf,deploy/всош/2020-21/final/информатика
ВсОШ,chem,11,2020-21,заключительный,решения,sol-chem-11-teor1-final-20-21.pdf,deploy/всош/2020-21/final/химия
ВсОШ,chem,9,2020-21,заключительный,решения,sol-chem-9-prak-final-20-21.pdf,deploy/всош/2020-21/final/химия
ВсОШ,chem,10,2020-21,заключительный,задачи,tasks-chem-10-teor1-final-20-21.pdf,deploy/всош/2020-21/final/химия
ВсОШ,chem,9,2020-21,заключительный,задачи,tasks-chem-9-teor1-final-20-21.pdf,deploy/всош/2020-21/final/химия
ВсОШ,chem,10,2020-21,заключительный,решения,sol-chem-10-teor1-final-20-21.pdf,deploy/всош/2020-21/final/химия
ВсОШ,chem,9,2020-21,заключительный,задачи,tasks-chem-9-prak-final-20-21.pdf,deploy/всош/2020-21/final/химия
ВсОШ,chem,9,2020-21,заключительный,решения,sol-chem-9-teor1-final-20-21.pdf,deploy/всош/2020-21/final/химия
ВсОШ,chem,10,2020-21,заключительный,задачи,tasks-chem-9-11-teor2-final-20-21.pdf,deploy/всош/2020-21/final/химия
ВсОШ,chem,11,2020-21,заключительный,задачи,tasks-chem-11-teor1-final-20-21.pdf,deploy/всош/2020-21/final/химия
ВсОШ,chem,"9,11",2020-21,заключительный,решения,sol-chem-9-11-teor2-final-20-21.pdf,deploy/всош/2020-21/final/химия
ВсОШ,math,10,2020-21,заключительный,задачи,tasks-math-10-day2-final-20-21.pdf,deploy/всош/2020-21/final/математика
ВсОШ,math,11,2020-21,заключительный,решения,sol-math-11-day1-final-20-21.pdf,deploy/всош/2020-21/final/математика
ВсОШ,math,9,2020-21,заключительный,решения,sol-math-9-day2-final-20-21.pdf,deploy/всош/2020-21/final/математика
ВсОШ,math,9,2020-21,заключительный,задачи,tasks-math-9-day1-final-20-21.pdf,deploy/всош/2020-21/final/математика
ВсОШ,math,10,2020-21,заключительный,решения,sol-math-10-day1-final-20-21.pdf,deploy/всош/2020-21/final/математика
ВсОШ,math,11,2020-21,заключительный,задачи,tasks-math-11-day2-final-20-21.pdf,deploy/всош/2020-21/final/математика
ВсОШ,math,10,2020-21,заключительный,задачи,tasks-math-10-day1-final-20-21.pdf,deploy/всош/2020-21/final/математика
ВсОШ,math,11,2020-21,заключительный,решения,sol-math-11-day2-final-20-21.pdf,deploy/всош/2020-21/final/математика
ВсОШ,math,10,2020-21,заключительный,решения,sol-math-10-day2-final-20-21.pdf,deploy/всош/2020-21/final/математика
ВсОШ,math,11,2020-21,заключительный,задачи,tasks-math-11-day1-final-20-21.pdf,deploy/всош/2020-21/final/математика
ВсОШ,math,9,2020-21,заключительный,задачи,tasks-math-9-day2-final-20-21.pdf,deploy/всош/2020-21/final/математика
ВсОШ,math,9,2020-21,заключительный,решения,sol-math-9-day1-final-20-21.pdf,deploy/всош/2020-21/final/математика
ВсОШ,phys,9,2020-21,заключительный,решения,sol-phys-9-prak-final-20-21.pdf,deploy/всош/2020-21/final/физика
ВсОШ,phys,9,2020-21,заключительный,задачи,tasks-phys-9-teor-final-20-21.pdf,deploy/всош/2020-21/final/физика
ВсОШ,phys,9,2020-21,заключительный,решения,sol-phys-9-teor-final-20-21.pdf,deploy/всош/2020-21/final/физика
ВсОШ,phys,9,2020-21,заключительный,задачи,tasks-phys-9-prak-final-20-21.pdf,deploy/всош/2020-21/final/физика
ВсОШ,russ,8,2020-21,пригласительный,ответы,ans-russ-8-prigl-msk-20-21.pdf,deploy/всош/2020-21/prigl/русский
ВсОШ,russ,9,2020-21,пригласительный,ответы,ans-russ-9-prigl-msk-20-21.pdf,deploy/всош/2020-21/prigl/русский
ВсОШ,russ,3,2020-21,пригласительный,ответы,ans-russ-3-prigl-msk-20-21.pdf,deploy/всош/2020-21/prigl/русский
ВсОШ,russ,4,2020-21,пригласительный,ответы,ans-russ-4-prigl-msk-20-21.pdf,deploy/всош/2020-21/prigl/русский
ВсОШ,russ,5,2020-21,пригласительный,ответы,ans-russ-5-prigl-msk-20-21.pdf,deploy/всош/2020-21/prigl/русский
ВсОШ,russ,6,2020-21,пригласительный,ответы,ans-russ-6-prigl-msk-20-21.pdf,deploy/всош/2020-21/prigl/русский
ВсОШ,russ,7,2020-21,пригласительный,ответы,ans-russ-7-prigl-msk-20-21.pdf,deploy/всош/2020-21/prigl/русский
ВсОШ,russ,3,2020-21,пригласительный,задачи,tasks-russ-3-prigl-msk-20-21.pdf,deploy/всош/2020-21/prigl/русский
ВсОШ,russ,4,2020-21,пригласительный,задачи,tasks-russ-4-prigl-msk-20-21.pdf,deploy/всош/2020-21/prigl/русский
ВсОШ,russ,5,2020-21,пригласительный,задачи,tasks-russ-5-prigl-msk-20-21.pdf,deploy/всош/2020-21/prigl/русский
ВсОШ,russ,6,2020-21,пригласительный,задачи,tasks-russ-6-prigl-msk-20-21.pdf,deploy/всош/2020-21/prigl/русский
ВсОШ,russ,7,2020-21,пригласительный,задачи,tasks-russ-7-prigl-msk-20-21.pdf,deploy/всош/2020-21/prigl/русский
ВсОШ,russ,8,2020-21,пригласительный,задачи,tasks-russ-8-prigl-msk-20-21.pdf,deploy/всош/2020-21/prigl/русский
ВсОШ,russ,9,2020-21,пригласительный,задачи,tasks-russ-9-prigl-msk-20-21.pdf,deploy/всош/2020-21/prigl/русский
ВсОШ,iikt,10,2020-21,пригласительный,ответы,ans-iikt-8-10-prigl-msk-20-21.pdf,deploy/всош/2020-21/prigl/информатика
ВсОШ,iikt,5,2020-21,пригласительный,задачи,tasks-iikt-4-5-prigl-msk-20-21.pdf,deploy/всош/2020-21/prigl/информатика
ВсОШ,iikt,5,2020-21,пригласительный,ответы,ans-iikt-4-5-prigl-msk-20-21.pdf,deploy/всош/2020-21/prigl/информатика
ВсОШ,iikt,7,2020-21,пригласительный,ответы,ans-iikt-6-7-prigl-msk-20-21.pdf,deploy/всош/2020-21/prigl/информатика
ВсОШ,iikt,7,2020-21,пригласительный,задачи,tasks-iikt-6-7-prigl-msk-20-21.pdf,deploy/всош/2020-21/prigl/информатика
ВсОШ,iikt,10,2020-21,пригласительный,задачи,tasks-iikt-8-10-prigl-msk-20-21.pdf,deploy/всош/2020-21/prigl/информатика
ВсОШ,chem,8,2020-21,пригласительный,ответы,ans-chem-8-prigl-msk-20-21.pdf,deploy/всош/2020-21/prigl/химия
ВсОШ,chem,9,2020-21,пригласительный,ответы,ans-chem-9-prigl-msk-20-21.pdf,deploy/всош/2020-21/prigl/химия
ВсОШ,chem,7,2020-21,пригласительный,ответы,ans-chem-7-prigl-msk-20-21.pdf,deploy/всош/2020-21/prigl/химия
ВсОШ,chem,7,2020-21,пригласительный,задачи,tasks-chem-7-prigl-msk-20-21.pdf,deploy/всош/2020-21/prigl/химия
ВсОШ,chem,8,2020-21,пригласительный,задачи,tasks-chem-8-prigl-msk-20-21.pdf,deploy/всош/2020-21/prigl/химия
ВсОШ,chem,9,2020-21,пригласительный,задачи,tasks-chem-9-prigl-msk-20-21.pdf,deploy/всош/2020-21/prigl/химия
ВсОШ,math,9,2020-21,пригласительный,ответы,ans-math-9-prigl-msk-20-21.pdf,deploy/всош/2020-21/prigl/математика
ВсОШ,math,8,2020-21,пригласительный,ответы,ans-math-8-prigl-msk-20-21.pdf,deploy/всош/2020-21/prigl/математика
ВсОШ,math,5,2020-21,пригласительный,ответы,ans-math-5-prigl-msk-20-21.pdf,deploy/всош/2020-21/prigl/математика
ВсОШ,math,4,2020-21,пригласительный,ответы,ans-math-4-prigl-msk-20-21.pdf,deploy/всош/2020-21/prigl/математика
ВсОШ,math,7,2020-21,пригласительный,ответы,ans-math-7-prigl-msk-20-21.pdf,deploy/всош/2020-21/prigl/математика
ВсОШ,math,6,2020-21,пригласительный,ответы,ans-math-6-prigl-msk-20-21.pdf,deploy/всош/2020-21/prigl/математика
ВсОШ,math,3,2020-21,пригласительный,ответы,ans-math-3-prigl-msk-20-21.pdf,deploy/всош/2020-21/prigl/математика
ВсОШ,math,5,2020-21,пригласительный,задачи,tasks-math-5-prigl-msk-20-21.pdf,deploy/всош/2020-21/prigl/математика
ВсОШ,math,4,2020-21,пригласительный,задачи,tasks-math-4-prigl-msk-20-21.pdf,deploy/всош/2020-21/prigl/математика
ВсОШ,math,7,2020-21,пригласительный,задачи,tasks-math-7-prigl-msk-20-21.pdf,deploy/всош/2020-21/prigl/математика
ВсОШ,math,6,2020-21,пригласительный,задачи,tasks-math-6-prigl-msk-20-21.pdf,deploy/всош/2020-21/prigl/математика
ВсОШ,math,3,2020-21,пригласительный,задачи,tasks-math-3-prigl-msk-20-21.pdf,deploy/всош/2020-21/prigl/математика
ВсОШ,math,9,2020-21,пригласительный,задачи,tasks-math-9-prigl-msk-20-21.pdf,deploy/всош/2020-21/prigl/математика
ВсОШ,math,8,2020-21,пригласительный,задачи,tasks-math-8-prigl-msk-20-21.pdf,deploy/всош/2020-21/prigl/математика
ВсОШ,phys,6,2020-21,пригласительный,задачи,tasks-phys-6-prigl-msk-20-21.pdf,deploy/всош/2020-21/prigl/физика
ВсОШ,phys,7,2020-21,пригласительный,задачи,tasks-phys-7-prigl-msk-20-21.pdf,deploy/всош/2020-21/prigl/физика
ВсОШ,phys,8,2020-21,пригласительный,задачи,tasks-phys-8-prigl-msk-20-21.pdf,deploy/всош/2020-21/prigl/физика
ВсОШ,phys,9,2020-21,пригласительный,задачи,tasks-phys-9-prigl-msk-20-21.pdf,deploy/всош/2020-21/prigl/физика
ВсОШ,phys,8,2020-21,пригласительный,ответы,ans-phys-8-prigl-msk-20-21.pdf,deploy/всош/2020-21/prigl/физика
ВсОШ,phys,9,2020-21,пригласительный,ответы,ans-phys-9-prigl-msk-20-21.pdf,deploy/всош/2020-21/prigl/физика
ВсОШ,phys,6,2020-21,пригласительный,ответы,ans-phys-6-prigl-msk-20-21.pdf,deploy/всош/2020-21/prigl/физика
ВсОШ,phys,7,2020-21,пригласительный,ответы,ans-phys-7-prigl-msk-20-21.pdf,deploy/всош/2020-21/prigl/физика
ВсОШ,russ,6,2020-21,школьный,задачи,tasks-russ-6-sch-msk-20-21.pdf,deploy/всош/2020-21/school/русский
ВсОШ,russ,7,2020-21,школьный,задачи,tasks-russ-7-sch-msk-20-21.pdf,deploy/всош/2020-21/school/русский
ВсОШ,russ,4,2020-21,школьный,задачи,tasks-russ-4-sch-msk-20-21.pdf,deploy/всош/2020-21/school/русский
ВсОШ,russ,9,2020-21,школьный,ответы,ans-russ-9-sch-msk-20-21.pdf,deploy/всош/2020-21/school/русский
ВсОШ,russ,5,2020-21,школьный,задачи,tasks-russ-5-sch-msk-20-21.pdf,deploy/всош/2020-21/school/русский
ВсОШ,russ,8,2020-21,школьный,ответы,ans-russ-8-sch-msk-20-21.pdf,deploy/всош/2020-21/school/русский
ВсОШ,russ,9,2020-21,школьный,задачи,tasks-russ-9-sch-msk-20-21.pdf,deploy/всош/2020-21/school/русский
ВсОШ,russ,4,2020-21,школьный,ответы,ans-russ-4-sch-msk-20-21.pdf,deploy/всош/2020-21/school/русский
ВсОШ,russ,8,2020-21,школьный,задачи,tasks-russ-8-sch-msk-20-21.pdf,deploy/всош/2020-21/school/русский
ВсОШ,russ,5,2020-21,школьный,ответы,ans-russ-5-sch-msk-20-21.pdf,deploy/всош/2020-21/school/русский
ВсОШ,russ,6,2020-21,школьный,ответы,ans-russ-6-sch-msk-20-21.pdf,deploy/всош/2020-21/school/русский
ВсОШ,russ,7,2020-21,школьный,ответы,ans-russ-7-sch-msk-20-21.pdf,deploy/всош/2020-21/school/русский
ВсОШ,iikt,6,2020-21,школьный,задачи,tasks-iikt-5-6-sch-msk-20-21.pdf,deploy/всош/2020-21/school/информатика
ВсОШ,iikt,"9,11",2020-21,школьный,задачи,tasks-iikt-9-11-sch-msk-20-21.pdf,deploy/всош/2020-21/school/информатика
ВсОШ,iikt,8,2020-21,школьный,ответы,ans-iikt-7-8-sch-msk-20-21.pdf,deploy/всош/2020-21/school/информатика
ВсОШ,iikt,11,2020-21,школьный,ответы,ans-iikt-9-11-sch-msk-20-21.pdf,deploy/всош/2020-21/school/информатика
ВсОШ,iikt,8,2020-21,школьный,задачи,tasks-iikt-7-8-sch-msk-20-21.pdf,deploy/всош/2020-21/school/информатика
ВсОШ,iikt,6,2020-21,школьный,ответы,ans-iikt-5-6-sch-msk-20-21.pdf,deploy/всош/2020-21/school/информатика
ВсОШ,chem,9,2020-21,школьный,ответы,ans-chem-9-sch-msk-20-21.pdf,deploy/всош/2020-21/school/химия
ВсОШ,chem,"7,8",2020-21,школьный,ответы,ans-chem-7-8-sch-msk-20-21.pdf,deploy/всош/2020-21/school/химия
ВсОШ,chem,9,2020-21,школьный,задачи,tasks-chem-9-sch-msk-20-21.pdf,deploy/всош/2020-21/school/химия
ВсОШ,chem,"7,8",2020-21,школьный,задачи,tasks-chem-7-8-sch-msk-20-21.pdf,deploy/всош/2020-21/school/химия
ВсОШ,math,5,2020-21,школьный,задачи,tasks-math-4-11-sch-msk-20-21.pdf,deploy/всош/2020-21/school/математика
ВсОШ,math,5,2020-21,школьный,ответы,ans-math-4-11-sch-msk-20-21.pdf,deploy/всош/2020-21/school/математика
ВсОШ,phys,7,2020-21,школьный,задачи,tasks-phys-7-sch-msk-20-21.pdf,deploy/всош/2020-21/school/физика
ВсОШ,phys,7,2020-21,школьный,решения,sol-phys-7-sch-msk-20-21.pdf,deploy/всош/2020-21/school/физика
ВсОШ,phys,9,2020-21,школьный,задачи,tasks-phys-9-sch-msk-20-21.pdf,deploy/всош/2020-21/school/физика
ВсОШ,phys,8,2020-21,школьный,задачи,tasks-phys-8-sch-msk-20-21.pdf,deploy/всош/2020-21/school/физика
ВсОШ,phys,9,2020-21,школьный,решения,sol-phys-9-sch-msk-20-21.pdf,deploy/всош/2020-21/school/физика
ВсОШ,phys,8,2020-21,школьный,решения,sol-phys-8-sch-msk-20-21.pdf,deploy/всош/2020-21/school/физика
mathus.ru,math,11,,олимпиадные листки,задачи,SAMMAT2022-11.pdf,deploy/материалы/mathus.ru
mathus.ru,math,6,,олимпиадные листки,задачи,FETT2019Math6.pdf,deploy/материалы/mathus.ru
mathus.ru,math,8,,олимпиадные листки,задачи,pvg8m2013.pdf,deploy/материалы/mathus.ru
mathus.ru,math,9,,олимпиадные листки,задачи,Phystech2019Phys9v2.pdf,deploy/материалы/mathus.ru
mathus.ru,math,,,олимпиадные листки,задачи,tl2011mat.pdf,deploy/материалы/mathus.ru
mathus.ru,math,6,,олимпиадные листки,задачи,FETT2018Math6.pdf,deploy/материалы/mathus.ru
mathus.ru,math,9,,олимпиадные листки,задачи,pvg9m2013.pdf,deploy/материалы/mathus.ru
mathus.ru,math,11,,олимпиадные листки,задачи,vseros1997f11zon.pdf,deploy/материалы/mathus.ru
mathus.ru,math,7,,олимпиадные листки,задачи,rosatom2015f7.pdf,deploy/материалы/mathus.ru
mathus.ru,math,7,,олимпиадные листки,задачи,Rosatom2015Math7.pdf,deploy/материалы/mathus.ru
mathus.ru,math,6,,олимпиадные листки,задачи,mp2005-6.pdf,deploy/материалы/mathus.ru
mathus.ru,math,9,,олимпиадные листки,задачи,VserosMath2019S9.pdf,deploy/материалы/mathus.ru
mathus.ru,math,9,,олимпиадные листки,задачи,9phys2023.pdf,deploy/материалы/mathus.ru
mathus.ru,math,10,,олимпиадные листки,задачи,BIBN2020Phys10.pdf,deploy/материалы/mathus.ru
mathus.ru,math,,,олимпиадные листки,задачи,kepler.pdf,deploy/материалы/mathus.ru
mathus.ru,math,,,олимпиадные листки,задачи,demoweb1.pdf,deploy/материалы/mathus.ru
mathus.ru,math,11,,олимпиадные листки,задачи,VserosMath2019R11.pdf,deploy/материалы/mathus.ru
mathus.ru,math,,,олимпиадные листки,задачи,EGEvictorina.pdf,deploy/материалы/mathus.ru
mathus.ru,math,,,олимпиадные листки,задачи,arcfunur.pdf,deploy/материалы/mathus.ru
mathus.ru,math,,,олимпиадные листки,задачи,sredlin.pdf,deploy/материалы/mathus.ru
mathus.ru,math,7,,олимпиадные листки,задачи,vseros2016f1-7.pdf,deploy/материалы/mathus.ru
mathus.ru,math,,,олимпиадные листки,задачи,dergeom.pdf,deploy/материалы/mathus.ru
mathus.ru,math,10,,олимпиадные листки,задачи,KFU2022Math10.pdf,deploy/материалы/mathus.ru
mathus.ru,math,9,,олимпиадные листки,задачи,VserosPhys2025M9.pdf,deploy/материалы/mathus.ru
mathus.ru,math,10,,олимпиадные листки,задачи,ITMO2023Phys10.pdf,deploy/материалы/mathus.ru
mathus.ru,math,10,,олимпиадные листки,задачи,kurchatov2014m10.pdf,deploy/материалы/mathus.ru
mathus.ru,math,9,,олимпиадные листки,задачи,Phystech2021Math9.pdf,deploy/материалы/mathus.ru
mathus.ru,math,10,,олимпиадные листки,задачи,vp2020m10.pdf,deploy/материалы/mathus.ru
mathus.ru,math,5,,олимпиадные листки,задачи,EH2022Math5.pdf,deploy/материалы/mathus.ru
mathus.ru,math,10,,олимпиадные листки,задачи,mfo2017-10tur0och.pdf,deploy/материалы/mathus.ru
mathus.ru,math,10,,олимпиадные листки,задачи,MosPhys2023tur2-10.pdf,deploy/материалы/mathus.ru
mathus.ru,math,9,,олимпиадные листки,задачи,Phystech2023Phys-otbor3-9.pdf,deploy/материалы/mathus.ru
mathus.ru,math,7,,олимпиадные листки,задачи,mfo2014-7tur0och.pdf,deploy/материалы/mathus.ru
mathus.ru,math,,,олимпиадные листки,задачи,DVImath2012.pdf,deploy/материалы/mathus.ru
mathus.ru,math,5,,олимпиадные листки,задачи,EH2023Math5.pdf,deploy/материалы/mathus.ru
mathus.ru,math,10,,олимпиадные листки,задачи,MosPhys2025c10.pdf,deploy/материалы/mathus.ru
mathus.ru,math,7,,олимпиадные листки,задачи,MosPhys2022tur2-7.pdf,deploy/материалы/mathus.ru
mathus.ru,math,,,олимпиадные листки,задачи,teorema-gaussa.pdf,deploy/материалы/mathus.ru
mathus.ru,math,8,,олимпиадные листки,задачи,Lom2021Math78.pdf,deploy/материалы/mathus.ru
mathus.ru,math,7,,олимпиадные листки,задачи,fizteh7f2014.pdf,deploy/материалы/mathus.ru
mathus.ru,math,9,,олимпиадные листки,задачи,ITMO2019Math9.pdf,deploy/материалы/mathus.ru
mathus.ru,math,11,,олимпиадные листки,задачи,vseros2014m4-11.pdf,deploy/материалы/mathus.ru
mathus.ru,math,10,,олимпиадные листки,задачи,SVB2023Math10v2.pdf,deploy/материалы/mathus.ru
mathus.ru,math,11,,олимпиадные листки,задачи,vp2016m11.pdf,deploy/материалы/mathus.ru
mathus.ru,math,,,олимпиадные листки,задачи,MIPTphys2000v2.pdf,deploy/материалы/mathus.ru
mathus.ru,math,11,,олимпиадные листки,задачи,vseros2016f3-11.pdf,deploy/материалы/mathus.ru
mathus.ru,math,11,,олимпиадные листки,задачи,vseros2015m4-11.pdf,deploy/материалы/mathus.ru
mathus.ru,math,10,,олимпиадные листки,задачи,BIBN2020Math10.pdf,deploy/материалы/mathus.ru
mathus.ru,math,10,,олимпиадные листки,задачи,mfo2009-10tur1.pdf,deploy/материалы/mathus.ru
mathus.ru,math,9,,олимпиадные листки,задачи,ITMO2018Math9.pdf,deploy/материалы/mathus.ru
mathus.ru,math,9,,олимпиадные листки,задачи,SVB2019Math9v3.pdf,deploy/материалы/mathus.ru
mathus.ru,math,11,,олимпиадные листки,задачи,vseros2017f3-11.pdf,deploy/материалы/mathus.ru
mathus.ru,math,7,,олимпиадные листки,задачи,mp2021-7.pdf,deploy/материалы/mathus.ru
mathus.ru,math,9,,олимпиадные листки,задачи,fizteh-online2016m9.pdf,deploy/материалы/mathus.ru
mathus.ru,math,11,,олимпиадные листки,задачи,FETT2017Math11.pdf,deploy/материалы/mathus.ru
mathus.ru,math,9,,олимпиадные листки,задачи,Belchonok2018Math9v2.pdf,deploy/материалы/mathus.ru
mathus.ru,math,8,,олимпиадные листки,задачи,mmo2009-8.pdf,deploy/материалы/mathus.ru
mathus.ru,math,7,,олимпиадные листки,задачи,EH2016Math7.pdf,deploy/материалы/mathus.ru
mathus.ru,math,,,олимпиадные листки,задачи,prkr.pdf,deploy/материалы/mathus.ru
mathus.ru,math,9,,олимпиадные листки,задачи,PVG2025Phys79.pdf,deploy/материалы/mathus.ru
mathus.ru,math,6,,олимпиадные листки,задачи,mp1994-6.pdf,deploy/материалы/mathus.ru
mathus.ru,math,7,,олимпиадные листки,задачи,EH2017Math7.pdf,deploy/материалы/mathus.ru
mathus.ru,math,9,,олимпиадные листки,задачи,vseros1993f9fin.pdf,deploy/материалы/mathus.ru
mathus.ru,math,10,,олимпиадные листки,задачи,VserosMath2024Z10.pdf,deploy/материалы/mathus.ru
mathus.ru,math,9,,олимпиадные листки,задачи,Vsesib2021Phys9.pdf,deploy/материалы/mathus.ru
mathus.ru,math,9,,олимпиадные листки,задачи,VserosPhys2022S9.pdf,deploy/материалы/mathus.ru
mathus.ru,math,10,,олимпиадные листки,задачи,KFU2022Phys10.pdf,deploy/материалы/mathus.ru
mathus.ru,math,9,,олимпиадные листки,задачи,Vsesib2020Phys9.pdf,deploy/материалы/mathus.ru
mathus.ru,math,10,,олимпиадные листки,задачи,ITMO2023Math10.pdf,deploy/материалы/mathus.ru
mathus.ru,math,8,,олимпиадные листки,задачи,mfo2006-8tur1.pdf,deploy/материалы/mathus.ru
mathus.ru,math,9,,олимпиадные листки,задачи,VserosMath2020R9.pdf,deploy/материалы/mathus.ru
mathus.ru,math,10,,олимпиадные листки,задачи,vseros1998f10zon.pdf,deploy/материалы/mathus.ru
mathus.ru,math,9,,олимпиадные листки,задачи,turgor2017ob89.pdf,deploy/материалы/mathus.ru
mathus.ru,math,10,,олимпиадные листки,задачи,SVB2022PhysOtbor10.pdf,deploy/материалы/mathus.ru
mathus.ru,math,7,,олимпиадные листки,задачи,vseros2018m2-7.pdf,deploy/материалы/mathus.ru
mathus.ru,math,,,олимпиадные листки,задачи,graphs-extr.pdf,deploy/материалы/mathus.ru
mathus.ru,math,7,,олимпиадные листки,задачи,Rosatom2022Phys7.pdf,deploy/материалы/mathus.ru
mathus.ru,math,,,олимпиадные листки,задачи,DVImath2022v1.pdf,deploy/материалы/mathus.ru
mathus.ru,math,10,,олимпиадные листки,задачи,fizteh-online2017m10.pdf,deploy/материалы/mathus.ru
mathus.ru,math,11,,олимпиадные листки,задачи,Rosatom2019Math11v1.pdf,deploy/материалы/mathus.ru
mathus.ru,math,9,,олимпиадные листки,задачи,Kurchatov2022Phys9.pdf,deploy/материалы/mathus.ru
mathus.ru,math,,,олимпиадные листки,задачи,evenness.pdf,deploy/материалы/mathus.ru
mathus.ru,math,8,,олимпиадные листки,задачи,mfo2012-8tur1.pdf,deploy/материалы/mathus.ru
mathus.ru,math,11,,олимпиадные листки,задачи,MosPhys2022tur1-11.pdf,deploy/материалы/mathus.ru
mathus.ru,math,7,,олимпиадные листки,задачи,Rosatom2023Phys7.pdf,deploy/материалы/mathus.ru
mathus.ru,math,6,,олимпиадные листки,задачи,PVG2023Math56.pdf,deploy/материалы/mathus.ru
mathus.ru,math,9,,олимпиадные листки,задачи,Kurchatov2023Phys9.pdf,deploy/материалы/mathus.ru
mathus.ru,math,9,,олимпиадные листки,задачи,Eng2022-9.pdf,deploy/материалы/mathus.ru
mathus.ru,math,,,олимпиадные листки,задачи,linrays.pdf,deploy/материалы/mathus.ru
mathus.ru,math,7,,олимпиадные листки,задачи,ustn2003-7.pdf,deploy/материалы/mathus.ru
mathus.ru,math,10,,олимпиадные листки,задачи,VserosMath2023R10.pdf,deploy/материалы/mathus.ru
mathus.ru,math,8,,олимпиадные листки,задачи,ITMO2026Math8.pdf,deploy/материалы/mathus.ru
mathus.ru,math,,,олимпиадные листки,задачи,mm1998-03.pdf,deploy/материалы/mathus.ru
mathus.ru,math,6,,олимпиадные листки,задачи,pvg2018m5-6v1b.pdf,deploy/материалы/mathus.ru
mathus.ru,math,,,олимпиадные листки,задачи,models.pdf,deploy/материалы/mathus.ru
mathus.ru,math,,,олимпиадные листки,задачи,bloki.pdf,deploy/материалы/mathus.ru
mathus.ru,math,11,,олимпиадные листки,задачи,BIBN2015Phys11.pdf,deploy/материалы/mathus.ru
mathus.ru,math,11,,олимпиадные листки,задачи,InnopolisOpen2024Math11.pdf,deploy/материалы/mathus.ru
mathus.ru,math,11,,олимпиадные листки,задачи,Phystech2020Phys11v1.pdf,deploy/материалы/mathus.ru
mathus.ru,math,8,,олимпиадные листки,задачи,pvg2017m7-8v3a.pdf,deploy/материалы/mathus.ru
mathus.ru,math,,,олимпиадные листки,задачи,MIPTphys2006v4.pdf,deploy/материалы/mathus.ru
mathus.ru,math,,,олимпиадные листки,задачи,SysUra.pdf,deploy/материалы/mathus.ru
mathus.ru,math,,,олимпиадные листки,задачи,emwaves.pdf,deploy/материалы/mathus.ru
mathus.ru,math,,,олимпиадные листки,задачи,euler2015-2.pdf,deploy/материалы/mathus.ru
mathus.ru,math,11,,олимпиадные листки,задачи,VserosMath2021M11.pdf,deploy/материалы/mathus.ru
mathus.ru,math,,,олимпиадные листки,задачи,povernat.pdf,deploy/материалы/mathus.ru
mathus.ru,math,8,,олимпиадные листки,задачи,SVB2021Math8v2.pdf,deploy/материалы/mathus.ru
mathus.ru,math,,,олимпиадные листки,задачи,MIPTmath1997v2.pdf,deploy/материалы/mathus.ru
mathus.ru,math,10,,олимпиадные листки,задачи,VP2026Phys10.pdf,deploy/материалы/mathus.ru
mathus.ru,math,9,,олимпиадные листки,задачи,pvg2018m9v2a.pdf,deploy/материалы/mathus.ru
mathus.ru,math,10,,олимпиадные листки,задачи,FETT2022Phys10.pdf,deploy/материалы/mathus.ru
mathus.ru,math,10,,олимпиадные листки,задачи,MosPhys2019tur0zaoch10.pdf,deploy/материалы/mathus.ru
mathus.ru,math,,,олимпиадные листки,задачи,AS.pdf,deploy/материалы/mathus.ru
mathus.ru,math,,,олимпиадные листки,задачи,prizma.pdf,deploy/материалы/mathus.ru
mathus.ru,math,9,,олимпиадные листки,задачи,Belchonok2022Math9v1.pdf,deploy/материалы/mathus.ru
mathus.ru,math,,,олимпиадные листки,задачи,et1_koshi.pdf,deploy/материалы/mathus.ru
mathus.ru,math,5,,олимпиадные листки,задачи,Belchonok2021Math5v2.pdf,deploy/материалы/mathus.ru
mathus.ru,math,11,,олимпиадные листки,задачи,VserosPhys2026S11.pdf,deploy/материалы/mathus.ru
mathus.ru,math,9,,олимпиадные листки,задачи,VserosMath2023M9.pdf,deploy/материалы/mathus.ru
mathus.ru,math,7,,олимпиадные листки,задачи,SAMMAT2021-7.pdf,deploy/материалы/mathus.ru
mathus.ru,math,9,,олимпиадные листки,задачи,MissVip2017Math9.pdf,deploy/материалы/mathus.ru
mathus.ru,math,,,олимпиадные листки,задачи,DVImath2020v3.pdf,deploy/материалы/mathus.ru
mathus.ru,math,,,олимпиадные листки,задачи,msuDopolniPostroen.pdf,deploy/материалы/mathus.ru
mathus.ru,math,,,олимпиадные листки,задачи,proppa.pdf,deploy/материалы/mathus.ru
mathus.ru,math,7,,олимпиадные листки,задачи,FETT2026Math7.pdf,deploy/материалы/mathus.ru
mathus.ru,math,11,,олимпиадные листки,задачи,VserosPhys2022M11.pdf,deploy/материалы/mathus.ru
mathus.ru,math,11,,олимпиадные листки,задачи,ommo2015-11.pdf,deploy/материалы/mathus.ru
mathus.ru,math,9,,олимпиадные листки,задачи,MissVip2016Math9.pdf,deploy/материалы/mathus.ru
mathus.ru,math,,,олимпиадные листки,задачи,vpisfera.pdf,deploy/материалы/mathus.ru
mathus.ru,math,11,,олимпиадные листки,задачи,vseros2018f4-11.pdf,deploy/материалы/mathus.ru
mathus.ru,math,,,олимпиадные листки,задачи,book.pdf,deploy/материалы/mathus.ru
mathus.ru,math,,,олимпиадные листки,задачи,fundeli.pdf,deploy/материалы/mathus.ru
mathus.ru,math,9,,олимпиадные листки,задачи,mmo2010-9.pdf,deploy/материалы/mathus.ru
mathus.ru,math,7,,олимпиадные листки,задачи,kurchatov2016m7.pdf,deploy/материалы/mathus.ru
mathus.ru,math,11,,олимпиадные листки,задачи,BIBN2015Math11.pdf,deploy/материалы/mathus.ru
mathus.ru,math,9,,олимпиадные листки,задачи,Lom2024Math9.pdf,deploy/материалы/mathus.ru
mathus.ru,math,,,олимпиадные листки,задачи,OstatkiSravn.pdf,deploy/материалы/mathus.ru
mathus.ru,math,,,олимпиадные листки,задачи,mmz12.pdf,deploy/материалы/mathus.ru
mathus.ru,math,,,олимпиадные листки,задачи,apc.pdf,deploy/материалы/mathus.ru
mathus.ru,math,9,,олимпиадные листки,задачи,Phystech2023Phys9v1.pdf,deploy/материалы/mathus.ru
mathus.ru,math,9,,олимпиадные листки,задачи,Phystech2026Math9v2.pdf,deploy/материалы/mathus.ru
mathus.ru,math,9,,олимпиадные листки,задачи,Lom2025Math9.pdf,deploy/материалы/mathus.ru
mathus.ru,math,,,олимпиадные листки,задачи,mm2002-05.pdf,deploy/материалы/mathus.ru
mathus.ru,math,,,олимпиадные листки,задачи,Stereometry_RA.pdf,deploy/материалы/mathus.ru
mathus.ru,math,11,,олимпиадные листки,задачи,pvg2017m10-11sar.pdf,deploy/материалы/mathus.ru
mathus.ru,math,,,олимпиадные листки,задачи,msuPrizma.pdf,deploy/материалы/mathus.ru
mathus.ru,math,9,,олимпиадные листки,задачи,vseros2014m2-9.pdf,deploy/материалы/mathus.ru
mathus.ru,math,,,олимпиадные листки,задачи,MIPTmath2006v2.pdf,deploy/материалы/mathus.ru
mathus.ru,math,11,,олимпиадные листки,задачи,VserosMath2025S11.pdf,deploy/материалы/mathus.ru
mathus.ru,math,6,,олимпиадные листки,задачи,Belchonok2023Math6v2.pdf,deploy/материалы/mathus.ru
mathus.ru,math,9,,олимпиадные листки,задачи,Vsesib2016Math9.pdf,deploy/материалы/mathus.ru
mathus.ru,math,11,,олимпиадные листки,задачи,mfo2017-11tur0zaoch1.pdf,deploy/материалы/mathus.ru
mathus.ru,math,10,,олимпиадные листки,задачи,kurchatov2018m10.pdf,deploy/материалы/mathus.ru
mathus.ru,math,,,олимпиадные листки,задачи,dvigaza.pdf,deploy/материалы/mathus.ru
mathus.ru,math,10,,олимпиадные листки,задачи,FETT2022Math10.pdf,deploy/материалы/mathus.ru
mathus.ru,math,9,,олимпиадные листки,задачи,vp2021m9.pdf,deploy/материалы/mathus.ru
mathus.ru,math,9,,олимпиадные листки,задачи,Vsesib2017Math9.pdf,deploy/материалы/mathus.ru
mathus.ru,math,,,олимпиадные листки,задачи,parameter-quad1.pdf,deploy/материалы/mathus.ru
mathus.ru,math,10,,олимпиадные листки,задачи,vseros2002f10fin.pdf,deploy/материалы/mathus.ru
mathus.ru,math,11,,олимпиадные листки,задачи,pvg10-11m2013v7.pdf,deploy/материалы/mathus.ru
mathus.ru,math,11,,олимпиадные листки,задачи,pvg10-11m2012eka1.pdf,deploy/материалы/mathus.ru
mathus.ru,math,11,,олимпиадные листки,задачи,PVG2020Phys11b4.pdf,deploy/материалы/mathus.ru
mathus.ru,math,10,,олимпиадные листки,задачи,Rosatom2018Math10.pdf,deploy/материалы/mathus.ru
mathus.ru,math,11,,олимпиадные листки,задачи,ITMO2016Math11.pdf,deploy/материалы/mathus.ru
mathus.ru,math,,,олимпиадные листки,задачи,holonasos.pdf,deploy/материалы/mathus.ru
mathus.ru,math,,,олимпиадные листки,задачи,msuSysUra.pdf,deploy/материалы/mathus.ru
mathus.ru,math,,,олимпиадные листки,задачи,crypto.pdf,deploy/материалы/mathus.ru
mathus.ru,math,7,,олимпиадные листки,задачи,BIBN2024Phys7.pdf,deploy/материалы/mathus.ru
mathus.ru,math,9,,олимпиадные листки,задачи,VserosPhys2026R9.pdf,deploy/материалы/mathus.ru
mathus.ru,math,7,,олимпиадные листки,задачи,EH2021Phys7.pdf,deploy/материалы/mathus.ru
mathus.ru,math,,,олимпиадные листки,задачи,geoklebu.pdf,deploy/материалы/mathus.ru
mathus.ru,math,10,,олимпиадные листки,задачи,VserosPhys2020R10.pdf,deploy/материалы/mathus.ru
mathus.ru,math,7,,олимпиадные листки,задачи,EH2020Phys7.pdf,deploy/материалы/mathus.ru
mathus.ru,math,9,,олимпиадные листки,задачи,VserosMath2024S9.pdf,deploy/материалы/mathus.ru
mathus.ru,math,8,,олимпиадные листки,задачи,kurchatov2018m8.pdf,deploy/материалы/mathus.ru
mathus.ru,math,9,,олимпиадные листки,задачи,vseros2017m3-9.pdf,deploy/материалы/mathus.ru
mathus.ru,math,7,,олимпиадные листки,задачи,BIBN2025Phys7.pdf,deploy/материалы/mathus.ru
mathus.ru,math,8,,олимпиадные листки,задачи,VserosMath2024S8.pdf,deploy/материалы/mathus.ru
mathus.ru,math,9,,олимпиадные листки,задачи,kurchatov2018m9.pdf,deploy/материалы/mathus.ru
mathus.ru,math,10,,олимпиадные листки,задачи,ITMO2016Math10.pdf,deploy/материалы/mathus.ru
mathus.ru,math,7,,олимпиадные листки,задачи,Belchonok2021Math7v1.pdf,deploy/материалы/mathus.ru
mathus.ru,math,11,,олимпиадные листки,задачи,VserosPhys2020R11.pdf,deploy/материалы/mathus.ru
mathus.ru,math,10,,олимпиадные листки,задачи,Phystech2026Phys10v2.pdf,deploy/материалы/mathus.ru
mathus.ru,math,9,,олимпиадные листки,задачи,fizteh2018m9v2.pdf,deploy/материалы/mathus.ru
mathus.ru,math,8,,олимпиадные листки,задачи,Vsesib2017Math8.pdf,deploy/материалы/mathus.ru
mathus.ru,math,8,,олимпиадные листки,задачи,vp2021m8.pdf,deploy/материалы/mathus.ru
mathus.ru,math,11,,олимпиадные листки,задачи,FETT2022Math11.pdf,deploy/материалы/mathus.ru
mathus.ru,math,,,олимпиадные листки,задачи,plotnost.pdf,deploy/материалы/mathus.ru
mathus.ru,math,7,,олимпиадные листки,задачи,mfo2016-7tur0zaoch.pdf,deploy/материалы/mathus.ru
mathus.ru,math,9,,олимпиадные листки,задачи,MVO2015Phys9.pdf,deploy/материалы/mathus.ru
mathus.ru,math,11,,олимпиадные листки,задачи,PVG2020Phys11b5.pdf,deploy/материалы/mathus.ru
mathus.ru,math,11,,олимпиадные листки,задачи,pvg10-11m2012mos.pdf,deploy/материалы/mathus.ru
mathus.ru,math,,,олимпиадные листки,задачи,MIPTmath1995v1.pdf,deploy/материалы/mathus.ru
mathus.ru,math,8,,олимпиадные листки,задачи,Vsesib2016Math8.pdf,deploy/материалы/mathus.ru
mathus.ru,math,11,,олимпиадные листки,задачи,kurchatov2018m11.pdf,deploy/материалы/mathus.ru
mathus.ru,math,6,,олимпиадные листки,задачи,Belchonok2023Math6v3.pdf,deploy/материалы/mathus.ru
mathus.ru,math,,,олимпиадные листки,задачи,prosf.pdf,deploy/материалы/mathus.ru
mathus.ru,math,10,,олимпиадные листки,задачи,VserosMath2025S10.pdf,deploy/материалы/mathus.ru
mathus.ru,math,,,олимпиадные листки,задачи,MIPTmath2006v3.pdf,deploy/материалы/mathus.ru
mathus.ru,math,8,,олимпиадные листки,задачи,vseros2014m2-8.pdf,deploy/материалы/mathus.ru
mathus.ru,math,,,олимпиадные листки,задачи,Euler2012Otbor1.pdf,deploy/материалы/mathus.ru
mathus.ru,math,10,,олимпиадные листки,задачи,BIBN2015Math10.pdf,deploy/материалы/mathus.ru
mathus.ru,math,6,,олимпиадные листки,задачи,kurchatov2016m6.pdf,deploy/материалы/mathus.ru
mathus.ru,math,11,,олимпиадные листки,задачи,ommo2026.pdf,deploy/материалы/mathus.ru
mathus.ru,math,,,олимпиадные листки,задачи,pokazaner.pdf,deploy/материалы/mathus.ru
mathus.ru,math,,,олимпиадные листки,задачи,cube.pdf,deploy/материалы/mathus.ru
mathus.ru,math,,,олимпиадные листки,задачи,npar.pdf,deploy/материалы/mathus.ru
mathus.ru,math,9,,олимпиадные листки,задачи,Phystech2026PhysOtbor9v1.pdf,deploy/материалы/mathus.ru
mathus.ru,math,10,,олимпиадные листки,задачи,vseros2018f4-10.pdf,deploy/материалы/mathus.ru
mathus.ru,math,8,,олимпиадные листки,задачи,mmo2010-8.pdf,deploy/материалы/mathus.ru
mathus.ru,math,11,,олимпиадные листки,задачи,Belchonok2020Math11v1.pdf,deploy/материалы/mathus.ru
mathus.ru,math,,,олимпиадные листки,задачи,DVImath2020v2.pdf,deploy/материалы/mathus.ru
mathus.ru,math,,,олимпиадные листки,задачи,bill4.pdf,deploy/материалы/mathus.ru
mathus.ru,math,6,,олимпиадные листки,задачи,SAMMAT2021-6.pdf,deploy/материалы/mathus.ru
mathus.ru,math,10,,олимпиадные листки,задачи,VserosPhys2022M10.pdf,deploy/материалы/mathus.ru
mathus.ru,math,6,,олимпиадные листки,задачи,FETT2026Math6.pdf,deploy/материалы/mathus.ru
mathus.ru,math,,,олимпиадные листки,задачи,msuPosled.pdf,deploy/материалы/mathus.ru
mathus.ru,math,,,олимпиадные листки,задачи,lom2009m.pdf,deploy/материалы/mathus.ru
mathus.ru,math,10,,олимпиадные листки,задачи,VserosPhys2026S10.pdf,deploy/материалы/mathus.ru
mathus.ru,math,,,олимпиадные листки,задачи,ae.pdf,deploy/материалы/mathus.ru
mathus.ru,math,8,,олимпиадные листки,задачи,VserosMath2023M8.pdf,deploy/материалы/mathus.ru
mathus.ru,math,9,,олимпиадные листки,задачи,vseros2013f3-9.pdf,deploy/материалы/mathus.ru
mathus.ru,math,10,,олимпиадные листки,задачи,mfo2014-10tur0zaoch4.pdf,deploy/материалы/mathus.ru
mathus.ru,math,,,олимпиадные листки,задачи,grafmet.pdf,deploy/материалы/mathus.ru
mathus.ru,math,,,олимпиадные листки,задачи,posled.pdf,deploy/материалы/mathus.ru
mathus.ru,math,11,,олимпиадные листки,задачи,pvg10-11m2011v4.pdf,deploy/материалы/mathus.ru
mathus.ru,math,,,олимпиадные листки,задачи,spectra.pdf,deploy/материалы/mathus.ru
mathus.ru,math,10,,олимпиадные листки,задачи,fizteh2016f10v1.pdf,deploy/материалы/mathus.ru
mathus.ru,math,11,,олимпиадные листки,задачи,FETT2022Phys11.pdf,deploy/материалы/mathus.ru
mathus.ru,math,10,,олимпиадные листки,задачи,fizteh2017f10v1.pdf,deploy/материалы/mathus.ru
mathus.ru,math,10,,олимпиадные листки,задачи,VserosMath2021M10.pdf,deploy/материалы/mathus.ru
mathus.ru,math,,,олимпиадные листки,задачи,euler2015-3.pdf,deploy/материалы/mathus.ru
mathus.ru,math,11,,олимпиадные листки,задачи,VP2026Phys11.pdf,deploy/материалы/mathus.ru
mathus.ru,math,,,олимпиадные листки,задачи,arhimed2013z.pdf,deploy/материалы/mathus.ru
mathus.ru,math,,,олимпиадные листки,задачи,DZR.pdf,deploy/материалы/mathus.ru
mathus.ru,math,,,олимпиадные листки,задачи,MIPTmath1997v3.pdf,deploy/материалы/mathus.ru
mathus.ru,math,11,,олимпиадные листки,задачи,pvg10-11m2014irk.pdf,deploy/материалы/mathus.ru
mathus.ru,math,,,олимпиадные листки,задачи,MIPTmath2004v1.pdf,deploy/материалы/mathus.ru
mathus.ru,math,7,,олимпиадные листки,задачи,Maxwell2023R7.pdf,deploy/материалы/mathus.ru
mathus.ru,math,,,олимпиадные листки,задачи,mf.pdf,deploy/материалы/mathus.ru
mathus.ru,math,8,,олимпиадные листки,задачи,Belchonok2020Math8v2.pdf,deploy/материалы/mathus.ru
mathus.ru,math,,,олимпиадные листки,задачи,ea2_koshi.pdf,deploy/материалы/mathus.ru
mathus.ru,math,10,,олимпиадные листки,задачи,SVB2018Math10v1.pdf,deploy/материалы/mathus.ru
mathus.ru,math,9,,олимпиадные листки,задачи,ITMO2026Math9.pdf,deploy/материалы/mathus.ru
mathus.ru,math,11,,олимпиадные листки,задачи,VserosMath2023R11.pdf,deploy/материалы/mathus.ru
mathus.ru,math,6,,олимпиадные листки,задачи,ustn2003-6.pdf,deploy/материалы/mathus.ru
mathus.ru,math,,,олимпиадные листки,задачи,ustoravno.pdf,deploy/материалы/mathus.ru
mathus.ru,math,10,,олимпиадные листки,задачи,mfo2015-10tur1.pdf,deploy/материалы/mathus.ru
mathus.ru,math,10,,олимпиадные листки,задачи,BIBN2015Phys10.pdf,deploy/материалы/mathus.ru
mathus.ru,math,9,,олимпиадные листки,задачи,vseros2018f4-9.pdf,deploy/материалы/mathus.ru
mathus.ru,math,,,олимпиадные листки,задачи,ax2bxc.pdf,deploy/материалы/mathus.ru
mathus.ru,math,,,олимпиадные листки,задачи,mm1996-07.pdf,deploy/материалы/mathus.ru
mathus.ru,math,8,,олимпиадные листки,задачи,Kurchatov2023Phys8.pdf,deploy/материалы/mathus.ru
mathus.ru,math,8,,олимпиадные листки,задачи,Kurchatov2022Phys8.pdf,deploy/материалы/mathus.ru
mathus.ru,math,11,,олимпиадные листки,задачи,fizteh-online2017m11.pdf,deploy/материалы/mathus.ru
mathus.ru,math,,,олимпиадные листки,задачи,zanew.pdf,deploy/материалы/mathus.ru
mathus.ru,math,9,,олимпиадные листки,задачи,mfo2014-9tur2.pdf,deploy/материалы/mathus.ru
mathus.ru,math,11,,олимпиадные листки,задачи,ITMO2023Math11.pdf,deploy/материалы/mathus.ru
mathus.ru,math,8,,олимпиадные листки,задачи,Vsesib2020Phys8.pdf,deploy/материалы/mathus.ru
mathus.ru,math,11,,олимпиадные листки,задачи,SVB2022PhysOtbor11.pdf,deploy/материалы/mathus.ru
mathus.ru,math,9,,олимпиадные листки,задачи,MVO2022Math9.pdf,deploy/материалы/mathus.ru
mathus.ru,math,11,,олимпиадные листки,задачи,mfo2010-11tur1.pdf,deploy/материалы/mathus.ru
mathus.ru,math,8,,олимпиадные листки,задачи,Vsesib2021Phys8.pdf,deploy/материалы/mathus.ru
mathus.ru,math,7,,олимпиадные листки,задачи,fizteh-online2018m7.pdf,deploy/материалы/mathus.ru
mathus.ru,math,11,,олимпиадные листки,задачи,VserosMath2024Z11.pdf,deploy/материалы/mathus.ru
mathus.ru,math,9,,олимпиадные листки,задачи,MVO2023Math9.pdf,deploy/материалы/mathus.ru
mathus.ru,math,11,,олимпиадные листки,задачи,KFU2022Phys11.pdf,deploy/материалы/mathus.ru
mathus.ru,math,8,,олимпиадные листки,задачи,VserosPhys2022S8.pdf,deploy/материалы/mathus.ru
mathus.ru,math,7,,олимпиадные листки,задачи,mp1994-7.pdf,deploy/материалы/mathus.ru
mathus.ru,math,9,,олимпиадные листки,задачи,mmo2009-9.pdf,deploy/материалы/mathus.ru
mathus.ru,math,11,,олимпиадные листки,задачи,turgor2015vs1011.pdf,deploy/материалы/mathus.ru
mathus.ru,math,11,,олимпиадные листки,задачи,Rosatom2023Phys11v1.pdf,deploy/материалы/mathus.ru
mathus.ru,math,10,,олимпиадные листки,задачи,FETT2017Math10.pdf,deploy/материалы/mathus.ru
mathus.ru,math,,,олимпиадные листки,задачи,fepg.pdf,deploy/материалы/mathus.ru
mathus.ru,math,8,,олимпиадные листки,задачи,ITMO2018Math8.pdf,deploy/материалы/mathus.ru
mathus.ru,math,10,,олимпиадные листки,задачи,mfo2018-10tur2.pdf,deploy/материалы/mathus.ru
mathus.ru,math,11,,олимпиадные листки,задачи,BIBN2020Math11.pdf,deploy/материалы/mathus.ru
mathus.ru,math,10,,олимпиадные листки,задачи,vseros2015m4-10.pdf,deploy/материалы/mathus.ru
mathus.ru,math,8,,олимпиадные листки,задачи,fizteh-online2016m8.pdf,deploy/материалы/mathus.ru
mathus.ru,math,6,,олимпиадные листки,задачи,mp2021-6.pdf,deploy/материалы/mathus.ru
mathus.ru,math,7,,олимпиадные листки,задачи,KFU2025Phys7.pdf,deploy/материалы/mathus.ru
mathus.ru,math,,,олимпиадные листки,задачи,bolmen.pdf,deploy/материалы/mathus.ru
mathus.ru,math,9,,олимпиадные листки,задачи,SVB2019Math9v2.pdf,deploy/материалы/mathus.ru
mathus.ru,math,10,,олимпиадные листки,задачи,vseros2017f3-10.pdf,deploy/материалы/mathus.ru
mathus.ru,math,10,,олимпиадные листки,задачи,vp2016m10.pdf,deploy/материалы/mathus.ru
mathus.ru,math,10,,олимпиадные листки,задачи,vseros2014m4-10.pdf,deploy/материалы/mathus.ru
mathus.ru,math,8,,олимпиадные листки,задачи,ITMO2019Math8.pdf,deploy/материалы/mathus.ru
mathus.ru,math,10,,олимпиадные листки,задачи,vseros2016f3-10.pdf,deploy/материалы/mathus.ru
mathus.ru,math,11,,олимпиадные листки,задачи,pvg2015f10-11b1.pdf,deploy/материалы/mathus.ru
mathus.ru,math,7,,олимпиадные листки,задачи,KFU2024Phys7.pdf,deploy/материалы/mathus.ru
mathus.ru,math,,,олимпиадные листки,задачи,iff.pdf,deploy/материалы/mathus.ru
mathus.ru,math,11,,олимпиадные листки,задачи,Rosatom2022Math11v2.pdf,deploy/материалы/mathus.ru
mathus.ru,math,11,,олимпиадные листки,задачи,MosPhys2025c11.pdf,deploy/материалы/mathus.ru
mathus.ru,math,,,олимпиадные листки,задачи,msuParallelOkr.pdf,deploy/материалы/mathus.ru
mathus.ru,math,,,олимпиадные листки,задачи,DVImath2024v6.pdf,deploy/материалы/mathus.ru
mathus.ru,math,8,,олимпиадные листки,задачи,ITMO2015-8.8.pdf,deploy/материалы/mathus.ru
mathus.ru,math,,,олимпиадные листки,задачи,urkol2.pdf,deploy/материалы/mathus.ru
mathus.ru,math,,,олимпиадные листки,задачи,algetrans.pdf,deploy/материалы/mathus.ru
mathus.ru,math,7,,олимпиадные листки,задачи,mfo2016-7tur2.pdf,deploy/материалы/mathus.ru
mathus.ru,math,,,олимпиадные листки,задачи,DVImath2013.pdf,deploy/материалы/mathus.ru
mathus.ru,math,8,,олимпиадные листки,задачи,Phystech2023Phys-otbor3-8.pdf,deploy/материалы/mathus.ru
mathus.ru,math,11,,олимпиадные листки,задачи,MosPhys2023tur2-11.pdf,deploy/материалы/mathus.ru
mathus.ru,math,11,,олимпиадные листки,задачи,vp2020m11.pdf,deploy/материалы/mathus.ru
mathus.ru,math,11,,олимпиадные листки,задачи,kurchatov2014m11.pdf,deploy/материалы/mathus.ru
mathus.ru,math,11,,олимпиадные листки,задачи,ITMO2023Phys11.pdf,deploy/материалы/mathus.ru
mathus.ru,math,9,,олимпиадные листки,задачи,Eng2023otbor9.pdf,deploy/материалы/mathus.ru
mathus.ru,math,11,,олимпиадные листки,задачи,KFU2022Math11.pdf,deploy/материалы/mathus.ru
mathus.ru,math,,,олимпиадные листки,задачи,epower.pdf,deploy/материалы/mathus.ru
mathus.ru,math,8,,олимпиадные листки,задачи,mfo2018-8tur0och.pdf,deploy/материалы/mathus.ru
mathus.ru,math,8,,олимпиадные листки,задачи,VserosPhys2025M8.pdf,deploy/материалы/mathus.ru
mathus.ru,math,,,олимпиадные листки,задачи,zasmesi.pdf,deploy/материалы/mathus.ru
mathus.ru,math,,,олимпиадные листки,задачи,lla.pdf,deploy/материалы/mathus.ru
mathus.ru,math,8,,олимпиадные листки,задачи,PVG2025Math78.pdf,deploy/материалы/mathus.ru
mathus.ru,math,6,,олимпиадные листки,задачи,pvg2016m5-6v2b.pdf,deploy/материалы/mathus.ru
mathus.ru,math,10,,олимпиадные листки,задачи,VserosMath2019R10.pdf,deploy/материалы/mathus.ru
mathus.ru,math,8,,олимпиадные листки,задачи,VserosMath2019S8.pdf,deploy/материалы/mathus.ru
mathus.ru,math,11,,олимпиадные листки,задачи,turgor2016vb1011.pdf,deploy/материалы/mathus.ru
mathus.ru,math,11,,олимпиадные листки,задачи,Phystech2025PhysOtbor11v1.pdf,deploy/материалы/mathus.ru
mathus.ru,math,11,,олимпиадные листки,задачи,BIBN2020Phys11.pdf,deploy/материалы/mathus.ru
mathus.ru,math,,,олимпиадные листки,задачи,MIPTphys2002v1.pdf,deploy/материалы/mathus.ru
mathus.ru,math,7,,олимпиадные листки,задачи,mp2005-7.pdf,deploy/материалы/mathus.ru
mathus.ru,math,,,олимпиадные листки,задачи,sysmat.pdf,deploy/материалы/mathus.ru
mathus.ru,math,11,,олимпиадные листки,задачи,rosatom2012f11tam.pdf,deploy/материалы/mathus.ru
mathus.ru,math,9,,олимпиадные листки,задачи,Lom2021Phys79.pdf,deploy/материалы/mathus.ru
mathus.ru,math,7,,олимпиадные листки,задачи,FETT2018Math7.pdf,deploy/материалы/mathus.ru
mathus.ru,math,11,,олимпиадные листки,задачи,fizteh11f2012.pdf,deploy/материалы/mathus.ru
mathus.ru,math,10,,олимпиадные листки,задачи,Phystech2026MathOtbor10v1.pdf,deploy/материалы/mathus.ru
mathus.ru,math,,,олимпиадные листки,задачи,OMMO2022z6.pdf,deploy/материалы/mathus.ru
mathus.ru,math,7,,олимпиадные листки,задачи,FETT2019Math7.pdf,deploy/материалы/mathus.ru
mathus.ru,math,10,,олимпиадные листки,задачи,fizteh10f2012.pdf,deploy/материалы/mathus.ru
mathus.ru,math,10,,олимпиадные листки,задачи,SAMMAT2022-10.pdf,deploy/материалы/mathus.ru
mathus.ru,math,11,,олимпиадные листки,задачи,rosatom2012f11mos.pdf,deploy/материалы/mathus.ru
mathus.ru,math,5,,олимпиадные листки,задачи,FETT2018Math5.pdf,deploy/материалы/mathus.ru
mathus.ru,math,11,,олимпиадные листки,задачи,Eng2023otbor11.pdf,deploy/материалы/mathus.ru
mathus.ru,math,,,олимпиадные листки,задачи,poluper.pdf,deploy/материалы/mathus.ru
mathus.ru,math,5,,олимпиадные листки,задачи,FETT2019Math5.pdf,deploy/материалы/mathus.ru
mathus.ru,math,9,,олимпиадные листки,задачи,Phystech2019Phys9v1.pdf,deploy/материалы/mathus.ru
mathus.ru,math,8,,олимпиадные листки,задачи,Phystech2023Phys-otbor1-8.pdf,deploy/материалы/mathus.ru
mathus.ru,math,11,,олимпиадные листки,задачи,turgor2017ob1011.pdf,deploy/материалы/mathus.ru
mathus.ru,math,,,олимпиадные листки,задачи,mm2000-03.pdf,deploy/материалы/mathus.ru
mathus.ru,math,11,,олимпиадные листки,задачи,Phystech2025PhysOtbor11v3.pdf,deploy/материалы/mathus.ru
mathus.ru,math,6,,олимпиадные листки,задачи,mp2023-6.pdf,deploy/материалы/mathus.ru
mathus.ru,math,,,олимпиадные листки,задачи,VserosPhys2018R11.1.pdf,deploy/материалы/mathus.ru
mathus.ru,math,,,олимпиадные листки,задачи,MIPTphys2002v3.pdf,deploy/материалы/mathus.ru
mathus.ru,math,9,,олимпиадные листки,задачи,ITMO2024Phys9.pdf,deploy/материалы/mathus.ru
mathus.ru,math,11,,олимпиадные листки,задачи,vseros2013f4-11.pdf,deploy/материалы/mathus.ru
mathus.ru,math,,,олимпиадные листки,задачи,ot-protivnogo.pdf,deploy/материалы/mathus.ru
mathus.ru,math,7,,олимпиадные листки,задачи,mp1996-7.pdf,deploy/материалы/mathus.ru
mathus.ru,math,11,,олимпиадные листки,задачи,vseros2012f4-11.pdf,deploy/материалы/mathus.ru
mathus.ru,math,9,,олимпиадные листки,задачи,ITMO2025Phys9.pdf,deploy/материалы/mathus.ru
mathus.ru,math,10,,олимпиадные листки,задачи,mmo2023-10.pdf,deploy/материалы/mathus.ru
mathus.ru,math,,,олимпиадные листки,задачи,demoweb2.pdf,deploy/материалы/mathus.ru
mathus.ru,math,11,,олимпиадные листки,задачи,MissVip2025Math11.pdf,deploy/материалы/mathus.ru
mathus.ru,math,11,,олимпиадные листки,задачи,EH2022Phys11.pdf,deploy/материалы/mathus.ru
mathus.ru,math,11,,олимпиадные листки,задачи,ussr91m11.pdf,deploy/материалы/mathus.ru
mathus.ru,math,8,,олимпиадные листки,задачи,mfo2014-8tur0zaoch4.pdf,deploy/материалы/mathus.ru
mathus.ru,math,8,,олимпиадные листки,задачи,Kurchatov2020Math8.pdf,deploy/материалы/mathus.ru
mathus.ru,math,,,олимпиадные листки,задачи,mass.pdf,deploy/материалы/mathus.ru
mathus.ru,math,,,олимпиадные листки,задачи,semiinvariant.pdf,deploy/материалы/mathus.ru
mathus.ru,math,8,,олимпиадные листки,задачи,8math2023.pdf,deploy/материалы/mathus.ru
mathus.ru,math,,,олимпиадные листки,задачи,rilrass.pdf,deploy/материалы/mathus.ru
mathus.ru,math,8,,олимпиадные листки,задачи,Kurchatov2021Math8.pdf,deploy/материалы/mathus.ru
mathus.ru,math,8,,олимпиадные листки,задачи,VserosPhys2020S8.pdf,deploy/материалы/mathus.ru
mathus.ru,math,,,олимпиадные листки,задачи,DVImath2024v4.pdf,deploy/материалы/mathus.ru
mathus.ru,math,10,,олимпиадные листки,задачи,vseros1995f10zon.pdf,deploy/материалы/mathus.ru
mathus.ru,math,11,,олимпиадные листки,задачи,mmo2015-11.pdf,deploy/материалы/mathus.ru
mathus.ru,math,6,,олимпиадные листки,задачи,EH2023Math6.pdf,deploy/материалы/mathus.ru
mathus.ru,math,,,олимпиадные листки,задачи,Extremal_MSU.pdf,deploy/материалы/mathus.ru
mathus.ru,math,,,олимпиадные листки,задачи,trapezium.pdf,deploy/материалы/mathus.ru
mathus.ru,math,,,олимпиадные листки,задачи,DVImath2011.pdf,deploy/материалы/mathus.ru
mathus.ru,math,8,,олимпиадные листки,задачи,Maxwell2019Z8.pdf,deploy/материалы/mathus.ru
mathus.ru,math,6,,олимпиадные листки,задачи,EH2022Math6.pdf,deploy/материалы/mathus.ru
mathus.ru,math,10,,олимпиадные листки,задачи,Belchonok2023Math10v4.pdf,deploy/материалы/mathus.ru
mathus.ru,math,9,,олимпиадные листки,задачи,vseros2015m4-9.pdf,deploy/материалы/mathus.ru
mathus.ru,math,,,олимпиадные листки,задачи,produv.pdf,deploy/материалы/mathus.ru
mathus.ru,math,10,,олимпиадные листки,задачи,mfo2009-10tur2.pdf,deploy/материалы/mathus.ru
mathus.ru,math,9,,олимпиадные листки,задачи,MVO2016Math9.pdf,deploy/материалы/mathus.ru
mathus.ru,math,,,олимпиадные листки,задачи,MIPTphys2000v1.pdf,deploy/материалы/mathus.ru
mathus.ru,math,11,,олимпиадные листки,задачи,pvg2015f10-11b3.pdf,deploy/материалы/mathus.ru
mathus.ru,math,8,,олимпиадные листки,задачи,Vsesib2015Phys8.pdf,deploy/материалы/mathus.ru
mathus.ru,math,9,,олимпиадные листки,задачи,MVO2017Math9.pdf,deploy/материалы/mathus.ru
mathus.ru,math,10,,олимпиадные листки,задачи,SVB2023Math10v1.pdf,deploy/материалы/mathus.ru
mathus.ru,math,7,,олимпиадные листки,задачи,mp2007-7.pdf,deploy/материалы/mathus.ru
mathus.ru,math,,,олимпиадные листки,задачи,icap.pdf,deploy/материалы/mathus.ru
mathus.ru,math,10,,олимпиадные листки,задачи,fizteh-online2016f10.pdf,deploy/материалы/mathus.ru
mathus.ru,math,,,олимпиадные листки,задачи,Euler2014Otbor4.pdf,deploy/материалы/mathus.ru
mathus.ru,math,10,,олимпиадные листки,задачи,Eng2024-10.pdf,deploy/материалы/mathus.ru
mathus.ru,math,9,,олимпиадные листки,задачи,Belchonok2018Math9v1.pdf,deploy/материалы/mathus.ru
mathus.ru,math,11,,олимпиадные листки,задачи,EH2022Math11.pdf,deploy/материалы/mathus.ru
mathus.ru,math,8,,олимпиадные листки,задачи,mfo2006-8tur2.pdf,deploy/материалы/mathus.ru
mathus.ru,math,7,,олимпиадные листки,задачи,ustn2018-7.pdf,deploy/материалы/mathus.ru
mathus.ru,math,7,,олимпиадные листки,задачи,MosPhys2024otbor7.pdf,deploy/материалы/mathus.ru
mathus.ru,math,,,олимпиадные листки,задачи,arcfun.pdf,deploy/материалы/mathus.ru
mathus.ru,math,,,олимпиадные листки,задачи,planipvg.pdf,deploy/материалы/mathus.ru
mathus.ru,math,,,олимпиадные листки,задачи,mm1996-05.pdf,deploy/материалы/mathus.ru
mathus.ru,math,,,олимпиадные листки,задачи,fadd.pdf,deploy/материалы/mathus.ru
mathus.ru,math,10,,олимпиадные листки,задачи,Lom2023Math10.pdf,deploy/материалы/mathus.ru
mathus.ru,math,8,,олимпиадные листки,задачи,mmo2012-8.pdf,deploy/материалы/mathus.ru
mathus.ru,math,,,олимпиадные листки,задачи,raskraski.pdf,deploy/материалы/mathus.ru
mathus.ru,math,7,,олимпиадные листки,задачи,BIBN2019Math7.pdf,deploy/материалы/mathus.ru
mathus.ru,math,,,олимпиадные листки,задачи,DVImath2022v2.pdf,deploy/материалы/mathus.ru
mathus.ru,math,11,,олимпиадные листки,задачи,Rosatom2019Math11v2.pdf,deploy/материалы/mathus.ru
mathus.ru,math,6,,олимпиадные листки,задачи,SAMMAT2023-6.pdf,deploy/материалы/mathus.ru
mathus.ru,math,8,,олимпиадные листки,задачи,mfo2012-8tur2.pdf,deploy/материалы/mathus.ru
mathus.ru,math,,,олимпиадные листки,задачи,triangleXYZ.pdf,deploy/материалы/mathus.ru
mathus.ru,math,7,,олимпиадные листки,задачи,BIBN2018Math7.pdf,deploy/материалы/mathus.ru
mathus.ru,math,9,,олимпиадные листки,задачи,vseros1999f9fin.pdf,deploy/материалы/mathus.ru
mathus.ru,math,,,олимпиадные листки,задачи,tuy2012m-sl.pdf,deploy/материалы/mathus.ru
mathus.ru,math,,,олимпиадные листки,задачи,MIPTmath2004v3.pdf,deploy/материалы/mathus.ru
mathus.ru,math,10,,олимпиадные листки,задачи,SVB2026Math10.pdf,deploy/материалы/mathus.ru
mathus.ru,math,10,,олимпиадные листки,задачи,MosPhys2019tur2-10.pdf,deploy/материалы/mathus.ru
mathus.ru,math,6,,олимпиадные листки,задачи,pvg2018m5-6v1a.pdf,deploy/материалы/mathus.ru
mathus.ru,math,,,олимпиадные листки,задачи,zastoimost.pdf,deploy/материалы/mathus.ru
mathus.ru,math,11,,олимпиадные листки,задачи,MosPhys2023otbor2tur11.pdf,deploy/материалы/mathus.ru
mathus.ru,math,10,,олимпиадные листки,задачи,MosPhys2020zz2-10.pdf,deploy/материалы/mathus.ru
mathus.ru,math,11,,олимпиадные листки,задачи,Phystech2020Phys11v2.pdf,deploy/материалы/mathus.ru
mathus.ru,math,9,,олимпиадные листки,задачи,vseros1998f9fin.pdf,deploy/материалы/mathus.ru
mathus.ru,math,11,,олимпиадные листки,задачи,mmo2019-11.pdf,deploy/материалы/mathus.ru
mathus.ru,math,11,,олимпиадные листки,задачи,vseros2000f11fin.pdf,deploy/материалы/mathus.ru
mathus.ru,math,9,,олимпиадные листки,задачи,Lom2019Phys9.pdf,deploy/материалы/mathus.ru
mathus.ru,math,8,,олимпиадные листки,задачи,vp2023m8.pdf,deploy/материалы/mathus.ru
mathus.ru,math,11,,олимпиадные листки,задачи,trigbook.pdf,deploy/материалы/mathus.ru
mathus.ru,math,10,,олимпиадные листки,задачи,fizteh2016f10v3.pdf,deploy/материалы/mathus.ru
mathus.ru,math,8,,олимпиадные листки,задачи,InnopolisOpen2025Math8.pdf,deploy/материалы/mathus.ru
mathus.ru,math,,,олимпиадные листки,задачи,MIPTmath1997v1.pdf,deploy/материалы/mathus.ru
mathus.ru,math,11,,олимпиадные листки,задачи,BIBN2018Phys11.pdf,deploy/материалы/mathus.ru
mathus.ru,math,8,,олимпиадные листки,задачи,Maxwell2024Z8.pdf,deploy/материалы/mathus.ru
mathus.ru,math,9,,олимпиадные листки,задачи,pvg2018m9v2b.pdf,deploy/материалы/mathus.ru
mathus.ru,math,6,,олимпиадные листки,задачи,mpmv2025c6.pdf,deploy/материалы/mathus.ru
mathus.ru,math,8,,олимпиадные листки,задачи,SVB2021Math8v1.pdf,deploy/материалы/mathus.ru
mathus.ru,math,8,,олимпиадные листки,задачи,vseros2017m1-8.pdf,deploy/материалы/mathus.ru
mathus.ru,math,8,,олимпиадные листки,задачи,VserosMath2026S8.pdf,deploy/материалы/mathus.ru
mathus.ru,math,,,олимпиадные листки,задачи,modulur.pdf,deploy/материалы/mathus.ru
mathus.ru,math,10,,олимпиадные листки,задачи,EH2017Phys10.pdf,deploy/материалы/mathus.ru
mathus.ru,math,11,,олимпиадные листки,задачи,rosatom2013f11sne.pdf,deploy/материалы/mathus.ru
mathus.ru,math,,,олимпиадные листки,задачи,msuLogNera.pdf,deploy/материалы/mathus.ru
mathus.ru,math,10,,олимпиадные листки,задачи,geom10vseros.pdf,deploy/материалы/mathus.ru
mathus.ru,math,5,,олимпиадные листки,задачи,Belchonok2021Math5v1.pdf,deploy/материалы/mathus.ru
mathus.ru,math,,,олимпиадные листки,задачи,timehistory.pdf,deploy/материалы/mathus.ru
mathus.ru,math,9,,олимпиадные листки,задачи,Belchonok2022Math9v2.pdf,deploy/материалы/mathus.ru
mathus.ru,math,8,,олимпиадные листки,задачи,Vsesib2023Math8.pdf,deploy/материалы/mathus.ru
mathus.ru,math,6,,олимпиадные листки,задачи,ustn2025c6.pdf,deploy/материалы/mathus.ru
mathus.ru,math,11,,олимпиадные листки,задачи,Belchonok2020Math11v3.pdf,deploy/материалы/mathus.ru
mathus.ru,math,9,,олимпиадные листки,задачи,MVO2021Phys9.pdf,deploy/материалы/mathus.ru
mathus.ru,math,,,олимпиадные листки,задачи,pravila_kirhgofa.pdf,deploy/материалы/mathus.ru
mathus.ru,math,,,олимпиадные листки,задачи,mgd.pdf,deploy/материалы/mathus.ru
mathus.ru,math,8,,олимпиадные листки,задачи,Vsesib2022Math8.pdf,deploy/материалы/mathus.ru
mathus.ru,math,11,,олимпиадные листки,задачи,ommo2018.pdf,deploy/материалы/mathus.ru
mathus.ru,math,9,,олимпиадные листки,задачи,MVO2020Phys9.pdf,deploy/материалы/mathus.ru
mathus.ru,math,11,,олимпиадные листки,задачи,pvg10-11m2014cheb.pdf,deploy/материалы/mathus.ru
mathus.ru,math,8,,олимпиадные листки,задачи,maxwell2013t8.pdf,deploy/материалы/mathus.ru
mathus.ru,math,,,олимпиадные листки,задачи,MIPTmath2006v1.pdf,deploy/материалы/mathus.ru
mathus.ru,math,10,,олимпиадные листки,задачи,SVB2026Phys10.pdf,deploy/материалы/mathus.ru
mathus.ru,math,10,,олимпиадные листки,задачи,Rosatom2015Math10.pdf,deploy/материалы/mathus.ru
mathus.ru,math,6,,олимпиадные листки,задачи,Belchonok2023Math6v1.pdf,deploy/материалы/mathus.ru
mathus.ru,math,,,олимпиадные листки,задачи,dezap.pdf,deploy/материалы/mathus.ru
mathus.ru,math,9,,олимпиадные листки,задачи,Phystech2026Math9v1.pdf,deploy/материалы/mathus.ru
mathus.ru,math,7,,олимпиадные листки,задачи,Maxwell2021R7.pdf,deploy/материалы/mathus.ru
mathus.ru,math,,,олимпиадные листки,задачи,luchi.pdf,deploy/материалы/mathus.ru
mathus.ru,math,10,,олимпиадные листки,задачи,kurchatov2015f10.pdf,deploy/материалы/mathus.ru
mathus.ru,math,11,,олимпиадные листки,задачи,ommo2024.pdf,deploy/материалы/mathus.ru
mathus.ru,math,9,,олимпиадные листки,задачи,Phystech2023Phys9v2.pdf,deploy/материалы/mathus.ru
mathus.ru,math,,,олимпиадные листки,задачи,Euler2012Otbor3.pdf,deploy/материалы/mathus.ru
mathus.ru,math,11,,олимпиадные листки,задачи,pvg10-11m2013v4.pdf,deploy/материалы/mathus.ru
mathus.ru,math,11,,олимпиадные листки,задачи,pvg10-11m2012eka2.pdf,deploy/материалы/mathus.ru
mathus.ru,math,11,,олимпиадные листки,задачи,PVG2020Phys11b7.pdf,deploy/материалы/mathus.ru
mathus.ru,math,,,олимпиадные листки,задачи,parallelogramm.pdf,deploy/материалы/mathus.ru
mathus.ru,math,,,олимпиадные листки,задачи,osc.pdf,deploy/материалы/mathus.ru
mathus.ru,math,,,олимпиадные листки,задачи,parameter-quad2.pdf,deploy/материалы/mathus.ru
mathus.ru,math,11,,олимпиадные листки,задачи,mfo2017-11tur0zaoch2.pdf,deploy/материалы/mathus.ru
mathus.ru,math,11,,олимпиадные листки,задачи,BIBN2018Math11.pdf,deploy/материалы/mathus.ru
mathus.ru,math,,,олимпиадные листки,задачи,MIPTmath1995v3.pdf,deploy/материалы/mathus.ru
mathus.ru,math,8,,олимпиадные листки,задачи,VserosMath2021M8.pdf,deploy/материалы/mathus.ru
mathus.ru,math,10,,олимпиадные листки,задачи,Phystech2023Math-otbor2-10.pdf,deploy/материалы/mathus.ru
mathus.ru,math,10,,олимпиадные листки,задачи,EH2017Math10.pdf,deploy/материалы/mathus.ru
mathus.ru,math,,,олимпиадные листки,задачи,peremetok.pdf,deploy/материалы/mathus.ru
mathus.ru,math,,,олимпиадные листки,задачи,parameter-lin.pdf,deploy/материалы/mathus.ru
mathus.ru,math,8,,олимпиадные листки,задачи,Lom2019Math78.pdf,deploy/материалы/mathus.ru
mathus.ru,math,8,,олимпиадные листки,задачи,vseros2013f1-8.pdf,deploy/материалы/mathus.ru
mathus.ru,math,11,,олимпиадные листки,задачи,Phystech2023Math-otbor2-11.pdf,deploy/материалы/mathus.ru
mathus.ru,math,10,,олимпиадные листки,задачи,Phystech2026Phys10v1.pdf,deploy/материалы/mathus.ru
mathus.ru,math,,,олимпиадные листки,задачи,trigcircle.pdf,deploy/материалы/mathus.ru
mathus.ru,math,7,,олимпиадные листки,задачи,Belchonok2021Math7v2.pdf,deploy/материалы/mathus.ru
mathus.ru,math,11,,олимпиадные листки,задачи,rosatom2018f11v4.pdf,deploy/материалы/mathus.ru
mathus.ru,math,11,,олимпиадные листки,задачи,EH2017Math11.pdf,deploy/материалы/mathus.ru
mathus.ru,math,9,,олимпиадные листки,задачи,VserosMath2021M9.pdf,deploy/материалы/mathus.ru
mathus.ru,math,,,олимпиадные листки,задачи,poluprovodniki.pdf,deploy/материалы/mathus.ru
mathus.ru,math,11,,олимпиадные листки,задачи,mfo2017-11tur0zaoch3.pdf,deploy/материалы/mathus.ru
mathus.ru,math,9,,олимпиадные листки,задачи,MissVip2023Math9.pdf,deploy/материалы/mathus.ru
mathus.ru,math,,,олимпиадные листки,задачи,MIPTmath1995v2.pdf,deploy/материалы/mathus.ru
mathus.ru,math,10,,олимпиадные листки,задачи,BIBN2018Math10.pdf,deploy/материалы/mathus.ru
mathus.ru,math,9,,олимпиадные листки,задачи,MissVip2022Math9.pdf,deploy/материалы/mathus.ru
mathus.ru,math,11,,олимпиадные листки,задачи,PVG2020Phys11b6.pdf,deploy/материалы/mathus.ru
mathus.ru,math,11,,олимпиадные листки,задачи,pvg10-11m2013v5.pdf,deploy/материалы/mathus.ru
mathus.ru,math,,,олимпиадные листки,задачи,sincos.pdf,deploy/материалы/mathus.ru
mathus.ru,math,,,олимпиадные листки,задачи,parameter-quad3.pdf,deploy/материалы/mathus.ru
mathus.ru,math,9,,олимпиадные листки,задачи,fizteh2018m9v1.pdf,deploy/материалы/mathus.ru
mathus.ru,math,9,,олимпиадные листки,задачи,vseros2006f9okr.pdf,deploy/материалы/mathus.ru
mathus.ru,math,11,,олимпиадные листки,задачи,ommo2025.pdf,deploy/материалы/mathus.ru
mathus.ru,math,11,,олимпиадные листки,задачи,kurchatov2015f11.pdf,deploy/материалы/mathus.ru
mathus.ru,math,7,,олимпиадные листки,задачи,maxwell2018f7.pdf,deploy/материалы/mathus.ru
mathus.ru,math,,,олимпиадные листки,задачи,Euler2012Otbor2.pdf,deploy/материалы/mathus.ru
mathus.ru,math,7,,олимпиадные листки,задачи,EH2015Phys7.pdf,deploy/материалы/mathus.ru
mathus.ru,math,11,,олимпиадные листки,задачи,Rosatom2015Math11.pdf,deploy/материалы/mathus.ru
mathus.ru,math,11,,олимпиадные листки,задачи,SVB2026Phys11.pdf,deploy/материалы/mathus.ru
mathus.ru,math,9,,олимпиадные листки,задачи,vseros2007f9okr.pdf,deploy/материалы/mathus.ru
mathus.ru,math,,,олимпиадные листки,задачи,mm2002-07.pdf,deploy/материалы/mathus.ru
mathus.ru,math,11,,олимпиадные листки,задачи,ommo2019.pdf,deploy/материалы/mathus.ru
mathus.ru,math,5,,олимпиадные листки,задачи,FETT2026Math5.pdf,deploy/материалы/mathus.ru
mathus.ru,math,9,,олимпиадные листки,задачи,Vsesib2022Math9.pdf,deploy/материалы/mathus.ru
mathus.ru,math,,,олимпиадные листки,задачи,DVImath2020v1.pdf,deploy/материалы/mathus.ru
mathus.ru,math,11,,олимпиадные листки,задачи,Belchonok2020Math11v2.pdf,deploy/материалы/mathus.ru
mathus.ru,math,7,,олимпиадные листки,задачи,ustn2025c7.pdf,deploy/материалы/mathus.ru
mathus.ru,math,9,,олимпиадные листки,задачи,Vsesib2023Math9.pdf,deploy/материалы/mathus.ru
mathus.ru,math,,,олимпиадные листки,задачи,pretour-areas-23-24.pdf,deploy/материалы/mathus.ru
mathus.ru,math,9,,олимпиадные листки,задачи,Phystech2026PhysOtbor9v2.pdf,deploy/материалы/mathus.ru
mathus.ru,math,11,,олимпиадные листки,задачи,EH2017Phys11.pdf,deploy/материалы/mathus.ru
mathus.ru,math,,,олимпиадные листки,задачи,pridel.pdf,deploy/материалы/mathus.ru
mathus.ru,math,10,,олимпиадные листки,задачи,ussr83m10.pdf,deploy/материалы/mathus.ru
mathus.ru,math,9,,олимпиадные листки,задачи,Belchonok2022Math9v3.pdf,deploy/материалы/mathus.ru
mathus.ru,math,9,,олимпиадные листки,задачи,VserosPhys2024R9.pdf,deploy/материалы/mathus.ru
mathus.ru,math,8,,олимпиадные листки,задачи,Lom2019Phys78.pdf,deploy/материалы/mathus.ru
mathus.ru,math,9,,олимпиадные листки,задачи,VserosMath2026S9.pdf,deploy/материалы/mathus.ru
mathus.ru,math,,,олимпиадные листки,задачи,msuTrapez.pdf,deploy/материалы/mathus.ru
mathus.ru,math,9,,олимпиадные листки,задачи,vseros2017m1-9.pdf,deploy/материалы/mathus.ru
mathus.ru,math,10,,олимпиадные листки,задачи,BIBN2018Phys10.pdf,deploy/материалы/mathus.ru
mathus.ru,math,10,,олимпиадные листки,задачи,fizteh2017f10v2.pdf,deploy/материалы/mathus.ru
mathus.ru,math,,,олимпиадные листки,задачи,msuRUP.pdf,deploy/материалы/mathus.ru
mathus.ru,math,9,,олимпиадные листки,задачи,InnopolisOpen2024Math9.pdf,deploy/материалы/mathus.ru
mathus.ru,math,7,,олимпиадные листки,задачи,mpmv2025c7.pdf,deploy/материалы/mathus.ru
mathus.ru,math,9,,олимпиадные листки,задачи,vp2023m9.pdf,deploy/материалы/mathus.ru
mathus.ru,math,9,,олимпиадные листки,задачи,InnopolisOpen2025Math9.pdf,deploy/материалы/mathus.ru
mathus.ru,math,10,,олимпиадные листки,задачи,fizteh2016f10v2.pdf,deploy/материалы/mathus.ru
mathus.ru,math,10,,олимпиадные листки,задачи,mmo2019-10.pdf,deploy/материалы/mathus.ru
mathus.ru,math,7,,олимпиадные листки,задачи,kurchatov2014m7.pdf,deploy/материалы/mathus.ru
mathus.ru,math,11,,олимпиадные листки,задачи,MosPhys2020zz2-11.pdf,deploy/материалы/mathus.ru
mathus.ru,math,10,,олимпиадные листки,задачи,MosPhys2023otbor2tur10.pdf,deploy/материалы/mathus.ru
mathus.ru,math,10,,олимпиадные листки,задачи,mfo2015-10tur2.pdf,deploy/материалы/mathus.ru
mathus.ru,math,11,,олимпиадные листки,задачи,MosPhys2019tur2-11.pdf,deploy/материалы/mathus.ru
mathus.ru,math,,,олимпиадные листки,задачи,mpet.pdf,deploy/материалы/mathus.ru
mathus.ru,math,8,,олимпиадные листки,задачи,Belchonok2020Math8v1.pdf,deploy/материалы/mathus.ru
mathus.ru,math,10,,олимпиадные листки,задачи,SVB2018Math10v2.pdf,deploy/материалы/mathus.ru
mathus.ru,math,,,олимпиадные листки,задачи,phtr.pdf,deploy/материалы/mathus.ru
mathus.ru,math,11,,олимпиадные листки,задачи,SVB2026Math11.pdf,deploy/материалы/mathus.ru
mathus.ru,math,,,олимпиадные листки,задачи,MIPTmath2004v2.pdf,deploy/материалы/mathus.ru
mathus.ru,math,,,олимпиадные листки,задачи,lom2005m.pdf,deploy/материалы/mathus.ru
mathus.ru,math,7,,олимпиадные листки,задачи,SAMMAT2023-7.pdf,deploy/материалы/mathus.ru
mathus.ru,math,11,,олимпиадные листки,задачи,Rosatom2019Math11v3.pdf,deploy/материалы/mathus.ru
mathus.ru,math,10,,олимпиадные листки,задачи,vseros1993f10fin.pdf,deploy/материалы/mathus.ru
mathus.ru,math,,,олимпиадные листки,задачи,Trig_FT_RA.pdf,deploy/материалы/mathus.ru
mathus.ru,math,,,олимпиадные листки,задачи,DVImath2022v3.pdf,deploy/материалы/mathus.ru
mathus.ru,math,,,олимпиадные листки,задачи,om.pdf,deploy/материалы/mathus.ru
mathus.ru,math,9,,олимпиадные листки,задачи,mmo2012-9.pdf,deploy/материалы/mathus.ru
mathus.ru,math,11,,олимпиадные листки,задачи,Lom2023Math11.pdf,deploy/материалы/mathus.ru
mathus.ru,math,,,олимпиадные листки,задачи,probability.pdf,deploy/материалы/mathus.ru
mathus.ru,math,,,олимпиадные листки,задачи,baroformula.pdf,deploy/материалы/mathus.ru
mathus.ru,math,11,,олимпиадные листки,задачи,mfo2010-11tur2.pdf,deploy/материалы/mathus.ru
mathus.ru,math,6,,олимпиадные листки,задачи,ustn2018-6.pdf,deploy/материалы/mathus.ru
mathus.ru,math,9,,олимпиадные листки,задачи,mfo2014-9tur1.pdf,deploy/материалы/mathus.ru
mathus.ru,math,,,олимпиадные листки,задачи,trigurrad.pdf,deploy/материалы/mathus.ru
mathus.ru,math,10,,олимпиадные листки,задачи,EH2022Math10.pdf,deploy/материалы/mathus.ru
mathus.ru,math,11,,олимпиадные листки,задачи,rosatom2011f11tom.pdf,deploy/материалы/mathus.ru
mathus.ru,math,,,олимпиадные листки,задачи,prusoed.pdf,deploy/материалы/mathus.ru
mathus.ru,math,,,олимпиадные листки,задачи,nerko.pdf,deploy/материалы/mathus.ru
mathus.ru,math,11,,олимпиадные листки,задачи,Rosatom2023Phys11v2.pdf,deploy/материалы/mathus.ru
mathus.ru,math,11,,олимпиадные листки,задачи,Eng2024-11.pdf,deploy/материалы/mathus.ru
mathus.ru,math,11,,олимпиадные листки,задачи,fizteh-online2016f11.pdf,deploy/материалы/mathus.ru
mathus.ru,math,,,олимпиадные листки,задачи,parameter-var.pdf,deploy/материалы/mathus.ru
mathus.ru,math,,,олимпиадные листки,задачи,AlgebraPV.pdf,deploy/материалы/mathus.ru
mathus.ru,math,9,,олимпиадные листки,задачи,VserosPhys2019R9.pdf,deploy/материалы/mathus.ru
mathus.ru,math,9,,олимпиадные листки,задачи,Vsesib2015Phys9.pdf,deploy/материалы/mathus.ru
mathus.ru,math,11,,олимпиадные листки,задачи,pvg2015f10-11b2.pdf,deploy/материалы/mathus.ru
mathus.ru,math,6,,олимпиадные листки,задачи,mp2007-6.pdf,deploy/материалы/mathus.ru
mathus.ru,math,,,олимпиадные листки,задачи,fizteh11m2011-viezd.pdf,deploy/материалы/mathus.ru
mathus.ru,math,9,,олимпиадные листки,задачи,SVB2019Math9v1.pdf,deploy/материалы/mathus.ru
mathus.ru,math,10,,олимпиадные листки,задачи,mfo2018-10tur1.pdf,deploy/материалы/mathus.ru
mathus.ru,math,7,,олимпиадные листки,задачи,mfo2016-7tur1.pdf,deploy/материалы/mathus.ru
mathus.ru,math,7,,олимпиадные листки,задачи,EH2022Math7.pdf,deploy/материалы/mathus.ru
mathus.ru,math,7,,олимпиадные листки,задачи,mfo2014-7.pdf,deploy/материалы/mathus.ru
mathus.ru,math,,,олимпиадные листки,задачи,svgraph.pdf,deploy/материалы/mathus.ru
mathus.ru,math,,,олимпиадные листки,задачи,urkol1.pdf,deploy/материалы/mathus.ru
mathus.ru,math,11,,олимпиадные листки,задачи,vseros2002f11okr.pdf,deploy/материалы/mathus.ru
mathus.ru,math,10,,олимпиадные листки,задачи,mmo2015-10.pdf,deploy/материалы/mathus.ru
mathus.ru,math,,,олимпиадные листки,задачи,DVImath2024v5.pdf,deploy/материалы/mathus.ru
mathus.ru,math,11,,олимпиадные листки,задачи,Rosatom2022Math11v1.pdf,deploy/материалы/mathus.ru
mathus.ru,math,7,,олимпиадные листки,задачи,BIBN2026Math7.pdf,deploy/материалы/mathus.ru
mathus.ru,math,7,,олимпиадные листки,задачи,vseros2015f2-7.pdf,deploy/материалы/mathus.ru
mathus.ru,math,7,,олимпиадные листки,задачи,EH2023Math7.pdf,deploy/материалы/mathus.ru
mathus.ru,math,7,,олимпиадные листки,задачи,rosatom2017f7.pdf,deploy/материалы/mathus.ru
mathus.ru,math,4,,олимпиадные листки,задачи,VserosMath2017S4.pdf,deploy/материалы/mathus.ru
mathus.ru,math,7,,олимпиадные листки,задачи,Rosatom2021Math7.pdf,deploy/материалы/mathus.ru
mathus.ru,math,9,,олимпиадные листки,задачи,VserosPhys2020S9.pdf,deploy/материалы/mathus.ru
mathus.ru,math,9,,олимпиадные листки,задачи,Kurchatov2021Math9.pdf,deploy/материалы/mathus.ru
mathus.ru,math,10,,олимпиадные листки,задачи,EH2022Phys10.pdf,deploy/материалы/mathus.ru
mathus.ru,math,7,,олимпиадные листки,задачи,Rosatom2020Math7.pdf,deploy/материалы/mathus.ru
mathus.ru,math,10,,олимпиадные листки,задачи,MissVip2025Math10.pdf,deploy/материалы/mathus.ru
mathus.ru,math,9,,олимпиадные листки,задачи,VserosMath2022R9.pdf,deploy/материалы/mathus.ru
mathus.ru,math,9,,олимпиадные листки,задачи,Kurchatov2020Math9.pdf,deploy/материалы/mathus.ru
mathus.ru,math,11,,олимпиадные листки,задачи,Phystech2024Phys-otbor3-11.pdf,deploy/материалы/mathus.ru
mathus.ru,math,6,,олимпиадные листки,задачи,pvg2016m5-6v2a.pdf,deploy/материалы/mathus.ru
mathus.ru,math,8,,олимпиадные листки,задачи,ITMO2025Phys8.pdf,deploy/материалы/mathus.ru
mathus.ru,math,10,,олимпиадные листки,задачи,vseros2012f4-10.pdf,deploy/материалы/mathus.ru
mathus.ru,math,11,,олимпиадные листки,задачи,mmo2023-11.pdf,deploy/материалы/mathus.ru
mathus.ru,math,,,олимпиадные листки,задачи,Zmech.pdf,deploy/материалы/mathus.ru
mathus.ru,math,,,олимпиадные листки,задачи,msuPokazNera.pdf,deploy/материалы/mathus.ru
mathus.ru,math,8,,олимпиадные листки,задачи,SVB2023Math8otbor.pdf,deploy/материалы/mathus.ru
mathus.ru,math,10,,олимпиадные листки,задачи,vseros2013f4-10.pdf,deploy/материалы/mathus.ru
mathus.ru,math,8,,олимпиадные листки,задачи,ITMO2024Phys8.pdf,deploy/материалы/mathus.ru
mathus.ru,math,6,,олимпиадные листки,задачи,mp1996-6.pdf,deploy/материалы/mathus.ru
mathus.ru,math,9,,олимпиадные листки,задачи,SVB2023Math9otbor.pdf,deploy/материалы/mathus.ru
mathus.ru,math,,,олимпиадные листки,задачи,UraNera.pdf,deploy/материалы/mathus.ru
mathus.ru,math,,,олимпиадные листки,задачи,conserva.pdf,deploy/материалы/mathus.ru
mathus.ru,math,,,олимпиадные листки,задачи,MIPTphys2002v2.pdf,deploy/материалы/mathus.ru
mathus.ru,math,9,,олимпиадные листки,задачи,vseros2011f4-9.pdf,deploy/материалы/mathus.ru
mathus.ru,math,11,,олимпиадные листки,задачи,Phystech2025PhysOtbor11v2.pdf,deploy/материалы/mathus.ru
mathus.ru,math,7,,олимпиадные листки,задачи,mp2023-7.pdf,deploy/материалы/mathus.ru
mathus.ru,math,,,олимпиадные листки,задачи,area.pdf,deploy/материалы/mathus.ru
mathus.ru,math,,,олимпиадные листки,задачи,Euler2024R.pdf,deploy/материалы/mathus.ru
mathus.ru,math,10,,олимпиадные листки,задачи,Phystech2026MathOtbor10v2.pdf,deploy/материалы/mathus.ru
mathus.ru,math,10,,олимпиадные листки,задачи,fizteh10f2011.pdf,deploy/материалы/mathus.ru
mathus.ru,math,9,,олимпиадные листки,задачи,mfo2016-9tur0och.pdf,deploy/материалы/mathus.ru
mathus.ru,math,9,,олимпиадные листки,задачи,Phystech2023Phys-otbor1-9.pdf,deploy/материалы/mathus.ru
mathus.ru,math,10,,олимпиадные листки,задачи,Eng2023otbor10.pdf,deploy/материалы/mathus.ru
mathus.ru,math,,,олимпиадные листки,задачи,demoweb.pdf,deploy/материалы/mathus.ru
mathus.ru,math,11,,олимпиадные листки,задачи,fizteh11f2011.pdf,deploy/материалы/mathus.ru
mathus.ru,math,10,,олимпиадные листки,задачи,Belchonok2026Math10.pdf,deploy/материалы/mathus.ru
mathus.ru,math,8,,олимпиадные листки,задачи,SVB2026Math8.pdf,deploy/материалы/mathus.ru
mathus.ru,math,9,,олимпиадные листки,задачи,MosPhys2021tur2-9.pdf,deploy/материалы/mathus.ru
mathus.ru,math,11,,олимпиадные листки,задачи,FETT2024Phys11.pdf,deploy/материалы/mathus.ru
mathus.ru,math,10,,олимпиадные листки,задачи,kurchatov2017f10.pdf,deploy/материалы/mathus.ru
mathus.ru,math,,,олимпиадные листки,задачи,idealgas.pdf,deploy/материалы/mathus.ru
mathus.ru,math,6,,олимпиадные листки,задачи,ustn2021-6.pdf,deploy/материалы/mathus.ru
mathus.ru,math,,,олимпиадные листки,задачи,parameter-horeq.pdf,deploy/материалы/mathus.ru
mathus.ru,math,11,,олимпиадные листки,задачи,mfo2009-11tur2.pdf,deploy/материалы/mathus.ru
mathus.ru,math,11,,олимпиадные листки,задачи,VP2020Phys11.pdf,deploy/материалы/mathus.ru
mathus.ru,math,,,олимпиадные листки,задачи,MIPTmath2000v2.pdf,deploy/материалы/mathus.ru
mathus.ru,math,9,,олимпиадные листки,задачи,vseros2014m4-9.pdf,deploy/материалы/mathus.ru
mathus.ru,math,,,олимпиадные листки,задачи,Euler2025R.pdf,deploy/материалы/mathus.ru
mathus.ru,math,9,,олимпиадные листки,задачи,vseros1993f9zon.pdf,deploy/материалы/mathus.ru
mathus.ru,math,10,,олимпиадные листки,задачи,MosPhys2022otbor2tur10.pdf,deploy/материалы/mathus.ru
mathus.ru,math,9,,олимпиадные листки,задачи,FETT2020Phys9.pdf,deploy/материалы/mathus.ru
mathus.ru,math,10,,олимпиадные листки,задачи,vseros1998f10fin.pdf,deploy/материалы/mathus.ru
mathus.ru,math,9,,олимпиадные листки,задачи,vseros1992f9zon.pdf,deploy/материалы/mathus.ru
mathus.ru,math,11,,олимпиадные листки,задачи,Kurchatov2021Phys11.pdf,deploy/материалы/mathus.ru
mathus.ru,math,9,,олимпиадные листки,задачи,FETT2021Phys9.pdf,deploy/материалы/mathus.ru
mathus.ru,math,9,,олимпиадные листки,задачи,mmo2016-9.pdf,deploy/материалы/mathus.ru
mathus.ru,math,8,,олимпиадные листки,задачи,mfo2014-8tur0zaoch1.pdf,deploy/материалы/mathus.ru
mathus.ru,math,9,,олимпиадные листки,задачи,VserosPhys2020R9.pdf,deploy/материалы/mathus.ru
mathus.ru,math,,,олимпиадные листки,задачи,geometric-progression.pdf,deploy/материалы/mathus.ru
mathus.ru,math,9,,олимпиадные листки,задачи,BIBN2022Math9.pdf,deploy/материалы/mathus.ru
mathus.ru,math,,,олимпиадные листки,задачи,lamps.pdf,deploy/материалы/mathus.ru
mathus.ru,math,,,олимпиадные листки,задачи,ursos.pdf,deploy/материалы/mathus.ru
mathus.ru,math,9,,олимпиадные листки,задачи,mfo2006-9tur2.pdf,deploy/материалы/mathus.ru
mathus.ru,math,9,,олимпиадные листки,задачи,BIBN2023Math9.pdf,deploy/материалы/mathus.ru
mathus.ru,math,9,,олимпиадные листки,задачи,VserosMath2022S9.pdf,deploy/материалы/mathus.ru
mathus.ru,math,8,,олимпиадные листки,задачи,MosPhys2021zz1-8.pdf,deploy/материалы/mathus.ru
mathus.ru,math,6,,олимпиадные листки,задачи,pvg2016m5-6v3a.pdf,deploy/материалы/mathus.ru
mathus.ru,math,,,олимпиадные листки,задачи,prelozak.pdf,deploy/материалы/mathus.ru
mathus.ru,math,9,,олимпиадные листки,задачи,pvg2016m9v1b.pdf,deploy/материалы/mathus.ru
mathus.ru,math,11,,олимпиадные листки,задачи,rosatom2011f11vlg.pdf,deploy/материалы/mathus.ru
mathus.ru,math,11,,олимпиадные листки,задачи,rosatom2011f11obn.pdf,deploy/материалы/mathus.ru
mathus.ru,math,,,олимпиадные листки,задачи,eds.pdf,deploy/материалы/mathus.ru
mathus.ru,math,,,олимпиадные листки,задачи,minimax1.pdf,deploy/материалы/mathus.ru
mathus.ru,math,8,,олимпиадные листки,задачи,MosPhys2020zz1-8.pdf,deploy/материалы/mathus.ru
mathus.ru,math,9,,олимпиадные листки,задачи,pvg2017m9v1b.pdf,deploy/материалы/mathus.ru
mathus.ru,math,7,,олимпиадные листки,задачи,ustn2005-7.pdf,deploy/материалы/mathus.ru
mathus.ru,math,9,,олимпиадные листки,задачи,VserosPhys2019S9.pdf,deploy/материалы/mathus.ru
mathus.ru,math,8,,олимпиадные листки,задачи,vseros2018f2-8.pdf,deploy/материалы/mathus.ru
mathus.ru,math,10,,олимпиадные листки,задачи,Belchonok2023Math10v1.pdf,deploy/материалы/mathus.ru
mathus.ru,math,11,,олимпиадные листки,задачи,FETT2024Math11.pdf,deploy/материалы/mathus.ru
mathus.ru,math,6,,олимпиадные листки,задачи,Lom2021Math56.pdf,deploy/материалы/mathus.ru
mathus.ru,math,,,олимпиадные листки,задачи,Euler2019Otbor2.pdf,deploy/материалы/mathus.ru
mathus.ru,math,9,,олимпиадные листки,задачи,Rosatom2024Math9.pdf,deploy/материалы/mathus.ru
mathus.ru,math,,,олимпиадные листки,задачи,sloskor.pdf,deploy/материалы/mathus.ru
mathus.ru,math,,,олимпиадные листки,задачи,mm1994-05.pdf,deploy/материалы/mathus.ru
mathus.ru,math,,,олимпиадные листки,задачи,DVImath2024v1.pdf,deploy/материалы/mathus.ru
mathus.ru,math,11,,олимпиадные листки,задачи,Phystech2024Math11v1.pdf,deploy/материалы/mathus.ru
mathus.ru,math,7,,олимпиадные листки,задачи,Kurchatov2024Math7.pdf,deploy/материалы/mathus.ru
mathus.ru,math,,,олимпиадные листки,задачи,tregran.pdf,deploy/материалы/mathus.ru
mathus.ru,math,9,,олимпиадные листки,задачи,Rosatom2025Math9.pdf,deploy/материалы/mathus.ru
mathus.ru,math,11,,олимпиадные листки,задачи,Kurchatov2021Math11.pdf,deploy/материалы/mathus.ru
mathus.ru,math,9,,олимпиадные листки,задачи,Eng2024-9.pdf,deploy/материалы/mathus.ru
mathus.ru,math,7,,олимпиадные листки,задачи,Kurchatov2025Math7.pdf,deploy/материалы/mathus.ru
mathus.ru,math,,,олимпиадные листки,задачи,DVImath2014.pdf,deploy/материалы/mathus.ru
mathus.ru,math,9,,олимпиадные листки,задачи,Phystech2023Math9v1.pdf,deploy/материалы/mathus.ru
mathus.ru,math,,,олимпиадные листки,задачи,sumnum.pdf,deploy/материалы/mathus.ru
mathus.ru,math,,,олимпиадные листки,задачи,KvadraNera16.pdf,deploy/материалы/mathus.ru
mathus.ru,math,6,,олимпиадные листки,задачи,mpmv2021-6.pdf,deploy/материалы/mathus.ru
mathus.ru,math,11,,олимпиадные листки,задачи,vseros1997f11fin.pdf,deploy/материалы/mathus.ru
mathus.ru,math,10,,олимпиадные листки,задачи,fizteh-online2018f10.pdf,deploy/материалы/mathus.ru
mathus.ru,math,9,,олимпиадные листки,задачи,VserosMath2025M9.pdf,deploy/материалы/mathus.ru
mathus.ru,math,9,,олимпиадные листки,задачи,Phystech2026Phys9v2.pdf,deploy/материалы/mathus.ru
mathus.ru,math,,,олимпиадные листки,задачи,euler2013-2.pdf,deploy/материалы/mathus.ru
mathus.ru,math,10,,олимпиадные листки,задачи,vseros2018m2-10.pdf,deploy/материалы/mathus.ru
mathus.ru,math,,,олимпиадные листки,задачи,alguzap.pdf,deploy/материалы/mathus.ru
mathus.ru,math,,,олимпиадные листки,задачи,Euler2014Otbor1.pdf,deploy/материалы/mathus.ru
mathus.ru,math,9,,олимпиадные листки,задачи,SVB2022PhysOtbor9.pdf,deploy/материалы/mathus.ru
mathus.ru,math,11,,олимпиадные листки,задачи,Phystech2025Phys11v2.pdf,deploy/материалы/mathus.ru
mathus.ru,math,,,олимпиадные листки,задачи,dielkon.pdf,deploy/материалы/mathus.ru
mathus.ru,math,10,,олимпиадные листки,задачи,Vsesib2019Phys10.pdf,deploy/материалы/mathus.ru
mathus.ru,math,,,олимпиадные листки,задачи,MIPTphys2006v2.pdf,deploy/материалы/mathus.ru
mathus.ru,math,8,,олимпиадные листки,задачи,KFU2022Math8.pdf,deploy/материалы/mathus.ru
mathus.ru,math,,,олимпиадные листки,задачи,charge.pdf,deploy/материалы/mathus.ru
mathus.ru,math,9,,олимпиадные листки,задачи,FETT2017Math9.pdf,deploy/материалы/mathus.ru
mathus.ru,math,,,олимпиадные листки,задачи,cigas_mipt2023.pdf,deploy/материалы/mathus.ru
mathus.ru,math,,,олимпиадные листки,задачи,nz.pdf,deploy/материалы/mathus.ru
mathus.ru,math,,,олимпиадные листки,задачи,mm1998-05.pdf,deploy/материалы/mathus.ru
mathus.ru,math,9,,олимпиадные листки,задачи,FETT2016Math9.pdf,deploy/материалы/mathus.ru
mathus.ru,math,8,,олимпиадные листки,задачи,KFU2023Math8.pdf,deploy/материалы/mathus.ru
mathus.ru,math,8,,олимпиадные листки,задачи,PVG2023Math78.pdf,deploy/материалы/mathus.ru
mathus.ru,math,11,,олимпиадные листки,задачи,mmo2017-11.pdf,deploy/материалы/mathus.ru
mathus.ru,math,11,,олимпиадные листки,задачи,ITMO2025Phys11.pdf,deploy/материалы/mathus.ru
mathus.ru,math,9,,олимпиадные листки,задачи,motiliq.pdf,deploy/материалы/mathus.ru
mathus.ru,math,,,олимпиадные листки,задачи,alfustin.pdf,deploy/материалы/mathus.ru
mathus.ru,math,11,,олимпиадные листки,задачи,KFU2024Math11.pdf,deploy/материалы/mathus.ru
mathus.ru,math,,,олимпиадные листки,задачи,DVImath2022v7.pdf,deploy/материалы/mathus.ru
mathus.ru,math,9,,олимпиадные листки,задачи,Eng2025otbor9.pdf,deploy/материалы/mathus.ru
mathus.ru,math,,,олимпиадные листки,задачи,EH2017Math11z4.pdf,deploy/материалы/mathus.ru
mathus.ru,math,10,,олимпиадные листки,задачи,vseros2006f10okr.pdf,deploy/материалы/mathus.ru
mathus.ru,math,9,,олимпиадные листки,задачи,VserosPhys2024S9.pdf,deploy/материалы/mathus.ru
mathus.ru,math,8,,олимпиадные листки,задачи,fizteh-online2017f8.pdf,deploy/материалы/mathus.ru
mathus.ru,math,11,,олимпиадные листки,задачи,rosatom2014f11mos.pdf,deploy/материалы/mathus.ru
mathus.ru,math,10,,олимпиадные листки,задачи,mfo2014-10tur0zaoch3.pdf,deploy/материалы/mathus.ru
mathus.ru,math,7,,олимпиадные листки,задачи,Vsesib2026Math7.pdf,deploy/материалы/mathus.ru
mathus.ru,math,9,,олимпиадные листки,задачи,VserosMath2026R9.pdf,deploy/материалы/mathus.ru
mathus.ru,math,11,,олимпиадные листки,задачи,BIBN2026Phys11.pdf,deploy/материалы/mathus.ru
mathus.ru,math,9,,олимпиадные листки,задачи,Phystech2019Math9v2.pdf,deploy/материалы/mathus.ru
mathus.ru,math,11,,олимпиадные листки,задачи,pvg10-11m2011v3.pdf,deploy/материалы/mathus.ru
mathus.ru,math,9,,олимпиадные листки,задачи,BIBN2015Phys9.pdf,deploy/материалы/mathus.ru
mathus.ru,math,11,,олимпиадные листки,задачи,Eng2026otbor11.pdf,deploy/материалы/mathus.ru
mathus.ru,math,6,,олимпиадные листки,задачи,mp1992-6.pdf,deploy/материалы/mathus.ru
mathus.ru,math,10,,олимпиадные листки,задачи,Rosatom2021Math10v2.pdf,deploy/материалы/mathus.ru
mathus.ru,math,,,олимпиадные листки,задачи,mm2002-03.pdf,deploy/материалы/mathus.ru
mathus.ru,math,10,,олимпиадные листки,задачи,mfo2015-10tur0zaoch.pdf,deploy/материалы/mathus.ru
mathus.ru,math,6,,олимпиадные листки,задачи,mp2003-6.pdf,deploy/материалы/mathus.ru
mathus.ru,math,,,олимпиадные листки,задачи,MIPTmath2006v4.pdf,deploy/материалы/mathus.ru
mathus.ru,math,10,,олимпиадные листки,задачи,Vsesib2019Math10.pdf,deploy/материалы/mathus.ru
mathus.ru,math,11,,олимпиадные листки,задачи,mmo2009-11.pdf,deploy/материалы/mathus.ru
mathus.ru,math,,,олимпиадные листки,задачи,procoper.pdf,deploy/материалы/mathus.ru
mathus.ru,math,10,,олимпиадные листки,задачи,SVB2025PhysOtbor10v1.pdf,deploy/материалы/mathus.ru
mathus.ru,math,,,олимпиадные листки,задачи,tuy2013m-sl.pdf,deploy/материалы/mathus.ru
mathus.ru,math,3,,олимпиадные листки,задачи,ClassProbab.pdf,deploy/материалы/mathus.ru
mathus.ru,math,11,,олимпиадные листки,задачи,pvg2017m10-11zhe.pdf,deploy/материалы/mathus.ru
mathus.ru,math,11,,олимпиадные листки,задачи,ommo2021.pdf,deploy/материалы/mathus.ru
mathus.ru,math,11,,олимпиадные листки,задачи,ommo2009.pdf,deploy/материалы/mathus.ru
mathus.ru,math,7,,олимпиадные листки,задачи,mfo2010-7.pdf,deploy/материалы/mathus.ru
mathus.ru,math,9,,олимпиадные листки,задачи,mfo2012-9tur2.pdf,deploy/материалы/mathus.ru
mathus.ru,math,11,,олимпиадные листки,задачи,ITMO2025Math11.pdf,deploy/материалы/mathus.ru
mathus.ru,math,,,олимпиадные листки,задачи,krugodvi.pdf,deploy/материалы/mathus.ru
mathus.ru,math,11,,олимпиадные листки,задачи,KFU2024Phys11.pdf,deploy/материалы/mathus.ru
mathus.ru,math,,,олимпиадные листки,задачи,DVImath2020v5.pdf,deploy/материалы/mathus.ru
mathus.ru,math,7,,олимпиадные листки,задачи,rosatom2013f7.pdf,deploy/материалы/mathus.ru
mathus.ru,math,10,,олимпиадные листки,задачи,vseros2015f2-10.pdf,deploy/материалы/mathus.ru
mathus.ru,math,,,олимпиадные листки,задачи,potential.pdf,deploy/материалы/mathus.ru
mathus.ru,math,9,,олимпиадные листки,задачи,VserosPhys2023M9.pdf,deploy/материалы/mathus.ru
mathus.ru,math,,,олимпиадные листки,задачи,huygens.pdf,deploy/материалы/mathus.ru
mathus.ru,math,8,,олимпиадные листки,задачи,EH2018Math8.pdf,deploy/материалы/mathus.ru
mathus.ru,math,7,,олимпиадные листки,задачи,MosPhys2025c7.pdf,deploy/материалы/mathus.ru
mathus.ru,math,8,,олимпиадные листки,задачи,vseros2016m1-8.pdf,deploy/материалы/mathus.ru
mathus.ru,math,10,,олимпиадные листки,задачи,vseros2014f2-10.pdf,deploy/материалы/mathus.ru
mathus.ru,math,10,,олимпиадные листки,задачи,Rosatom2020Phys10v1.pdf,deploy/материалы/mathus.ru
mathus.ru,math,8,,олимпиадные листки,задачи,EH2019Math8.pdf,deploy/материалы/mathus.ru
mathus.ru,math,11,,олимпиадные листки,задачи,Lom2019Phys1011.pdf,deploy/материалы/mathus.ru
mathus.ru,math,11,,олимпиадные листки,задачи,BIBN2026Math11.pdf,deploy/материалы/mathus.ru
mathus.ru,math,11,,олимпиадные листки,задачи,pvg10-11m2013v1.pdf,deploy/материалы/mathus.ru
mathus.ru,math,10,,олимпиадные листки,задачи,Phystech2019Math10v1.pdf,deploy/материалы/mathus.ru
mathus.ru,math,10,,олимпиадные листки,задачи,Phystech2024Phys-otbor1-10.pdf,deploy/материалы/mathus.ru
mathus.ru,math,10,,олимпиадные листки,задачи,mmo2021-10.pdf,deploy/материалы/mathus.ru
mathus.ru,math,11,,олимпиадные листки,задачи,Phystech2024Phys-otbor1-11.pdf,deploy/материалы/mathus.ru
mathus.ru,math,11,,олимпиадные листки,задачи,mmo2021-11.pdf,deploy/материалы/mathus.ru
mathus.ru,math,,,олимпиадные листки,задачи,ineq.pdf,deploy/материалы/mathus.ru
mathus.ru,math,7,,олимпиадные листки,задачи,vp2014m7.pdf,deploy/материалы/mathus.ru
mathus.ru,math,11,,олимпиадные листки,задачи,SVB2021Phys11v1.pdf,deploy/материалы/mathus.ru
mathus.ru,math,,,олимпиадные листки,задачи,Euler2021Otbor1.pdf,deploy/материалы/mathus.ru
mathus.ru,math,10,,олимпиадные листки,задачи,BIBN2026Math10.pdf,deploy/материалы/mathus.ru
mathus.ru,math,11,,олимпиадные листки,задачи,vseros2014f2-11.pdf,deploy/материалы/mathus.ru
mathus.ru,math,11,,олимпиадные листки,задачи,rosatom2018f11v1.pdf,deploy/материалы/mathus.ru
mathus.ru,math,9,,олимпиадные листки,задачи,vseros2016m1-9.pdf,deploy/материалы/mathus.ru
mathus.ru,math,9,,олимпиадные листки,задачи,EH2019Math9.pdf,deploy/материалы/mathus.ru
mathus.ru,math,11,,олимпиадные листки,задачи,PVG2022Phys1011.pdf,deploy/материалы/mathus.ru
mathus.ru,math,,,олимпиадные листки,задачи,mkt.pdf,deploy/материалы/mathus.ru
mathus.ru,math,11,,олимпиадные листки,задачи,mfo2018-11tur0zaoch1.pdf,deploy/материалы/mathus.ru
mathus.ru,math,11,,олимпиадные листки,задачи,vseros2015f2-11.pdf,deploy/материалы/mathus.ru
mathus.ru,math,7,,олимпиадные листки,задачи,MosPhys2024tur2-7.pdf,deploy/материалы/mathus.ru
mathus.ru,math,8,,олимпиадные листки,задачи,VserosPhys2023M8.pdf,deploy/материалы/mathus.ru
mathus.ru,math,9,,олимпиадные листки,задачи,EH2018Math9.pdf,deploy/материалы/mathus.ru
mathus.ru,math,,,олимпиадные листки,задачи,ComplexNumbersAltCurrent.pdf,deploy/материалы/mathus.ru
mathus.ru,math,,,олимпиадные листки,задачи,FUN.pdf,deploy/материалы/mathus.ru
mathus.ru,math,,,олимпиадные листки,задачи,DVImath2020v4.pdf,deploy/материалы/mathus.ru
mathus.ru,math,7,,олимпиадные листки,задачи,ITMO2016Math7.pdf,deploy/материалы/mathus.ru
mathus.ru,math,,,олимпиадные листки,задачи,FVU.pdf,deploy/материалы/mathus.ru
mathus.ru,math,,,олимпиадные листки,задачи,soobsos.pdf,deploy/материалы/mathus.ru
mathus.ru,math,11,,олимпиадные листки,задачи,SVB2020Math11v2.pdf,deploy/материалы/mathus.ru
mathus.ru,math,10,,олимпиадные листки,задачи,KFU2024Phys10.pdf,deploy/материалы/mathus.ru
mathus.ru,math,,,олимпиадные листки,задачи,ostatki.pdf,deploy/материалы/mathus.ru
mathus.ru,math,7,,олимпиадные листки,задачи,mfo2015-7tur0och.pdf,deploy/материалы/mathus.ru
mathus.ru,math,,,олимпиадные листки,задачи,provodniki.pdf,deploy/материалы/mathus.ru
mathus.ru,math,7,,олимпиадные листки,задачи,ITMO2017Math7.pdf,deploy/материалы/mathus.ru
mathus.ru,math,10,,олимпиадные листки,задачи,ITMO2025Math10.pdf,deploy/материалы/mathus.ru
mathus.ru,math,9,,олимпиадные листки,задачи,turgor2015vs89.pdf,deploy/материалы/mathus.ru
mathus.ru,math,,,олимпиадные листки,задачи,ea3_kbs.pdf,deploy/материалы/mathus.ru
mathus.ru,math,9,,олимпиадные листки,задачи,PVG2023Phys79.pdf,deploy/материалы/mathus.ru
mathus.ru,math,9,,олимпиадные листки,задачи,vseros2004f9fin.pdf,deploy/материалы/mathus.ru
mathus.ru,math,,,олимпиадные листки,задачи,nodnok.pdf,deploy/материалы/mathus.ru
mathus.ru,math,11,,олимпиадные листки,задачи,ommo2020.pdf,deploy/материалы/mathus.ru
mathus.ru,math,,,олимпиадные листки,задачи,MIPTphys2004v1.pdf,deploy/материалы/mathus.ru
mathus.ru,math,9,,олимпиадные листки,задачи,vseros2005f9fin.pdf,deploy/материалы/mathus.ru
mathus.ru,math,8,,олимпиадные листки,задачи,Rosatom2020Phys8v2.pdf,deploy/материалы/mathus.ru
mathus.ru,math,10,,олимпиадные листки,задачи,mmo2009-10.pdf,deploy/материалы/mathus.ru
mathus.ru,math,7,,олимпиадные листки,задачи,mp2003-7.pdf,deploy/материалы/mathus.ru
mathus.ru,math,11,,олимпиадные листки,задачи,Vsesib2019Math11.pdf,deploy/материалы/mathus.ru
mathus.ru,math,11,,олимпиадные листки,задачи,mfo2015-11tur2.pdf,deploy/материалы/mathus.ru
mathus.ru,math,7,,олимпиадные листки,задачи,mp1992-7.pdf,deploy/материалы/mathus.ru
mathus.ru,math,11,,олимпиадные листки,задачи,pvg10-11m2011v2.pdf,deploy/материалы/mathus.ru
mathus.ru,math,9,,олимпиадные листки,задачи,pvg2018m9v3b.pdf,deploy/материалы/mathus.ru
mathus.ru,math,10,,олимпиадные листки,задачи,BIBN2026Phys10.pdf,deploy/материалы/mathus.ru
mathus.ru,math,,,олимпиадные листки,задачи,Stereometry_FT.pdf,deploy/материалы/mathus.ru
mathus.ru,math,,,олимпиадные листки,задачи,waveoptics.pdf,deploy/материалы/mathus.ru
mathus.ru,math,10,,олимпиадные листки,задачи,Eng2026otbor10.pdf,deploy/материалы/mathus.ru
mathus.ru,math,8,,олимпиадные листки,задачи,BIBN2015Phys8.pdf,deploy/материалы/mathus.ru
mathus.ru,math,9,,олимпиадные листки,задачи,SAMMAT2021-9v1.pdf,deploy/материалы/mathus.ru
mathus.ru,math,7,,олимпиадные листки,задачи,maxwell2018r7.pdf,deploy/материалы/mathus.ru
mathus.ru,math,,,олимпиадные листки,задачи,linfocus.pdf,deploy/материалы/mathus.ru
mathus.ru,math,10,,олимпиадные листки,задачи,mfo2014-10tur0zaoch2.pdf,deploy/материалы/mathus.ru
mathus.ru,math,,,олимпиадные листки,задачи,numner57.pdf,deploy/материалы/mathus.ru
mathus.ru,math,9,,олимпиадные листки,задачи,fizteh-online2017f9.pdf,deploy/материалы/mathus.ru
mathus.ru,math,,,олимпиадные листки,задачи,AlgebraPUN_MSU.pdf,deploy/материалы/mathus.ru
mathus.ru,math,8,,олимпиадные листки,задачи,VserosPhys2024S8.pdf,deploy/материалы/mathus.ru
mathus.ru,math,,,олимпиадные листки,задачи,vconst.pdf,deploy/материалы/mathus.ru
mathus.ru,math,,,олимпиадные листки,задачи,DVImath2022v6.pdf,deploy/материалы/mathus.ru
mathus.ru,math,10,,олимпиадные листки,задачи,KFU2024Math10.pdf,deploy/материалы/mathus.ru
mathus.ru,math,10,,олимпиадные листки,задачи,ITMO2025Phys10.pdf,deploy/материалы/mathus.ru
mathus.ru,math,10,,олимпиадные листки,задачи,mmo2017-10.pdf,deploy/материалы/mathus.ru
mathus.ru,math,,,олимпиадные листки,задачи,efield.pdf,deploy/материалы/mathus.ru
mathus.ru,math,11,,олимпиадные листки,задачи,Rosatom2026Phys11v2.pdf,deploy/материалы/mathus.ru
mathus.ru,math,,,олимпиадные листки,задачи,rirr.pdf,deploy/материалы/mathus.ru
mathus.ru,math,9,,олимпиадные листки,задачи,KFU2023Math9.pdf,deploy/материалы/mathus.ru
mathus.ru,math,8,,олимпиадные листки,задачи,pvg2017m7-8v2b.pdf,deploy/материалы/mathus.ru
mathus.ru,math,8,,олимпиадные листки,задачи,FETT2016Math8.pdf,deploy/материалы/mathus.ru
mathus.ru,math,11,,олимпиадные листки,задачи,Vsesib2019Phys11.pdf,deploy/материалы/mathus.ru
mathus.ru,math,8,,олимпиадные листки,задачи,FETT2017Math8.pdf,deploy/материалы/mathus.ru
mathus.ru,math,9,,олимпиадные листки,задачи,KFU2022Math9.pdf,deploy/материалы/mathus.ru
mathus.ru,math,,,олимпиадные листки,задачи,MIPTphys2006v3.pdf,deploy/материалы/mathus.ru
mathus.ru,math,7,,олимпиадные листки,задачи,mfo2009-7.pdf,deploy/материалы/mathus.ru
mathus.ru,math,8,,олимпиадные листки,задачи,SVB2022PhysOtbor8.pdf,deploy/материалы/mathus.ru
mathus.ru,math,11,,олимпиадные листки,задачи,vseros2018m2-11.pdf,deploy/материалы/mathus.ru
mathus.ru,math,,,олимпиадные листки,задачи,euler2013-3.pdf,deploy/материалы/mathus.ru
mathus.ru,math,11,,олимпиадные листки,задачи,fizteh-online2018f11.pdf,deploy/материалы/mathus.ru
mathus.ru,math,7,,олимпиадные листки,задачи,Vsesib2019Math7.pdf,deploy/материалы/mathus.ru
mathus.ru,math,8,,олимпиадные листки,задачи,VserosMath2025M8.pdf,deploy/материалы/mathus.ru
mathus.ru,math,,,олимпиадные листки,задачи,mainthar.pdf,deploy/материалы/mathus.ru
mathus.ru,math,,,олимпиадные листки,задачи,maxDalnost.pdf,deploy/материалы/mathus.ru
mathus.ru,math,7,,олимпиадные листки,задачи,Vsesib2018Math7.pdf,deploy/материалы/mathus.ru
mathus.ru,math,10,,олимпиадные листки,задачи,ommo2015-9-10.pdf,deploy/материалы/mathus.ru
mathus.ru,math,7,,олимпиадные листки,задачи,mpmv2021-7.pdf,deploy/материалы/mathus.ru
mathus.ru,math,8,,олимпиадные листки,задачи,Rosatom2025Math8.pdf,deploy/материалы/mathus.ru
mathus.ru,math,10,,олимпиадные листки,задачи,Kurchatov2021Math10.pdf,deploy/материалы/mathus.ru
mathus.ru,math,,,олимпиадные листки,задачи,DVImath2015.pdf,deploy/материалы/mathus.ru
mathus.ru,math,11,,олимпиадные листки,задачи,fizteh2016m11v1.pdf,deploy/материалы/mathus.ru
mathus.ru,math,6,,олимпиадные листки,задачи,Kurchatov2025Math6.pdf,deploy/материалы/mathus.ru
mathus.ru,math,8,,олимпиадные листки,задачи,Rosatom2024Math8.pdf,deploy/материалы/mathus.ru
mathus.ru,math,7,,олимпиадные листки,задачи,lom2015m7.pdf,deploy/материалы/mathus.ru
mathus.ru,math,,,олимпиадные листки,задачи,numtab.pdf,deploy/материалы/mathus.ru
mathus.ru,math,6,,олимпиадные листки,задачи,Kurchatov2024Math6.pdf,deploy/материалы/mathus.ru
mathus.ru,math,11,,олимпиадные листки,задачи,fizteh2017m11v1.pdf,deploy/материалы/mathus.ru
mathus.ru,math,,,олимпиадные листки,задачи,imog.pdf,deploy/материалы/mathus.ru
mathus.ru,math,,,олимпиадные листки,задачи,MIPTmath2002v1.pdf,deploy/материалы/mathus.ru
mathus.ru,math,7,,олимпиадные листки,задачи,Belchonok2024Math7v2.pdf,deploy/материалы/mathus.ru
mathus.ru,math,11,,олимпиадные листки,задачи,pvg2016m10-11sar.pdf,deploy/материалы/mathus.ru
mathus.ru,math,,,олимпиадные листки,задачи,Euler2019Otbor3.pdf,deploy/материалы/mathus.ru
mathus.ru,math,7,,олимпиадные листки,задачи,Maxwell2025R7.pdf,deploy/материалы/mathus.ru
mathus.ru,math,11,,олимпиадные листки,задачи,pvg2015f10-11b7.pdf,deploy/материалы/mathus.ru
mathus.ru,math,8,,олимпиадные листки,задачи,VserosPhys2019S8.pdf,deploy/материалы/mathus.ru
mathus.ru,math,,,олимпиадные листки,задачи,zamplit.pdf,deploy/материалы/mathus.ru
mathus.ru,math,6,,олимпиадные листки,задачи,ustn2005-6.pdf,deploy/материалы/mathus.ru
mathus.ru,math,9,,олимпиадные листки,задачи,vseros2010f4-9.pdf,deploy/материалы/mathus.ru
mathus.ru,math,10,,олимпиадные листки,задачи,vseros2004f10fin.pdf,deploy/материалы/mathus.ru
mathus.ru,math,,,олимпиадные листки,задачи,Param1.pdf,deploy/материалы/mathus.ru
mathus.ru,math,10,,олимпиадные листки,задачи,FETT2024Math10.pdf,deploy/материалы/mathus.ru
mathus.ru,math,9,,олимпиадные листки,задачи,SVB2019Math9v4.pdf,deploy/материалы/mathus.ru
mathus.ru,math,9,,олимпиадные листки,задачи,vseros2018f2-9.pdf,deploy/материалы/mathus.ru
mathus.ru,math,9,,олимпиадные листки,задачи,MosPhys2020zz1-9.pdf,deploy/материалы/mathus.ru
mathus.ru,math,11,,олимпиадные листки,задачи,InnopolisOpen2022Math11.pdf,deploy/материалы/mathus.ru
mathus.ru,math,,,олимпиадные листки,задачи,pokazun.pdf,deploy/материалы/mathus.ru
mathus.ru,math,8,,олимпиадные листки,задачи,rosatom2017f8v1.pdf,deploy/материалы/mathus.ru
mathus.ru,math,9,,олимпиадные листки,задачи,MosPhys2021zz1-9.pdf,deploy/материалы/mathus.ru
mathus.ru,math,10,,олимпиадные листки,задачи,Phystech2022Math10v2.pdf,deploy/материалы/mathus.ru
mathus.ru,math,8,,олимпиадные листки,задачи,mfo2014-8tur1.pdf,deploy/материалы/mathus.ru
mathus.ru,math,7,,олимпиадные листки,задачи,kurchatov2017f7.pdf,deploy/материалы/mathus.ru
mathus.ru,math,,,олимпиадные листки,задачи,postroen.pdf,deploy/материалы/mathus.ru
mathus.ru,math,8,,олимпиадные листки,задачи,VserosMath2022S8.pdf,deploy/материалы/mathus.ru
mathus.ru,math,,,олимпиадные листки,задачи,maxCurrentPower.pdf,deploy/материалы/mathus.ru
mathus.ru,math,8,,олимпиадные листки,задачи,BIBN2023Math8.pdf,deploy/материалы/mathus.ru
mathus.ru,math,10,,олимпиадные листки,задачи,mfo2010-10tur2.pdf,deploy/материалы/mathus.ru
mathus.ru,math,,,олимпиадные листки,задачи,algsys.pdf,deploy/материалы/mathus.ru
mathus.ru,math,11,,олимпиадные листки,задачи,SVB2024PhysOtbor11v2.pdf,deploy/материалы/mathus.ru
mathus.ru,math,8,,олимпиадные листки,задачи,BIBN2022Math8.pdf,deploy/материалы/mathus.ru
mathus.ru,math,6,,олимпиадные листки,задачи,PVG2025Math56.pdf,deploy/материалы/mathus.ru
mathus.ru,math,11,,олимпиадные листки,задачи,Belchonok2025Math11v2.pdf,deploy/материалы/mathus.ru
mathus.ru,math,8,,олимпиадные листки,задачи,Belchonok2025Math8v1.pdf,deploy/материалы/mathus.ru
mathus.ru,math,7,,олимпиадные листки,задачи,vseros2014f2-7.pdf,deploy/материалы/mathus.ru
mathus.ru,math,8,,олимпиадные листки,задачи,mmo2016-8.pdf,deploy/материалы/mathus.ru
mathus.ru,math,8,,олимпиадные листки,задачи,FETT2021Phys8.pdf,deploy/материалы/mathus.ru
mathus.ru,math,8,,олимпиадные листки,задачи,pvg8m2014.pdf,deploy/материалы/mathus.ru
mathus.ru,math,10,,олимпиадные листки,задачи,Kurchatov2021Phys10.pdf,deploy/материалы/mathus.ru
mathus.ru,math,10,,олимпиадные листки,задачи,fizteh10f2014.pdf,deploy/материалы/mathus.ru
mathus.ru,math,10,,олимпиадные листки,задачи,Phystech2023Phys10v1.pdf,deploy/материалы/mathus.ru
mathus.ru,math,11,,олимпиадные листки,задачи,MosPhys2019tur0zaoch11z2.pdf,deploy/материалы/mathus.ru
mathus.ru,math,5,,олимпиадные листки,задачи,Belchonok2024Math5.pdf,deploy/материалы/mathus.ru
mathus.ru,math,10,,олимпиадные листки,задачи,Belchonok2018Math10.pdf,deploy/материалы/mathus.ru
mathus.ru,math,,,олимпиадные листки,задачи,photon.pdf,deploy/материалы/mathus.ru
mathus.ru,math,5,,олимпиадные листки,задачи,Belchonok2025Math5.pdf,deploy/материалы/mathus.ru
mathus.ru,math,8,,олимпиадные листки,задачи,FETT2020Phys8.pdf,deploy/материалы/mathus.ru
mathus.ru,math,9,,олимпиадные листки,задачи,pvg9m2014.pdf,deploy/материалы/mathus.ru
mathus.ru,math,11,,олимпиадные листки,задачи,MosPhys2022otbor2tur11.pdf,deploy/материалы/mathus.ru
mathus.ru,math,7,,олимпиадные листки,задачи,mfo2018-7tur0zaoch.pdf,deploy/материалы/mathus.ru
mathus.ru,math,11,,олимпиадные листки,задачи,fizteh11f2014.pdf,deploy/материалы/mathus.ru
mathus.ru,math,10,,олимпиадные листки,задачи,VP2020Phys10.pdf,deploy/материалы/mathus.ru
mathus.ru,math,7,,олимпиадные листки,задачи,ustn2021-7.pdf,deploy/материалы/mathus.ru
mathus.ru,math,11,,олимпиадные листки,задачи,kurchatov2017f11.pdf,deploy/материалы/mathus.ru
mathus.ru,math,11,,олимпиадные листки,задачи,mfo2018-11tur1.pdf,deploy/материалы/mathus.ru
mathus.ru,math,11,,олимпиадные листки,задачи,lom2017m10-11.pdf,deploy/материалы/mathus.ru
mathus.ru,math,10,,олимпиадные листки,задачи,FETT2024Phys10.pdf,deploy/материалы/mathus.ru
mathus.ru,math,11,,олимпиадные листки,задачи,11phys2023.pdf,deploy/материалы/mathus.ru
mathus.ru,math,8,,олимпиадные листки,задачи,MosPhys2021tur2-8.pdf,deploy/материалы/mathus.ru
mathus.ru,math,9,,олимпиадные листки,задачи,SVB2026Math9.pdf,deploy/материалы/mathus.ru
mathus.ru,math,,,олимпиадные листки,задачи,kvartphys.pdf,deploy/материалы/mathus.ru
mathus.ru,math,,,олимпиадные листки,задачи,rebus.pdf,deploy/материалы/mathus.ru
mathus.ru,math,,,олимпиадные листки,задачи,mm2000-07.pdf,deploy/материалы/mathus.ru
mathus.ru,math,10,,олимпиадные листки,задачи,EH2015Phys10v2.pdf,deploy/материалы/mathus.ru
mathus.ru,math,,,олимпиадные листки,задачи,MIPTmath2000v1.pdf,deploy/материалы/mathus.ru
mathus.ru,math,8,,олимпиадные листки,задачи,maxwell2015t8.pdf,deploy/материалы/mathus.ru
mathus.ru,math,9,,олимпиадные листки,задачи,fizteh-lyc2015m9.pdf,deploy/материалы/mathus.ru
mathus.ru,math,8,,олимпиадные листки,задачи,BIBN2017Math8.pdf,deploy/материалы/mathus.ru
mathus.ru,math,11,,олимпиадные листки,задачи,mfo2009-11tur1.pdf,deploy/материалы/mathus.ru
mathus.ru,math,,,олимпиадные листки,задачи,mm2000-05.pdf,deploy/материалы/mathus.ru
mathus.ru,math,,,олимпиадные листки,задачи,conpend.pdf,deploy/материалы/mathus.ru
mathus.ru,math,,,олимпиадные листки,задачи,dvelin.pdf,deploy/материалы/mathus.ru
mathus.ru,math,11,,олимпиадные листки,задачи,pvg10-11m2012ros.pdf,deploy/материалы/mathus.ru
mathus.ru,math,8,,олимпиадные листки,задачи,BIBN2016Math8.pdf,deploy/материалы/mathus.ru
mathus.ru,math,,,олимпиадные листки,задачи,dokotpro.pdf,deploy/материалы/mathus.ru
mathus.ru,math,,,олимпиадные листки,задачи,trap.pdf,deploy/материалы/mathus.ru
mathus.ru,math,11,,олимпиадные листки,задачи,MissVip2016Math11.pdf,deploy/материалы/mathus.ru
mathus.ru,math,11,,олимпиадные листки,задачи,VserosPhys2020M11.pdf,deploy/материалы/mathus.ru
mathus.ru,math,7,,олимпиадные листки,задачи,Belchonok2025Math7.pdf,deploy/материалы/mathus.ru
mathus.ru,math,8,,олимпиадные листки,задачи,geom8mmo.pdf,deploy/материалы/mathus.ru
mathus.ru,math,11,,олимпиадные листки,задачи,MVO2016Phys11.pdf,deploy/материалы/mathus.ru
mathus.ru,math,9,,олимпиадные листки,задачи,turgor2016ob89.pdf,deploy/материалы/mathus.ru
mathus.ru,math,6,,олимпиадные листки,задачи,mp2018-6.pdf,deploy/материалы/mathus.ru
mathus.ru,math,9,,олимпиадные листки,задачи,Rosatom2019Phys9.pdf,deploy/материалы/mathus.ru
mathus.ru,math,10,,олимпиадные листки,задачи,vseros1995f10fin.pdf,deploy/материалы/mathus.ru
mathus.ru,math,7,,олимпиадные листки,задачи,Kurchatov2019Phys7.pdf,deploy/материалы/mathus.ru
mathus.ru,math,10,,олимпиадные листки,задачи,VserosPhys2022R10.pdf,deploy/материалы/mathus.ru
mathus.ru,math,9,,олимпиадные листки,задачи,mfo2006-9tur1.pdf,deploy/материалы/mathus.ru
mathus.ru,math,11,,олимпиадные листки,задачи,Lom2025Math11.pdf,deploy/материалы/mathus.ru
mathus.ru,math,8,,олимпиадные листки,задачи,Belchonok2025Math8v3.pdf,deploy/материалы/mathus.ru
mathus.ru,math,8,,олимпиадные листки,задачи,mfo2014-8tur0zaoch2.pdf,deploy/материалы/mathus.ru
mathus.ru,math,7,,олимпиадные листки,задачи,mpmv2023-7.pdf,deploy/материалы/mathus.ru
mathus.ru,math,,,олимпиадные листки,задачи,stereofizteh.pdf,deploy/материалы/mathus.ru
mathus.ru,math,10,,олимпиадные листки,задачи,mfo2014-10tur0och.pdf,deploy/материалы/mathus.ru
mathus.ru,math,9,,олимпиадные листки,задачи,pvg2017m9v1a.pdf,deploy/материалы/mathus.ru
mathus.ru,math,11,,олимпиадные листки,задачи,Vsesib2021Phys11.pdf,deploy/материалы/mathus.ru
mathus.ru,math,9,,олимпиадные листки,задачи,KFU2020Phys9.pdf,deploy/материалы/mathus.ru
mathus.ru,math,,,олимпиадные листки,задачи,quadNera.pdf,deploy/материалы/mathus.ru
mathus.ru,math,,,олимпиадные листки,задачи,vzves.pdf,deploy/материалы/mathus.ru
mathus.ru,math,9,,олимпиадные листки,задачи,pvg2016m9v1a.pdf,deploy/материалы/mathus.ru
mathus.ru,math,,,олимпиадные листки,задачи,euler2011-3.pdf,deploy/материалы/mathus.ru
mathus.ru,math,9,,олимпиадные листки,задачи,KFU2021Phys9.pdf,deploy/материалы/mathus.ru
mathus.ru,math,6,,олимпиадные листки,задачи,pvg2016m5-6v3b.pdf,deploy/материалы/mathus.ru
mathus.ru,math,7,,олимпиадные листки,задачи,ustn2023-7.pdf,deploy/материалы/mathus.ru
mathus.ru,math,11,,олимпиадные листки,задачи,pvg2015f10-11b5.pdf,deploy/материалы/mathus.ru
mathus.ru,math,10,,олимпиадные листки,задачи,VserosMath2021R10.pdf,deploy/материалы/mathus.ru
mathus.ru,math,,,олимпиадные листки,задачи,Euler2019Otbor1.pdf,deploy/материалы/mathus.ru
mathus.ru,math,,,олимпиадные листки,задачи,trigissl.pdf,deploy/материалы/mathus.ru
mathus.ru,math,9,,олимпиадные листки,задачи,Eng2026c9.pdf,deploy/материалы/mathus.ru
mathus.ru,math,,,олимпиадные листки,задачи,MIPTmath2002v3.pdf,deploy/материалы/mathus.ru
mathus.ru,math,10,,олимпиадные листки,задачи,Belchonok2023Math10v2.pdf,deploy/материалы/mathus.ru
mathus.ru,math,,,олимпиадные листки,задачи,NesovmeSob.pdf,deploy/материалы/mathus.ru
mathus.ru,math,11,,олимпиадные листки,задачи,fizteh2016m11v3.pdf,deploy/материалы/mathus.ru
mathus.ru,math,,,олимпиадные листки,задачи,DVImath2017.pdf,deploy/материалы/mathus.ru
mathus.ru,math,8,,олимпиадные листки,задачи,mmo2014-8.pdf,deploy/материалы/mathus.ru
mathus.ru,math,10,,олимпиадные листки,задачи,fizteh-online2015m10.pdf,deploy/материалы/mathus.ru
mathus.ru,math,9,,олимпиадные листки,задачи,MosPhys2023otbor2tur9.pdf,deploy/материалы/mathus.ru
mathus.ru,math,11,,олимпиадные листки,задачи,Phystech2024Math11v2.pdf,deploy/материалы/mathus.ru
mathus.ru,math,,,олимпиадные листки,задачи,DVImath2024v2.pdf,deploy/материалы/mathus.ru
mathus.ru,math,11,,олимпиадные листки,задачи,vp2018m11.pdf,deploy/материалы/mathus.ru
mathus.ru,math,,,олимпиадные листки,задачи,delost.pdf,deploy/материалы/mathus.ru
mathus.ru,math,,,олимпиадные листки,задачи,statics.pdf,deploy/материалы/mathus.ru
mathus.ru,math,9,,олимпиадные листки,задачи,VP2020Phys9.pdf,deploy/материалы/mathus.ru
mathus.ru,math,7,,олимпиадные листки,задачи,kurchatov2015f7.pdf,deploy/материалы/mathus.ru
mathus.ru,math,7,,олимпиадные листки,задачи,mfo2017-7tur0zaoch.pdf,deploy/материалы/mathus.ru
mathus.ru,math,9,,олимпиадные листки,задачи,Phystech2026Phys9v1.pdf,deploy/материалы/mathus.ru
mathus.ru,math,11,,олимпиадные листки,задачи,MVO2016Math11.pdf,deploy/материалы/mathus.ru
mathus.ru,math,8,,олимпиадные листки,задачи,VserosMath2020S8.pdf,deploy/материалы/mathus.ru
mathus.ru,math,11,,олимпиадные листки,задачи,VserosPhys2024S11.pdf,deploy/материалы/mathus.ru
mathus.ru,math,9,,олимпиадные листки,задачи,VP2021Phys9.pdf,deploy/материалы/mathus.ru
mathus.ru,math,11,,олимпиадные листки,задачи,Lom2025Phys11.pdf,deploy/материалы/mathus.ru
mathus.ru,math,9,,олимпиадные листки,задачи,Phystech2023Math9v2.pdf,deploy/материалы/mathus.ru
mathus.ru,math,11,,олимпиадные листки,задачи,Vsesib2021Math11.pdf,deploy/материалы/mathus.ru
mathus.ru,math,9,,олимпиадные листки,задачи,MosPhys2020zz3-9.pdf,deploy/материалы/mathus.ru
mathus.ru,math,11,,олимпиадные листки,задачи,VserosMath2023M11.pdf,deploy/материалы/mathus.ru
mathus.ru,math,,,олимпиадные листки,задачи,Euler2014Otbor2.pdf,deploy/материалы/mathus.ru
mathus.ru,math,8,,олимпиадные листки,задачи,vp2025m8.pdf,deploy/материалы/mathus.ru
mathus.ru,math,11,,олимпиадные листки,задачи,Phystech2025Phys11v1.pdf,deploy/материалы/mathus.ru
mathus.ru,math,7,,олимпиадные листки,задачи,vseros2017f1-7.pdf,deploy/материалы/mathus.ru
mathus.ru,math,7,,олимпиадные листки,задачи,MosPhys2022otbor2tur7.pdf,deploy/материалы/mathus.ru
mathus.ru,math,9,,олимпиадные листки,задачи,MosPhys2021zz3-9.pdf,deploy/материалы/mathus.ru
mathus.ru,math,8,,олимпиадные листки,задачи,Maxwell2022Z8.pdf,deploy/материалы/mathus.ru
mathus.ru,math,,,олимпиадные листки,задачи,lens.pdf,deploy/материалы/mathus.ru
mathus.ru,math,9,,олимпиадные листки,задачи,vseros2015m2-9.pdf,deploy/материалы/mathus.ru
mathus.ru,math,11,,олимпиадные листки,задачи,vp2014m11.pdf,deploy/материалы/mathus.ru
mathus.ru,math,11,,олимпиадные листки,задачи,vseros2016f1-11.pdf,deploy/материалы/mathus.ru
mathus.ru,math,,,олимпиадные листки,задачи,irrurs.pdf,deploy/материалы/mathus.ru
mathus.ru,math,,,олимпиадные листки,задачи,MIPTphys2006v1.pdf,deploy/материалы/mathus.ru
mathus.ru,math,11,,олимпиадные листки,задачи,vseros2017f1-11.pdf,deploy/материалы/mathus.ru
mathus.ru,math,7,,олимпиадные листки,задачи,mp2001-7.pdf,deploy/материалы/mathus.ru
mathus.ru,math,,,олимпиадные листки,задачи,DVImath2022v4.pdf,deploy/материалы/mathus.ru
mathus.ru,math,8,,олимпиадные листки,задачи,BIBN2020Phys8.pdf,deploy/материалы/mathus.ru
mathus.ru,math,8,,олимпиадные листки,задачи,vp2018m8.pdf,deploy/материалы/mathus.ru
mathus.ru,math,7,,олимпиадные листки,задачи,mp2025c7.pdf,deploy/материалы/mathus.ru
mathus.ru,math,8,,олимпиадные листки,задачи,EH2025Phys8.pdf,deploy/материалы/mathus.ru
mathus.ru,math,,,олимпиадные листки,задачи,msuAlgePreobra.pdf,deploy/материалы/mathus.ru
mathus.ru,math,,,олимпиадные листки,задачи,mm1996-03.pdf,deploy/материалы/mathus.ru
mathus.ru,math,8,,олимпиадные листки,задачи,EH2024Phys8.pdf,deploy/материалы/mathus.ru
mathus.ru,math,9,,олимпиадные листки,задачи,mfo2017-9tur0och.pdf,deploy/материалы/mathus.ru
mathus.ru,math,10,,олимпиадные листки,задачи,EH2024Phys10.pdf,deploy/материалы/mathus.ru
mathus.ru,math,8,,олимпиадные листки,задачи,BIBN2021Phys8.pdf,deploy/материалы/mathus.ru
mathus.ru,math,,,олимпиадные листки,задачи,grafparam.pdf,deploy/материалы/mathus.ru
mathus.ru,math,,,олимпиадные листки,задачи,lom2008m.pdf,deploy/материалы/mathus.ru
mathus.ru,math,10,,олимпиадные листки,задачи,VserosMath2026Z10.pdf,deploy/материалы/mathus.ru
mathus.ru,math,9,,олимпиадные листки,задачи,vseros2016m3-9.pdf,deploy/материалы/mathus.ru
mathus.ru,math,10,,олимпиадные листки,задачи,geom10mmo.pdf,deploy/материалы/mathus.ru
mathus.ru,math,8,,олимпиадные листки,задачи,FETT2022Math8.pdf,deploy/материалы/mathus.ru
mathus.ru,math,9,,олимпиадные листки,задачи,Belchonok2022Math9v4.pdf,deploy/материалы/mathus.ru
mathus.ru,math,8,,олимпиадные листки,задачи,MosPhys2019tur0och8.pdf,deploy/материалы/mathus.ru
mathus.ru,math,10,,олимпиадные листки,задачи,MVO2023Phys10.pdf,deploy/материалы/mathus.ru
mathus.ru,math,10,,олимпиадные листки,задачи,Kurchatov2019Phys10.pdf,deploy/материалы/mathus.ru
mathus.ru,math,8,,олимпиадные листки,задачи,FETT2023Math8.pdf,deploy/материалы/mathus.ru
mathus.ru,math,,,олимпиадные листки,задачи,piramida.pdf,deploy/материалы/mathus.ru
mathus.ru,math,8,,олимпиадные листки,задачи,VserosPhys2021M8.pdf,deploy/материалы/mathus.ru
mathus.ru,math,9,,олимпиадные листки,задачи,SVB2024Phys9.pdf,deploy/материалы/mathus.ru
mathus.ru,math,10,,олимпиадные листки,задачи,Rosatom2026Phys10.pdf,deploy/материалы/mathus.ru
mathus.ru,math,8,,олимпиадные листки,задачи,MosPhys2019tur2-8.pdf,deploy/материалы/mathus.ru
mathus.ru,math,7,,олимпиадные листки,задачи,vp2016m7.pdf,deploy/материалы/mathus.ru
mathus.ru,math,9,,олимпиадные листки,задачи,SVB2025Phys9.pdf,deploy/материалы/mathus.ru
mathus.ru,math,,,олимпиадные листки,задачи,msuVpisOkr.pdf,deploy/материалы/mathus.ru
mathus.ru,math,9,,олимпиадные листки,задачи,Phystech2019Math9v1.pdf,deploy/материалы/mathus.ru
mathus.ru,math,,,олимпиадные листки,задачи,arhimed2012z.pdf,deploy/материалы/mathus.ru
mathus.ru,math,10,,олимпиадные листки,задачи,VP2018Phys10.pdf,deploy/материалы/mathus.ru
mathus.ru,math,11,,олимпиадные листки,задачи,ommo2022.pdf,deploy/материалы/mathus.ru
mathus.ru,math,,,олимпиадные листки,задачи,degver.pdf,deploy/материалы/mathus.ru
mathus.ru,math,11,,олимпиадные листки,задачи,vseros2000f11zon.pdf,deploy/материалы/mathus.ru
mathus.ru,math,10,,олимпиадные листки,задачи,VserosPhys2025Z10.pdf,deploy/материалы/mathus.ru
mathus.ru,math,10,,олимпиадные листки,задачи,VserosMath2019M10.pdf,deploy/материалы/mathus.ru
mathus.ru,math,10,,олимпиадные листки,задачи,SVB2025PhysOtbor10v2.pdf,deploy/материалы/mathus.ru
mathus.ru,math,10,,олимпиадные листки,задачи,Rosatom2021Math10v1.pdf,deploy/материалы/mathus.ru
mathus.ru,math,8,,олимпиадные листки,задачи,Belchonok2023Math8.4.pdf,deploy/материалы/mathus.ru
mathus.ru,math,,,олимпиадные листки,задачи,neraSred.pdf,deploy/материалы/mathus.ru
mathus.ru,math,,,олимпиадные листки,задачи,GeomProbab.pdf,deploy/материалы/mathus.ru
mathus.ru,math,,,олимпиадные листки,задачи,MIPTphys2004v3.pdf,deploy/материалы/mathus.ru
mathus.ru,math,,,олимпиадные листки,задачи,DVImath2020v6.pdf,deploy/материалы/mathus.ru
mathus.ru,math,,,олимпиадные листки,задачи,dll.pdf,deploy/материалы/mathus.ru
mathus.ru,math,10,,олимпиадные листки,задачи,EH2024Math10.pdf,deploy/материалы/mathus.ru
mathus.ru,math,9,,олимпиадные листки,задачи,mfo2012-9tur1.pdf,deploy/материалы/mathus.ru
mathus.ru,math,,,олимпиадные листки,задачи,cycwork.pdf,deploy/материалы/mathus.ru
mathus.ru,math,8,,олимпиадные листки,задачи,Rosatom2026Phys8.pdf,deploy/материалы/mathus.ru
mathus.ru,math,11,,олимпиадные листки,задачи,mmo2026c11.pdf,deploy/материалы/mathus.ru
mathus.ru,math,11,,олимпиадные листки,задачи,rosatom2018f11v3.pdf,deploy/материалы/mathus.ru
mathus.ru,math,9,,олимпиадные листки,задачи,PVG2025Math9.pdf,deploy/материалы/mathus.ru
mathus.ru,math,10,,олимпиадные листки,задачи,rosatom2012f10.pdf,deploy/материалы/mathus.ru
mathus.ru,math,10,,олимпиадные листки,задачи,Rosatom2020Phys10v2.pdf,deploy/материалы/mathus.ru
mathus.ru,math,10,,олимпиадные листки,задачи,MVO2023Math10.pdf,deploy/материалы/mathus.ru
mathus.ru,math,10,,олимпиадные листки,задачи,kurchatov2016m10.pdf,deploy/материалы/mathus.ru
mathus.ru,math,10,,олимпиадные листки,задачи,Kurchatov2019Math10.pdf,deploy/материалы/mathus.ru
mathus.ru,math,11,,олимпиадные листки,задачи,mfo2018-11tur0zaoch3.pdf,deploy/материалы/mathus.ru
mathus.ru,math,9,,олимпиадные листки,задачи,PVG2024Math9.pdf,deploy/материалы/mathus.ru
mathus.ru,math,,,олимпиадные листки,задачи,dviok.pdf,deploy/материалы/mathus.ru
mathus.ru,math,9,,олимпиадные листки,задачи,fizteh-online2015f9.pdf,deploy/материалы/mathus.ru
mathus.ru,math,8,,олимпиадные листки,задачи,VserosPhys2026S8.pdf,deploy/материалы/mathus.ru
mathus.ru,math,10,,олимпиадные листки,задачи,vp2022m10.pdf,deploy/материалы/mathus.ru
mathus.ru,math,11,,олимпиадные листки,задачи,vseros2004f11okr.pdf,deploy/материалы/mathus.ru
mathus.ru,math,,,олимпиадные листки,задачи,equint.pdf,deploy/материалы/mathus.ru
mathus.ru,math,7,,олимпиадные листки,задачи,ITMO2022Math7.pdf,deploy/материалы/mathus.ru
mathus.ru,math,10,,олимпиадные листки,задачи,Phystech2019Math10v2.pdf,deploy/материалы/mathus.ru
mathus.ru,math,9,,олимпиадные листки,задачи,vseros1999f9zon.pdf,deploy/материалы/mathus.ru
mathus.ru,math,10,,олимпиадные листки,задачи,Rosatom2026Math10.pdf,deploy/материалы/mathus.ru
mathus.ru,math,7,,олимпиадные листки,задачи,mp1990-7.pdf,deploy/материалы/mathus.ru
mathus.ru,math,11,,олимпиадные листки,задачи,pvg10-11m2013v2.pdf,deploy/материалы/mathus.ru
mathus.ru,math,7,,олимпиадные листки,задачи,ITMO2023Math7.pdf,deploy/материалы/mathus.ru
mathus.ru,math,,,олимпиадные листки,задачи,Euler2021Otbor3.pdf,deploy/материалы/mathus.ru
mathus.ru,math,9,,олимпиадные листки,задачи,vseros1998f9zon.pdf,deploy/материалы/mathus.ru
mathus.ru,math,,,олимпиадные листки,задачи,Euler2021Otbor2.pdf,deploy/материалы/mathus.ru
mathus.ru,math,6,,олимпиадные листки,задачи,Lom2019Math56.pdf,deploy/материалы/mathus.ru
mathus.ru,math,,,олимпиадные листки,задачи,ratiometod.pdf,deploy/материалы/mathus.ru
mathus.ru,math,11,,олимпиадные листки,задачи,SVB2021Phys11v2.pdf,deploy/материалы/mathus.ru
mathus.ru,math,5,,олимпиадные листки,задачи,mp1990-6.pdf,deploy/материалы/mathus.ru
mathus.ru,math,,,олимпиадные листки,задачи,geompaper.pdf,deploy/материалы/mathus.ru
mathus.ru,math,11,,олимпиадные листки,задачи,mfo2018-11tur0och.pdf,deploy/материалы/mathus.ru
mathus.ru,math,9,,олимпиадные листки,задачи,vseros2012f3-9.pdf,deploy/материалы/mathus.ru
mathus.ru,math,11,,олимпиадные листки,задачи,vp2022m11.pdf,deploy/материалы/mathus.ru
mathus.ru,math,9,,олимпиадные листки,задачи,VserosPhys2026S9.pdf,deploy/материалы/mathus.ru
mathus.ru,math,8,,олимпиадные листки,задачи,fizteh-online2015f8.pdf,deploy/материалы/mathus.ru
mathus.ru,math,11,,олимпиадные листки,задачи,mfo2018-11tur0zaoch2.pdf,deploy/материалы/mathus.ru
mathus.ru,math,11,,олимпиадные листки,задачи,Kurchatov2019Math11.pdf,deploy/материалы/mathus.ru
mathus.ru,math,11,,олимпиадные листки,задачи,kurchatov2016m11.pdf,deploy/материалы/mathus.ru
mathus.ru,math,,,олимпиадные листки,задачи,msuParameter.pdf,deploy/материалы/mathus.ru
mathus.ru,math,10,,олимпиадные листки,задачи,vseros1993f10zon.pdf,deploy/материалы/mathus.ru
mathus.ru,math,11,,олимпиадные листки,задачи,MVO2023Math11.pdf,deploy/материалы/mathus.ru
mathus.ru,math,9,,олимпиадные листки,задачи,Rosatom2026Phys9.pdf,deploy/материалы/mathus.ru
mathus.ru,math,,,олимпиадные листки,задачи,stereolom.pdf,deploy/материалы/mathus.ru
mathus.ru,math,10,,олимпиадные листки,задачи,Rosatom2020Phys10v3.pdf,deploy/материалы/mathus.ru
mathus.ru,math,9,,олимпиадные листки,задачи,VserosMath2024R9.pdf,deploy/материалы/mathus.ru
mathus.ru,math,7,,олимпиадные листки,задачи,Kurchatov2026Phys7.pdf,deploy/материалы/mathus.ru
mathus.ru,math,11,,олимпиадные листки,задачи,rosatom2018f11v2.pdf,deploy/материалы/mathus.ru
mathus.ru,math,10,,олимпиадные листки,задачи,mmo2026c10.pdf,deploy/материалы/mathus.ru
mathus.ru,math,11,,олимпиадные листки,задачи,EH2024Math11.pdf,deploy/материалы/mathus.ru
mathus.ru,math,,,олимпиадные листки,задачи,bill1.pdf,deploy/материалы/mathus.ru
mathus.ru,math,11,,олимпиадные листки,задачи,SVB2020Math11v1.pdf,deploy/материалы/mathus.ru
mathus.ru,math,11,,олимпиадные листки,задачи,mfo2015-11tur1.pdf,deploy/материалы/mathus.ru
mathus.ru,math,,,олимпиадные листки,задачи,MIPTphys2004v2.pdf,deploy/материалы/mathus.ru
mathus.ru,math,,,олимпиадные листки,задачи,algepr.pdf,deploy/материалы/mathus.ru
mathus.ru,math,8,,олимпиадные листки,задачи,Rosatom2020Phys8v1.pdf,deploy/материалы/mathus.ru
mathus.ru,math,9,,олимпиадные листки,задачи,Phystech2024Math-otbor2-9.pdf,deploy/материалы/mathus.ru
mathus.ru,math,9,,олимпиадные листки,задачи,vseros2009f4-9.pdf,deploy/материалы/mathus.ru
mathus.ru,math,11,,олимпиадные листки,задачи,ommo2023.pdf,deploy/материалы/mathus.ru
mathus.ru,math,,,олимпиадные листки,задачи,Euler2012Otbor4.pdf,deploy/материалы/mathus.ru
mathus.ru,math,11,,олимпиадные листки,задачи,VserosPhys2025Z11.pdf,deploy/материалы/mathus.ru
mathus.ru,math,11,,олимпиадные листки,задачи,VserosMath2019M11.pdf,deploy/материалы/mathus.ru
mathus.ru,math,8,,олимпиадные листки,задачи,SVB2025Phys8.pdf,deploy/материалы/mathus.ru
mathus.ru,math,11,,олимпиадные листки,задачи,pvg10-11m2011v1.pdf,deploy/материалы/mathus.ru
mathus.ru,math,11,,олимпиадные листки,задачи,VP2018Phys11.pdf,deploy/материалы/mathus.ru
mathus.ru,math,9,,олимпиадные листки,задачи,pvg2018m9v3a.pdf,deploy/материалы/mathus.ru
mathus.ru,math,8,,олимпиадные листки,задачи,SVB2024Phys8.pdf,deploy/материалы/mathus.ru
mathus.ru,math,9,,олимпиадные листки,задачи,MosPhys2019tur2-9.pdf,deploy/материалы/mathus.ru
mathus.ru,math,11,,олимпиадные листки,задачи,Kurchatov2019Phys11.pdf,deploy/материалы/mathus.ru
mathus.ru,math,,,олимпиадные листки,задачи,kondensator.pdf,deploy/материалы/mathus.ru
mathus.ru,math,11,,олимпиадные листки,задачи,MVO2023Phys11.pdf,deploy/материалы/mathus.ru
mathus.ru,math,9,,олимпиадные листки,задачи,VserosPhys2021M9.pdf,deploy/материалы/mathus.ru
mathus.ru,math,9,,олимпиадные листки,задачи,FETT2023Math9.pdf,deploy/материалы/mathus.ru
mathus.ru,math,11,,олимпиадные листки,задачи,VserosMath2026Z11.pdf,deploy/материалы/mathus.ru
mathus.ru,math,9,,олимпиадные листки,задачи,SAMMAT2021-9v2.pdf,deploy/материалы/mathus.ru
mathus.ru,math,9,,олимпиадные листки,задачи,MosPhys2019tur0och9.pdf,deploy/материалы/mathus.ru
mathus.ru,math,9,,олимпиадные листки,задачи,FETT2022Math9.pdf,deploy/материалы/mathus.ru
mathus.ru,math,10,,олимпиадные листки,задачи,mfo2014-10tur0zaoch1.pdf,deploy/материалы/mathus.ru
mathus.ru,math,,,олимпиадные листки,задачи,neravgeom.pdf,deploy/материалы/mathus.ru
mathus.ru,math,,,олимпиадные листки,задачи,mt.pdf,deploy/материалы/mathus.ru
mathus.ru,math,9,,олимпиадные листки,задачи,BIBN2021Phys9.pdf,deploy/материалы/mathus.ru
mathus.ru,math,7,,олимпиадные листки,задачи,mfo2012-7.pdf,deploy/материалы/mathus.ru
mathus.ru,math,11,,олимпиадные листки,задачи,EH2024Phys11.pdf,deploy/материалы/mathus.ru
mathus.ru,math,9,,олимпиадные листки,задачи,EH2024Phys9.pdf,deploy/материалы/mathus.ru
mathus.ru,math,,,олимпиадные листки,задачи,DVImath2022v5.pdf,deploy/материалы/mathus.ru
mathus.ru,math,9,,олимпиадные листки,задачи,EH2025Phys9.pdf,deploy/материалы/mathus.ru
mathus.ru,math,,,олимпиадные листки,задачи,lp.pdf,deploy/материалы/mathus.ru
mathus.ru,math,6,,олимпиадные листки,задачи,mp2025c6.pdf,deploy/материалы/mathus.ru
mathus.ru,math,7,,олимпиадные листки,задачи,rosatom2011f7.pdf,deploy/материалы/mathus.ru
mathus.ru,math,,,олимпиадные листки,задачи,lensthin.pdf,deploy/материалы/mathus.ru
mathus.ru,math,9,,олимпиадные листки,задачи,vp2018m9.pdf,deploy/материалы/mathus.ru
mathus.ru,math,9,,олимпиадные листки,задачи,BIBN2020Phys9.pdf,deploy/материалы/mathus.ru
mathus.ru,math,,,олимпиадные листки,задачи,lineza.pdf,deploy/материалы/mathus.ru
mathus.ru,math,6,,олимпиадные листки,задачи,mp2001-6.pdf,deploy/материалы/mathus.ru
mathus.ru,math,10,,олимпиадные листки,задачи,vseros2017f1-10.pdf,deploy/материалы/mathus.ru
mathus.ru,math,10,,олимпиадные листки,задачи,vp2014m10.pdf,deploy/материалы/mathus.ru
mathus.ru,math,8,,олимпиадные листки,задачи,pvg2017m7-8v2a.pdf,deploy/материалы/mathus.ru
mathus.ru,math,8,,олимпиадные листки,задачи,vseros2015m2-8.pdf,deploy/материалы/mathus.ru
mathus.ru,math,6,,олимпиадные листки,задачи,lom2018m5-6.pdf,deploy/материалы/mathus.ru
mathus.ru,math,10,,олимпиадные листки,задачи,vseros2016f1-10.pdf,deploy/материалы/mathus.ru
mathus.ru,math,,,олимпиадные листки,задачи,mm1998-07.pdf,deploy/материалы/mathus.ru
mathus.ru,math,11,,олимпиадные листки,задачи,Rosatom2026Phys11v1.pdf,deploy/материалы/mathus.ru
mathus.ru,math,8,,олимпиадные листки,задачи,MosPhys2021zz3-8.pdf,deploy/материалы/mathus.ru
mathus.ru,math,9,,олимпиадные листки,задачи,SVB2023Phys9otbor.pdf,deploy/материалы/mathus.ru
mathus.ru,math,9,,олимпиадные листки,задачи,vp2025m9.pdf,deploy/материалы/mathus.ru
mathus.ru,math,,,олимпиадные листки,задачи,Euler2014Otbor3.pdf,deploy/материалы/mathus.ru
mathus.ru,math,10,,олимпиадные листки,задачи,VserosMath2023M10.pdf,deploy/материалы/mathus.ru
mathus.ru,math,8,,олимпиадные листки,задачи,MosPhys2020zz3-8.pdf,deploy/материалы/mathus.ru
mathus.ru,math,10,,олимпиадные листки,задачи,Vsesib2021Math10.pdf,deploy/материалы/mathus.ru
mathus.ru,math,,,олимпиадные листки,задачи,metal.pdf,deploy/материалы/mathus.ru
mathus.ru,math,,,олимпиадные листки,задачи,z-pokazun.pdf,deploy/материалы/mathus.ru
mathus.ru,math,8,,олимпиадные листки,задачи,SVB2023Phys8otbor.pdf,deploy/материалы/mathus.ru
mathus.ru,math,10,,олимпиадные листки,задачи,VserosPhys2024S10.pdf,deploy/материалы/mathus.ru
mathus.ru,math,9,,олимпиадные листки,задачи,VserosPhys2022R9.pdf,deploy/материалы/mathus.ru
mathus.ru,math,10,,олимпиадные листки,задачи,Lom2025Phys10.pdf,deploy/материалы/mathus.ru
mathus.ru,math,9,,олимпиадные листки,задачи,VserosMath2020S9.pdf,deploy/материалы/mathus.ru
mathus.ru,math,10,,олимпиадные листки,задачи,MVO2016Math10.pdf,deploy/материалы/mathus.ru
mathus.ru,math,,,олимпиадные листки,задачи,quadeq.pdf,deploy/материалы/mathus.ru
mathus.ru,math,10,,олимпиадные листки,задачи,vp2018m10.pdf,deploy/материалы/mathus.ru
mathus.ru,math,,,олимпиадные листки,задачи,DVImath2024v3.pdf,deploy/материалы/mathus.ru
mathus.ru,math,11,,олимпиадные листки,задачи,fizteh2017m11v2.pdf,deploy/материалы/mathus.ru
mathus.ru,math,,,олимпиадные листки,задачи,mm1994-07.pdf,deploy/материалы/mathus.ru
mathus.ru,math,,,олимпиадные листки,задачи,DVImath2016.pdf,deploy/материалы/mathus.ru
mathus.ru,math,11,,олимпиадные листки,задачи,fizteh2016m11v2.pdf,deploy/материалы/mathus.ru
mathus.ru,math,8,,олимпиадные листки,задачи,MosPhys2023otbor2tur8.pdf,deploy/материалы/mathus.ru
mathus.ru,math,11,,олимпиадные листки,задачи,fizteh-online2015m11.pdf,deploy/материалы/mathus.ru
mathus.ru,math,9,,олимпиадные листки,задачи,mmo2014-9.pdf,deploy/материалы/mathus.ru
mathus.ru,math,,,олимпиадные листки,задачи,Param2.pdf,deploy/материалы/mathus.ru
mathus.ru,math,,,олимпиадные листки,задачи,neiso.pdf,deploy/материалы/mathus.ru
mathus.ru,math,10,,олимпиадные листки,задачи,Belchonok2023Math10v3.pdf,deploy/материалы/mathus.ru
mathus.ru,math,,,олимпиадные листки,задачи,rotation.pdf,deploy/материалы/mathus.ru
mathus.ru,math,,,олимпиадные листки,задачи,tolkanat.pdf,deploy/материалы/mathus.ru
mathus.ru,math,,,олимпиадные листки,задачи,teza.pdf,deploy/материалы/mathus.ru
mathus.ru,math,11,,олимпиадные листки,задачи,VserosMath2021R11.pdf,deploy/материалы/mathus.ru
mathus.ru,math,6,,олимпиадные листки,задачи,ustn2023-6.pdf,deploy/материалы/mathus.ru
mathus.ru,math,,,олимпиадные листки,задачи,MIPTmath2002v2.pdf,deploy/материалы/mathus.ru
mathus.ru,math,,,олимпиадные листки,задачи,teorema-falesa.pdf,deploy/материалы/mathus.ru
mathus.ru,math,7,,олимпиадные листки,задачи,Belchonok2024Math7v1.pdf,deploy/материалы/mathus.ru
mathus.ru,math,,,олимпиадные листки,задачи,euler2011-2.pdf,deploy/материалы/mathus.ru
mathus.ru,math,10,,олимпиадные листки,задачи,Phystech2022Math10v1.pdf,deploy/материалы/mathus.ru
mathus.ru,math,,,олимпиадные листки,задачи,z-ratiometod.pdf,deploy/материалы/mathus.ru
mathus.ru,math,8,,олимпиадные листки,задачи,KFU2021Phys8.pdf,deploy/материалы/mathus.ru
mathus.ru,math,11,,олимпиадные листки,задачи,Lom2022Phys1011.pdf,deploy/материалы/mathus.ru
mathus.ru,math,,,олимпиадные листки,задачи,tekstozad.pdf,deploy/материалы/mathus.ru
mathus.ru,math,8,,олимпиадные листки,задачи,rosatom2017f8v2.pdf,deploy/материалы/mathus.ru
mathus.ru,math,8,,олимпиадные листки,задачи,KFU2020Phys8.pdf,deploy/материалы/mathus.ru
mathus.ru,math,,,олимпиадные листки,задачи,podvodrab.pdf,deploy/материалы/mathus.ru
mathus.ru,math,10,,олимпиадные листки,задачи,Vsesib2021Phys10.pdf,deploy/материалы/mathus.ru
mathus.ru,math,11,,олимпиадные листки,задачи,Belchonok2025Math11v1.pdf,deploy/материалы/mathus.ru
mathus.ru,math,8,,олимпиадные листки,задачи,Belchonok2025Math8v2.pdf,deploy/материалы/mathus.ru
mathus.ru,math,10,,олимпиадные листки,задачи,Lom2025Math10.pdf,deploy/материалы/mathus.ru
mathus.ru,math,6,,олимпиадные листки,задачи,mpmv2023-6.pdf,deploy/материалы/mathus.ru
mathus.ru,math,8,,олимпиадные листки,задачи,mfo2014-8tur0zaoch3.pdf,deploy/материалы/mathus.ru
mathus.ru,math,8,,олимпиадные листки,задачи,Rosatom2019Phys8.pdf,deploy/материалы/mathus.ru
mathus.ru,math,7,,олимпиадные листки,задачи,mp2018-7.pdf,deploy/материалы/mathus.ru
mathus.ru,math,10,,олимпиадные листки,задачи,MVO2016Phys10.pdf,deploy/материалы/mathus.ru
mathus.ru,math,10,,олимпиадные листки,задачи,mfo2010-10tur1.pdf,deploy/материалы/mathus.ru
mathus.ru,math,11,,олимпиадные листки,задачи,SVB2024PhysOtbor11v1.pdf,deploy/материалы/mathus.ru
mathus.ru,math,8,,олимпиадные листки,задачи,mfo2014-8tur2.pdf,deploy/материалы/mathus.ru
mathus.ru,math,11,,олимпиадные листки,задачи,VserosPhys2022R11.pdf,deploy/материалы/mathus.ru
mathus.ru,math,10,,олимпиадные листки,задачи,10math2023.pdf,deploy/материалы/mathus.ru
mathus.ru,math,,,олимпиадные листки,задачи,ropsis.pdf,deploy/материалы/mathus.ru
mathus.ru,math,7,,олимпиадные листки,задачи,Vsesib2024Phys7.pdf,deploy/материалы/mathus.ru
mathus.ru,math,11,,олимпиадные листки,задачи,dasveta.pdf,deploy/материалы/mathus.ru
mathus.ru,math,7,,олимпиадные листки,задачи,Vsesib2025Phys7.pdf,deploy/материалы/mathus.ru
mathus.ru,math,11,,олимпиадные листки,задачи,pvg2015m10-11chel.pdf,deploy/материалы/mathus.ru
mathus.ru,math,10,,олимпиадные листки,задачи,Phystech2023Phys10v2.pdf,deploy/материалы/mathus.ru
mathus.ru,math,6,,олимпиадные листки,задачи,Belchonok2024Math6.pdf,deploy/материалы/mathus.ru
mathus.ru,math,11,,олимпиадные листки,задачи,MosPhys2019tur0zaoch11z1.pdf,deploy/материалы/mathus.ru
mathus.ru,math,10,,олимпиадные листки,задачи,VserosPhys2020M10.pdf,deploy/материалы/mathus.ru
mathus.ru,math,10,,олимпиадные листки,задачи,MissVip2016Math10.pdf,deploy/материалы/mathus.ru
mathus.ru,math,10,,олимпиадные листки,задачи,EH2015Phys10v1.pdf,deploy/материалы/mathus.ru
mathus.ru,math,8,,олимпиадные листки,задачи,maxwell2016fin8.pdf,deploy/материалы/mathus.ru
mathus.ru,math,9,,олимпиадные листки,задачи,BIBN2016Math9.pdf,deploy/материалы/mathus.ru
mathus.ru,math,11,,олимпиадные листки,задачи,vseros2006f11fin.pdf,deploy/материалы/mathus.ru
mathus.ru,math,9,,олимпиадные листки,задачи,VserosMath2019R9.pdf,deploy/материалы/mathus.ru
mathus.ru,math,9,,олимпиадные листки,задачи,BIBN2017Math9.pdf,deploy/материалы/mathus.ru
mathus.ru,math,11,,олимпиадные листки,задачи,mfo2018-11tur2.pdf,deploy/материалы/mathus.ru
mathus.ru,math,8,,олимпиадные листки,задачи,fizteh-lyc2015m8.pdf,deploy/материалы/mathus.ru
mathus.ru,math,11,,олимпиадные листки,задачи,InnopolisOpen2025Math11.pdf,deploy/материалы/mathus.ru
mathus.ru,math,11,,олимпиадные листки,задачи,PVG2019Phys1011b7.pdf,deploy/материалы/mathus.ru
mathus.ru,math,6,,олимпиадные листки,задачи,vseros2018m1-6.pdf,deploy/материалы/mathus.ru
mathus.ru,math,11,,олимпиадные листки,задачи,pvg2016f10-11b4.pdf,deploy/материалы/mathus.ru
mathus.ru,math,7,,олимпиадные листки,задачи,Maxwell2020R7.pdf,deploy/материалы/mathus.ru
mathus.ru,math,,,олимпиадные листки,задачи,neravnomer.pdf,deploy/материалы/mathus.ru
mathus.ru,math,9,,олимпиадные листки,задачи,Rosatom2023Math9.pdf,deploy/материалы/mathus.ru
mathus.ru,math,,,олимпиадные листки,задачи,MIPTmath2007v1.pdf,deploy/материалы/mathus.ru
mathus.ru,math,8,,олимпиадные листки,задачи,maxwell2012t8.pdf,deploy/материалы/mathus.ru
mathus.ru,math,8,,олимпиадные листки,задачи,mfo2013-8tur1.pdf,deploy/материалы/mathus.ru
mathus.ru,math,,,олимпиадные листки,задачи,ballisotr.pdf,deploy/материалы/mathus.ru
mathus.ru,math,7,,олимпиадные листки,задачи,Kurchatov2023Math7.pdf,deploy/материалы/mathus.ru
mathus.ru,math,9,,олимпиадные листки,задачи,Rosatom2022Math9.pdf,deploy/материалы/mathus.ru
mathus.ru,math,6,,олимпиадные листки,задачи,PVG2022Math56.pdf,deploy/материалы/mathus.ru
mathus.ru,math,7,,олимпиадные листки,задачи,tl2012fiz.pdf,deploy/материалы/mathus.ru
mathus.ru,math,7,,олимпиадные листки,задачи,Kurchatov2022Math7.pdf,deploy/материалы/mathus.ru
mathus.ru,math,10,,олимпиадные листки,задачи,Kurchatov2026Phys10.pdf,deploy/материалы/mathus.ru
mathus.ru,math,8,,олимпиадные листки,задачи,lom2016m7-8.pdf,deploy/материалы/mathus.ru
mathus.ru,math,,,олимпиадные листки,задачи,MIPTmath1994v3.pdf,deploy/материалы/mathus.ru
mathus.ru,math,11,,олимпиадные листки,задачи,PVG2019Math1011v4.pdf,deploy/материалы/mathus.ru
mathus.ru,math,,,олимпиадные листки,задачи,silarh.pdf,deploy/материалы/mathus.ru
mathus.ru,math,,,олимпиадные листки,задачи,euler2016-3.pdf,deploy/материалы/mathus.ru
mathus.ru,math,10,,олимпиадные листки,задачи,MosPhys2019tur0och10.pdf,deploy/материалы/mathus.ru
mathus.ru,math,8,,олимпиадные листки,задачи,VserosMath2020M8.pdf,deploy/материалы/mathus.ru
mathus.ru,math,,,олимпиадные листки,задачи,msuParallKub.pdf,deploy/материалы/mathus.ru
mathus.ru,math,10,,олимпиадные листки,задачи,ussr85m10.pdf,deploy/материалы/mathus.ru
mathus.ru,math,,,олимпиадные листки,задачи,Planim2.pdf,deploy/материалы/mathus.ru
mathus.ru,math,,,олимпиадные листки,задачи,summ.pdf,deploy/материалы/mathus.ru
mathus.ru,math,11,,олимпиадные листки,задачи,Lom2021Math1011v1.pdf,deploy/материалы/mathus.ru
mathus.ru,math,10,,олимпиадные листки,задачи,Rosatom2019Phys10.pdf,deploy/материалы/mathus.ru
mathus.ru,math,6,,олимпиадные листки,задачи,Belchonok2021Math6v3.pdf,deploy/материалы/mathus.ru
mathus.ru,math,7,,олимпиадные листки,задачи,mpmv2024-7.pdf,deploy/материалы/mathus.ru
mathus.ru,math,11,,олимпиадные листки,задачи,pvg2018m10-11v6.pdf,deploy/материалы/mathus.ru
mathus.ru,math,,,олимпиадные листки,задачи,priznaki-delimosti.pdf,deploy/материалы/mathus.ru
mathus.ru,math,8,,олимпиадные листки,задачи,fizteh-lyc2015f8.pdf,deploy/материалы/mathus.ru
mathus.ru,math,10,,олимпиадные листки,задачи,FETT2023Phys10.pdf,deploy/материалы/mathus.ru
mathus.ru,math,8,,олимпиадные листки,задачи,mmo2013-8.pdf,deploy/материалы/mathus.ru
mathus.ru,math,,,олимпиадные листки,задачи,myok2020k.pdf,deploy/материалы/mathus.ru
mathus.ru,math,10,,олимпиадные листки,задачи,Phystech2023Phys-otbor3-10.pdf,deploy/материалы/mathus.ru
mathus.ru,math,,,олимпиадные листки,задачи,DVImath2023v2.pdf,deploy/материалы/mathus.ru
mathus.ru,math,6,,олимпиадные листки,задачи,SAMMAT2022-6.pdf,deploy/материалы/mathus.ru
mathus.ru,math,11,,олимпиадные листки,задачи,vseros2009f4-11.pdf,deploy/материалы/mathus.ru
mathus.ru,math,8,,олимпиадные листки,задачи,vseros2014m1-8.pdf,deploy/материалы/mathus.ru
mathus.ru,math,,,олимпиадные листки,задачи,MIPTmath2005v3.pdf,deploy/материалы/mathus.ru
mathus.ru,math,7,,олимпиадные листки,задачи,ustn2024-7.pdf,deploy/материалы/mathus.ru
mathus.ru,math,11,,олимпиадные листки,задачи,SVB2018Math11v3.pdf,deploy/материалы/mathus.ru
mathus.ru,math,9,,олимпиадные листки,задачи,vseros1994f9zon.pdf,deploy/материалы/mathus.ru
mathus.ru,math,9,,олимпиадные листки,задачи,FETT2026Phys9.pdf,deploy/материалы/mathus.ru
mathus.ru,math,,,олимпиадные листки,задачи,orientangle.pdf,deploy/материалы/mathus.ru
mathus.ru,math,9,,олимпиадные листки,задачи,vseros1995f9zon.pdf,deploy/материалы/mathus.ru
mathus.ru,math,10,,олимпиадные листки,задачи,Phystech2020Phys10v2.pdf,deploy/материалы/mathus.ru
mathus.ru,math,,,олимпиадные листки,задачи,mm2004-07.pdf,deploy/материалы/mathus.ru
mathus.ru,math,6,,олимпиадные листки,задачи,kurchatov2015m6.pdf,deploy/материалы/mathus.ru
mathus.ru,math,11,,олимпиадные листки,задачи,ITMO2017Math11.pdf,deploy/материалы/mathus.ru
mathus.ru,math,11,,олимпиадные листки,задачи,fizteh2016f11v3.pdf,deploy/материалы/mathus.ru
mathus.ru,math,,,олимпиадные листки,задачи,recurrent.pdf,deploy/материалы/mathus.ru
mathus.ru,math,11,,олимпиадные листки,задачи,Belchonok2026Math11v1.pdf,deploy/материалы/mathus.ru
mathus.ru,math,9,,олимпиадные листки,задачи,BIBN2025Math9.pdf,deploy/материалы/mathus.ru
mathus.ru,math,10,,олимпиадные листки,задачи,Kurchatov2026Math10.pdf,deploy/материалы/mathus.ru
mathus.ru,math,9,,олимпиадные листки,задачи,EH2020Math9.pdf,deploy/материалы/mathus.ru
mathus.ru,math,8,,олимпиадные листки,задачи,vp2022m8.pdf,deploy/материалы/mathus.ru
mathus.ru,math,9,,олимпиадные листки,задачи,SVB2021Math9v1.pdf,deploy/материалы/mathus.ru
mathus.ru,math,,,олимпиадные листки,задачи,MIPTmath1996v1.pdf,deploy/материалы/mathus.ru
mathus.ru,math,9,,олимпиадные листки,задачи,EH2021Math9.pdf,deploy/материалы/mathus.ru
mathus.ru,math,9,,олимпиадные листки,задачи,BIBN2024Math9.pdf,deploy/материалы/mathus.ru
mathus.ru,math,8,,олимпиадные листки,задачи,Maxwell2025Z8.pdf,deploy/материалы/mathus.ru
mathus.ru,math,7,,олимпиадные листки,задачи,Vsesib2017Phys7.pdf,deploy/материалы/mathus.ru
mathus.ru,math,,,олимпиадные листки,задачи,tuy2011m-sl.pdf,deploy/материалы/mathus.ru
mathus.ru,math,11,,олимпиадные листки,задачи,Phystech2023Math-otbor4-11.pdf,deploy/материалы/mathus.ru
mathus.ru,math,10,,олимпиадные листки,задачи,mfo2017-10tur1.pdf,deploy/материалы/mathus.ru
mathus.ru,math,,,олимпиадные листки,задачи,lsv.pdf,deploy/материалы/mathus.ru
mathus.ru,math,7,,олимпиадные листки,задачи,Vsesib2016Phys7.pdf,deploy/материалы/mathus.ru
mathus.ru,math,10,,олимпиадные листки,задачи,FETT2023Math10.pdf,deploy/материалы/mathus.ru
mathus.ru,math,8,,олимпиадные листки,задачи,Belchonok2022Math8v2.pdf,deploy/материалы/mathus.ru
mathus.ru,math,10,,олимпиадные листки,задачи,Rosatom2019Math10.pdf,deploy/материалы/mathus.ru
mathus.ru,math,10,,олимпиадные листки,задачи,vseros2003f10fin.pdf,deploy/материалы/mathus.ru
mathus.ru,math,11,,олимпиадные листки,задачи,Lom2021Phys1011.pdf,deploy/материалы/mathus.ru
mathus.ru,math,,,олимпиадные листки,задачи,DVImath2025v4.pdf,deploy/материалы/mathus.ru
mathus.ru,math,,,олимпиадные листки,задачи,ttp.pdf,deploy/материалы/mathus.ru
mathus.ru,math,,,олимпиадные листки,задачи,kombiklebu.pdf,deploy/материалы/mathus.ru
mathus.ru,math,,,олимпиадные листки,задачи,primes.pdf,deploy/материалы/mathus.ru
mathus.ru,math,7,,олимпиадные листки,задачи,mfo2015-7tur0zaoch.pdf,deploy/материалы/mathus.ru
mathus.ru,math,,,олимпиадные листки,задачи,msuKoordVektor.pdf,deploy/материалы/mathus.ru
mathus.ru,math,10,,олимпиадные листки,задачи,BIBN2021Phys10.pdf,deploy/материалы/mathus.ru
mathus.ru,math,,,олимпиадные листки,задачи,diodrez.pdf,deploy/материалы/mathus.ru
mathus.ru,math,8,,олимпиадные листки,задачи,Lom2020Phys78.pdf,deploy/материалы/mathus.ru
mathus.ru,math,11,,олимпиадные листки,задачи,mfo2012-11tur1.pdf,deploy/материалы/mathus.ru
mathus.ru,math,11,,олимпиадные листки,задачи,SVB2023Math11v1.pdf,deploy/материалы/mathus.ru
mathus.ru,math,7,,олимпиадные листки,задачи,mp2006-7.pdf,deploy/материалы/mathus.ru
mathus.ru,math,8,,олимпиадные листки,задачи,FETT2019Phys8.pdf,deploy/материалы/mathus.ru
mathus.ru,math,,,олимпиадные листки,задачи,MIPTphys2001v1.pdf,deploy/материалы/mathus.ru
mathus.ru,math,10,,олимпиадные листки,задачи,Phystech2024Math-otbor2-10.pdf,deploy/материалы/mathus.ru
mathus.ru,math,11,,олимпиадные листки,задачи,vseros1996f11zon.pdf,deploy/материалы/mathus.ru
mathus.ru,math,11,,олимпиадные листки,задачи,MosPhys2021tur2-11.pdf,deploy/материалы/mathus.ru
mathus.ru,math,10,,олимпиадные листки,задачи,KFU2023Math10.pdf,deploy/материалы/mathus.ru
mathus.ru,math,,,олимпиадные листки,задачи,euler2018r.pdf,deploy/материалы/mathus.ru
mathus.ru,math,,,олимпиадные листки,задачи,glaz.pdf,deploy/материалы/mathus.ru
mathus.ru,math,9,,олимпиадные листки,задачи,rosatom2018f9.pdf,deploy/материалы/mathus.ru
mathus.ru,math,,,олимпиадные листки,задачи,magnipol.pdf,deploy/материалы/mathus.ru
mathus.ru,math,11,,олимпиадные листки,задачи,SVB2022Phys11v2.pdf,deploy/материалы/mathus.ru
mathus.ru,math,7,,олимпиадные листки,задачи,ustn2019-7.pdf,deploy/материалы/mathus.ru
mathus.ru,math,11,,олимпиадные листки,задачи,vseros2016m1-11.pdf,deploy/материалы/mathus.ru
mathus.ru,math,9,,олимпиадные листки,задачи,vseros2016m4-9.pdf,deploy/материалы/mathus.ru
mathus.ru,math,8,,олимпиадные листки,задачи,VserosPhys2026M8.pdf,deploy/материалы/mathus.ru
mathus.ru,math,11,,олимпиадные листки,задачи,vseros2017m1-11.pdf,deploy/материалы/mathus.ru
mathus.ru,math,8,,олимпиадные листки,задачи,MosPhys2019tur0zaoch8.pdf,deploy/материалы/mathus.ru
mathus.ru,math,,,олимпиадные листки,задачи,electrodynamics.pdf,deploy/материалы/mathus.ru
mathus.ru,math,8,,олимпиадные листки,задачи,KFU2025Math8.pdf,deploy/материалы/mathus.ru
mathus.ru,math,7,,олимпиадные листки,задачи,Belchonok2019Math7v2.pdf,deploy/материалы/mathus.ru
mathus.ru,math,10,,олимпиадные листки,задачи,mmo2013-10.pdf,deploy/материалы/mathus.ru
mathus.ru,math,9,,олимпиадные листки,задачи,fizteh2016f9v2.pdf,deploy/материалы/mathus.ru
mathus.ru,math,,,олимпиадные листки,задачи,Euler2026Otbor1.pdf,deploy/материалы/mathus.ru
mathus.ru,math,10,,олимпиадные листки,задачи,BIBN2021Math10.pdf,deploy/материалы/mathus.ru
mathus.ru,math,11,,олимпиадные листки,задачи,Rosatom2025Phys11v1.pdf,deploy/материалы/mathus.ru
mathus.ru,math,11,,олимпиадные листки,задачи,Phystech2026MathOtbor11v3.pdf,deploy/материалы/mathus.ru
mathus.ru,math,8,,олимпиадные листки,задачи,KFU2024Math8.pdf,deploy/материалы/mathus.ru
mathus.ru,math,6,,олимпиадные листки,задачи,mp2022-6.pdf,deploy/материалы/mathus.ru
mathus.ru,math,8,,олимпиадные листки,задачи,fizteh-online2015m8.pdf,deploy/материалы/mathus.ru
mathus.ru,math,8,,олимпиадные листки,задачи,vseros2009f3-8.pdf,deploy/материалы/mathus.ru
mathus.ru,math,7,,олимпиадные листки,задачи,MosPhys2023tur2-7.pdf,deploy/материалы/mathus.ru
mathus.ru,math,,,олимпиадные листки,задачи,MIPTphys2003v3.pdf,deploy/материалы/mathus.ru
mathus.ru,math,8,,олимпиадные листки,задачи,Lom2020Math78.pdf,deploy/материалы/mathus.ru
mathus.ru,math,11,,олимпиадные листки,задачи,Rosatom2024Math11v2.pdf,deploy/материалы/mathus.ru
mathus.ru,math,,,олимпиадные листки,задачи,function.pdf,deploy/материалы/mathus.ru
mathus.ru,math,7,,олимпиадные листки,задачи,Vsesib2020Math7.pdf,deploy/материалы/mathus.ru
mathus.ru,math,7,,олимпиадные листки,задачи,mp1997-7.pdf,deploy/материалы/mathus.ru
mathus.ru,math,11,,олимпиадные листки,задачи,Eng2022-11.pdf,deploy/материалы/mathus.ru
mathus.ru,math,10,,олимпиадные листки,задачи,KFU2023Phys10.pdf,deploy/материалы/mathus.ru
mathus.ru,math,7,,олимпиадные листки,задачи,Vsesib2021Math7.pdf,deploy/материалы/mathus.ru
mathus.ru,math,8,,олимпиадные листки,задачи,mfo2007-8tur1.pdf,deploy/материалы/mathus.ru
mathus.ru,math,10,,олимпиадные листки,задачи,ITMO2022Math10.pdf,deploy/материалы/mathus.ru
mathus.ru,math,,,олимпиадные листки,задачи,der.pdf,deploy/материалы/mathus.ru
mathus.ru,math,,,олимпиадные листки,задачи,bijection.pdf,deploy/материалы/mathus.ru
mathus.ru,math,10,,олимпиадные листки,задачи,ussr89m10.pdf,deploy/материалы/mathus.ru
mathus.ru,math,10,,олимпиадные листки,задачи,vseros1999f10zon.pdf,deploy/материалы/mathus.ru
mathus.ru,math,11,,олимпиадные листки,задачи,FETT2016Math11.pdf,deploy/материалы/mathus.ru
mathus.ru,math,,,олимпиадные листки,задачи,systotrez.pdf,deploy/материалы/mathus.ru
mathus.ru,math,9,,олимпиадные листки,задачи,EH2017Phys9.pdf,deploy/материалы/mathus.ru
mathus.ru,math,9,,олимпиадные листки,задачи,PVG2024Phys79.pdf,deploy/материалы/mathus.ru
mathus.ru,math,10,,олимпиадные листки,задачи,MosPhys2025otbor10.pdf,deploy/материалы/mathus.ru
mathus.ru,math,8,,олимпиадные листки,задачи,VserosPhys2021S8.pdf,deploy/материалы/mathus.ru
mathus.ru,math,9,,олимпиадные листки,задачи,EH2016Phys9.pdf,deploy/материалы/mathus.ru
mathus.ru,math,,,олимпиадные листки,задачи,lightinterference.pdf,deploy/материалы/mathus.ru
mathus.ru,math,9,,олимпиадные листки,задачи,vseros2012f4-9.pdf,deploy/материалы/mathus.ru
mathus.ru,math,,,олимпиадные листки,задачи,ugol.pdf,deploy/материалы/mathus.ru
mathus.ru,math,9,,олимпиадные листки,задачи,VserosPhys2021S9.pdf,deploy/материалы/mathus.ru
mathus.ru,math,11,,олимпиадные листки,задачи,MosPhys2025otbor11.pdf,deploy/материалы/mathus.ru
mathus.ru,math,8,,олимпиадные листки,задачи,EH2016Phys8.pdf,deploy/материалы/mathus.ru
mathus.ru,math,,,олимпиадные листки,задачи,pereliv.pdf,deploy/материалы/mathus.ru
mathus.ru,math,9,,олимпиадные листки,задачи,VserosMath2023R9.pdf,deploy/материалы/mathus.ru
mathus.ru,math,10,,олимпиадные листки,задачи,FETT2016Math10.pdf,deploy/материалы/mathus.ru
mathus.ru,math,,,олимпиадные листки,задачи,fxyz.pdf,deploy/материалы/mathus.ru
mathus.ru,math,11,,олимпиадные листки,задачи,rosatom2013f11spb.pdf,deploy/материалы/mathus.ru
mathus.ru,math,8,,олимпиадные листки,задачи,EH2017Phys8.pdf,deploy/материалы/mathus.ru
mathus.ru,math,,,олимпиадные листки,задачи,Orinbaev.pdf,deploy/материалы/mathus.ru
mathus.ru,math,9,,олимпиадные листки,задачи,mfo2015-9tur2.pdf,deploy/материалы/mathus.ru
mathus.ru,math,7,,олимпиадные листки,задачи,7math2023.pdf,deploy/материалы/mathus.ru
mathus.ru,math,11,,олимпиадные листки,задачи,ITMO2022Math11.pdf,deploy/материалы/mathus.ru
mathus.ru,math,11,,олимпиадные листки,задачи,mfo2016-11tur0och.pdf,deploy/материалы/mathus.ru
mathus.ru,math,6,,олимпиадные листки,задачи,mp1997-6.pdf,deploy/материалы/mathus.ru
mathus.ru,math,11,,олимпиадные листки,задачи,KFU2023Phys11.pdf,deploy/материалы/mathus.ru
mathus.ru,math,10,,олимпиадные листки,задачи,Eng2022-10.pdf,deploy/материалы/mathus.ru
mathus.ru,math,,,олимпиадные листки,задачи,MIPTphys2003v2.pdf,deploy/материалы/mathus.ru
mathus.ru,math,9,,олимпиадные листки,задачи,mfo2018-9tur1.pdf,deploy/материалы/mathus.ru
mathus.ru,math,9,,олимпиадные листки,задачи,fizteh-online2015m9.pdf,deploy/материалы/mathus.ru
mathus.ru,math,7,,олимпиадные листки,задачи,mp2022-7.pdf,deploy/материалы/mathus.ru
mathus.ru,math,10,,олимпиадные листки,задачи,Phystech2025PhysOtbor10v2.pdf,deploy/материалы/mathus.ru
mathus.ru,math,9,,олимпиадные листки,задачи,vseros2009f3-9.pdf,deploy/материалы/mathus.ru
mathus.ru,math,7,,олимпиадные листки,задачи,mfo2017-7tur2.pdf,deploy/материалы/mathus.ru
mathus.ru,math,11,,олимпиадные листки,задачи,BIBN2021Math11.pdf,deploy/материалы/mathus.ru
mathus.ru,math,9,,олимпиадные листки,задачи,fizteh2016f9v3.pdf,deploy/материалы/mathus.ru
mathus.ru,math,11,,олимпиадные листки,задачи,mmo2013-11.pdf,deploy/материалы/mathus.ru
mathus.ru,math,9,,олимпиадные листки,задачи,KFU2024Math9.pdf,deploy/материалы/mathus.ru
mathus.ru,math,11,,олимпиадные листки,задачи,Phystech2026MathOtbor11v2.pdf,deploy/материалы/mathus.ru
mathus.ru,math,,,олимпиадные листки,задачи,algebura57.pdf,deploy/материалы/mathus.ru
mathus.ru,math,,,олимпиадные листки,задачи,rp.pdf,deploy/материалы/mathus.ru
mathus.ru,math,9,,олимпиадные листки,задачи,MosPhys2019tur0zaoch9.pdf,deploy/материалы/mathus.ru
mathus.ru,math,9,,олимпиадные листки,задачи,KFU2025Math9.pdf,deploy/материалы/mathus.ru
mathus.ru,math,11,,олимпиадные листки,задачи,mfo2016-11tur0zaoch1.pdf,deploy/материалы/mathus.ru
mathus.ru,math,9,,олимпиадные листки,задачи,VserosPhys2026M9.pdf,deploy/материалы/mathus.ru
mathus.ru,math,6,,олимпиадные листки,задачи,pvg2017m5-6v1a.pdf,deploy/материалы/mathus.ru
mathus.ru,math,10,,олимпиадные листки,задачи,vseros2017m1-10.pdf,deploy/материалы/mathus.ru
mathus.ru,math,9,,олимпиадные листки,задачи,Rosatom2020Math9v1.pdf,deploy/материалы/mathus.ru
mathus.ru,math,6,,олимпиадные листки,задачи,ustn2019-6.pdf,deploy/материалы/mathus.ru
mathus.ru,math,8,,олимпиадные листки,задачи,PVG2024Math78.pdf,deploy/материалы/mathus.ru
mathus.ru,math,8,,олимпиадные листки,задачи,pvg2018m7-8v3b.pdf,deploy/материалы/mathus.ru
mathus.ru,math,,,олимпиадные листки,задачи,TZZ.pdf,deploy/материалы/mathus.ru
mathus.ru,math,,,олимпиадные листки,задачи,Extremal_RA.pdf,deploy/материалы/mathus.ru
mathus.ru,math,10,,олимпиадные листки,задачи,vseros2016m1-10.pdf,deploy/материалы/mathus.ru
mathus.ru,math,8,,олимпиадные листки,задачи,rosatom2018f8.pdf,deploy/материалы/mathus.ru
mathus.ru,math,10,,олимпиадные листки,задачи,MosPhys2021tur2-10.pdf,deploy/материалы/mathus.ru
mathus.ru,math,11,,олимпиадные листки,задачи,KFU2023Math11.pdf,deploy/материалы/mathus.ru
mathus.ru,math,11,,олимпиадные листки,задачи,MosPhys2019trentur11.pdf,deploy/материалы/mathus.ru
mathus.ru,math,,,олимпиадные листки,задачи,OplusP.pdf,deploy/материалы/mathus.ru
mathus.ru,math,7,,олимпиадные листки,задачи,vseros2016f2-7.pdf,deploy/материалы/mathus.ru
mathus.ru,math,,,олимпиадные листки,задачи,prokrust.pdf,deploy/материалы/mathus.ru
mathus.ru,math,6,,олимпиадные листки,задачи,mp2006-6.pdf,deploy/материалы/mathus.ru
mathus.ru,math,,,олимпиадные листки,задачи,plainsets.pdf,deploy/материалы/mathus.ru
mathus.ru,math,,,олимпиадные листки,задачи,friction.pdf,deploy/материалы/mathus.ru
mathus.ru,math,11,,олимпиадные листки,задачи,Phystech2024Math-otbor2-11.pdf,deploy/материалы/mathus.ru
mathus.ru,math,9,,олимпиадные листки,задачи,FETT2019Phys9.pdf,deploy/материалы/mathus.ru
mathus.ru,math,,,олимпиадные листки,задачи,msuAreaProjec.pdf,deploy/материалы/mathus.ru
mathus.ru,math,11,,олимпиадные листки,задачи,rosatom2013f11mos.pdf,deploy/материалы/mathus.ru
mathus.ru,math,8,,олимпиадные листки,задачи,SVB2019Math8v1.pdf,deploy/материалы/mathus.ru
mathus.ru,math,11,,олимпиадные листки,задачи,turgor2017vb1011.pdf,deploy/материалы/mathus.ru
mathus.ru,math,9,,олимпиадные листки,задачи,vseros2003f9fin.pdf,deploy/материалы/mathus.ru
mathus.ru,math,11,,олимпиадные листки,задачи,BIBN2021Phys11.pdf,deploy/материалы/mathus.ru
mathus.ru,math,9,,олимпиадные листки,задачи,vseros2002f9fin.pdf,deploy/материалы/mathus.ru
mathus.ru,math,5,,олимпиадные листки,задачи,Belchonok2019Math5v1.pdf,deploy/материалы/mathus.ru
mathus.ru,math,7,,олимпиадные листки,задачи,rosatom2016f7.pdf,deploy/материалы/mathus.ru
mathus.ru,math,,,олимпиадные листки,задачи,DVImath2025v5.pdf,deploy/материалы/mathus.ru
mathus.ru,math,8,,олимпиадные листки,задачи,Belchonok2022Math8v3.pdf,deploy/материалы/mathus.ru
mathus.ru,math,9,,олимпиадные листки,задачи,VserosPhys2025R9.pdf,deploy/материалы/mathus.ru
mathus.ru,math,11,,олимпиадные листки,задачи,FETT2023Math11.pdf,deploy/материалы/mathus.ru
mathus.ru,math,,,олимпиадные листки,задачи,elenergy.pdf,deploy/материалы/mathus.ru
mathus.ru,math,10,,олимпиадные листки,задачи,Phystech2023Math-otbor4-10.pdf,deploy/материалы/mathus.ru
mathus.ru,math,10,,олимпиадные листки,задачи,mfo2006-10tur2.pdf,deploy/материалы/mathus.ru
mathus.ru,math,6,,олимпиадные листки,задачи,Lom2026Math56.pdf,deploy/материалы/mathus.ru
mathus.ru,math,11,,олимпиадные листки,задачи,fizteh2017f11v2.pdf,deploy/материалы/mathus.ru
mathus.ru,math,,,олимпиадные листки,задачи,recurr.pdf,deploy/материалы/mathus.ru
mathus.ru,math,11,,олимпиадные листки,задачи,MosPhys2020tur1-11.pdf,deploy/материалы/mathus.ru
mathus.ru,math,8,,олимпиадные листки,задачи,BIBN2024Math8.pdf,deploy/материалы/mathus.ru
mathus.ru,math,9,,олимпиадные листки,задачи,turgor2017vs89.pdf,deploy/материалы/mathus.ru
mathus.ru,math,8,,олимпиадные листки,задачи,EH2021Math8.pdf,deploy/материалы/mathus.ru
mathus.ru,math,,,олимпиадные листки,задачи,lever.pdf,deploy/материалы/mathus.ru
mathus.ru,math,11,,олимпиадные листки,задачи,fizteh2016f11v2.pdf,deploy/материалы/mathus.ru
mathus.ru,math,10,,олимпиадные листки,задачи,ITMO2017Math10.pdf,deploy/материалы/mathus.ru
mathus.ru,math,,,олимпиадные листки,задачи,laser.pdf,deploy/материалы/mathus.ru
mathus.ru,math,9,,олимпиадные листки,задачи,vp2022m9.pdf,deploy/материалы/mathus.ru
mathus.ru,math,9,,олимпиадные листки,задачи,PVG2019Phys79b16.pdf,deploy/материалы/mathus.ru
mathus.ru,math,8,,олимпиадные листки,задачи,EH2020Math8.pdf,deploy/материалы/mathus.ru
mathus.ru,math,11,,олимпиадные листки,задачи,Kurchatov2026Math11.pdf,deploy/материалы/mathus.ru
mathus.ru,math,8,,олимпиадные листки,задачи,BIBN2025Math8.pdf,deploy/материалы/mathus.ru
mathus.ru,math,,,олимпиадные листки,задачи,neosreda.pdf,deploy/материалы/mathus.ru
mathus.ru,math,,,олимпиадные листки,задачи,prodpl.pdf,deploy/материалы/mathus.ru
mathus.ru,math,,,олимпиадные листки,задачи,zadvi.pdf,deploy/материалы/mathus.ru
mathus.ru,math,5,,олимпиадные листки,задачи,Belchonok2023Math5.pdf,deploy/материалы/mathus.ru
mathus.ru,math,7,,олимпиадные листки,задачи,kurchatov2015m7.pdf,deploy/материалы/mathus.ru
mathus.ru,math,,,олимпиадные листки,задачи,cgaza.pdf,deploy/материалы/mathus.ru
mathus.ru,math,,,олимпиадные листки,задачи,drobi.pdf,deploy/материалы/mathus.ru
mathus.ru,math,8,,олимпиадные листки,задачи,FETT2026Phys8.pdf,deploy/материалы/mathus.ru
mathus.ru,math,,,олимпиадные листки,задачи,MIPTmath2005v2.pdf,deploy/материалы/mathus.ru
mathus.ru,math,9,,олимпиадные листки,задачи,vseros2014m1-9.pdf,deploy/материалы/mathus.ru
mathus.ru,math,10,,олимпиадные листки,задачи,vseros2009f4-10.pdf,deploy/материалы/mathus.ru
mathus.ru,math,11,,олимпиадные листки,задачи,SVB2018Math11v2.pdf,deploy/материалы/mathus.ru
mathus.ru,math,9,,олимпиадные листки,задачи,Belchonok2020Math9v1.pdf,deploy/материалы/mathus.ru
mathus.ru,math,6,,олимпиадные листки,задачи,ustn2024-6.pdf,deploy/материалы/mathus.ru
mathus.ru,math,7,,олимпиадные листки,задачи,SAMMAT2022-7.pdf,deploy/материалы/mathus.ru
mathus.ru,math,,,олимпиадные листки,задачи,DVImath2023v3.pdf,deploy/материалы/mathus.ru
mathus.ru,math,11,,олимпиадные листки,задачи,Phystech2023Phys-otbor3-11.pdf,deploy/материалы/mathus.ru
mathus.ru,math,9,,олимпиадные листки,задачи,mmo2013-9.pdf,deploy/материалы/mathus.ru
mathus.ru,math,,,олимпиадные листки,задачи,Euler2013Otbor1.pdf,deploy/материалы/mathus.ru
mathus.ru,math,9,,олимпиадные листки,задачи,fizteh-lyc2015f9.pdf,deploy/материалы/mathus.ru
mathus.ru,math,6,,олимпиадные листки,задачи,mpmv2024-6.pdf,deploy/материалы/mathus.ru
mathus.ru,math,6,,олимпиадные листки,задачи,Belchonok2021Math6v2.pdf,deploy/материалы/mathus.ru
mathus.ru,math,11,,олимпиадные листки,задачи,FETT2023Phys11.pdf,deploy/материалы/mathus.ru
mathus.ru,math,,,олимпиадные листки,задачи,KombiVero_MSU.pdf,deploy/материалы/mathus.ru
mathus.ru,math,9,,олимпиадные листки,задачи,Phystech2024Math9v2.pdf,deploy/материалы/mathus.ru
mathus.ru,math,11,,олимпиадные листки,задачи,Phystech2026Phys11v1.pdf,deploy/материалы/mathus.ru
mathus.ru,math,9,,олимпиадные листки,задачи,VserosMath2020M9.pdf,deploy/материалы/mathus.ru
mathus.ru,math,9,,олимпиадные листки,задачи,Phystech2021Phys9v1.pdf,deploy/материалы/mathus.ru
mathus.ru,math,8,,олимпиадные листки,задачи,maxwell2017f8.pdf,deploy/материалы/mathus.ru
mathus.ru,math,,,олимпиадные листки,задачи,MIPTmath1994v2.pdf,deploy/материалы/mathus.ru
mathus.ru,math,11,,олимпиадные листки,задачи,MosPhys2019tur0och11.pdf,deploy/материалы/mathus.ru
mathus.ru,math,,,олимпиадные листки,задачи,euler2016-2.pdf,deploy/материалы/mathus.ru
mathus.ru,math,11,,олимпиадные листки,задачи,PVG2019Math1011v5.pdf,deploy/материалы/mathus.ru
mathus.ru,math,11,,олимпиадные листки,задачи,Kurchatov2026Phys11.pdf,deploy/материалы/mathus.ru
mathus.ru,math,,,олимпиадные листки,задачи,enerpol.pdf,deploy/материалы/mathus.ru
mathus.ru,math,,,олимпиадные листки,задачи,difur.pdf,deploy/материалы/mathus.ru
mathus.ru,math,8,,олимпиадные листки,задачи,Rosatom2022Math8.pdf,deploy/материалы/mathus.ru
mathus.ru,math,,,олимпиадные листки,задачи,Euler2020Z.pdf,deploy/материалы/mathus.ru
mathus.ru,math,6,,олимпиадные листки,задачи,Kurchatov2022Math6.pdf,deploy/материалы/mathus.ru
mathus.ru,math,9,,олимпиадные листки,задачи,sav9m2010.pdf,deploy/материалы/mathus.ru
mathus.ru,math,11,,олимпиадные листки,задачи,pvg2016m10-11ola.pdf,deploy/материалы/mathus.ru
mathus.ru,math,8,,олимпиадные листки,задачи,Rosatom2023Math8.pdf,deploy/материалы/mathus.ru
mathus.ru,math,6,,олимпиадные листки,задачи,Kurchatov2023Math6.pdf,deploy/материалы/mathus.ru
mathus.ru,math,8,,олимпиадные листки,задачи,sav8m2010.pdf,deploy/материалы/mathus.ru
mathus.ru,math,,,олимпиадные листки,задачи,Stereo2.pdf,deploy/материалы/mathus.ru
mathus.ru,math,,,олимпиадные листки,задачи,guk.pdf,deploy/материалы/mathus.ru
mathus.ru,math,,,олимпиадные листки,задачи,DVImath2021v1.pdf,deploy/материалы/mathus.ru
mathus.ru,math,11,,олимпиадные листки,задачи,PVG2019Phys1011b6.pdf,deploy/материалы/mathus.ru
mathus.ru,math,11,,олимпиадные листки,задачи,pvg2016f10-11b5.pdf,deploy/материалы/mathus.ru
mathus.ru,math,7,,олимпиадные листки,задачи,vseros2018m1-7.pdf,deploy/материалы/mathus.ru
mathus.ru,math,,,олимпиадные листки,задачи,z-logun.pdf,deploy/материалы/mathus.ru
mathus.ru,math,9,,олимпиадные листки,задачи,Eng2021-9.pdf,deploy/материалы/mathus.ru
mathus.ru,math,,,олимпиадные листки,задачи,Euler2022R.pdf,deploy/материалы/mathus.ru
mathus.ru,math,,,олимпиадные листки,задачи,vpis4ugol.pdf,deploy/материалы/mathus.ru
mathus.ru,math,10,,олимпиадные листки,задачи,Belchonok2020Math10v2.pdf,deploy/материалы/mathus.ru
mathus.ru,math,10,,олимпиадные листки,задачи,InnopolisOpen2025Math10.pdf,deploy/материалы/mathus.ru
mathus.ru,math,6,,олимпиадные листки,задачи,PVG2020Math56b.pdf,deploy/материалы/mathus.ru
mathus.ru,math,5,,олимпиадные листки,задачи,vseros2018m1-5.pdf,deploy/материалы/mathus.ru
mathus.ru,math,11,,олимпиадные листки,задачи,pvg2016f10-11b7.pdf,deploy/материалы/mathus.ru
mathus.ru,math,11,,олимпиадные листки,задачи,PVG2019Phys1011b4.pdf,deploy/материалы/mathus.ru
mathus.ru,math,,,олимпиадные листки,задачи,DVImath2021v3.pdf,deploy/материалы/mathus.ru
mathus.ru,math,10,,олимпиадные листки,задачи,MosPhys2021zz2-10.pdf,deploy/материалы/mathus.ru
mathus.ru,math,9,,олимпиадные листки,задачи,mmo2011-9.pdf,deploy/материалы/mathus.ru
mathus.ru,math,10,,олимпиадные листки,задачи,Vsesib2026Phys10.pdf,deploy/материалы/mathus.ru
mathus.ru,math,7,,олимпиадные листки,задачи,mfo2018-7tur0och.pdf,deploy/материалы/mathus.ru
mathus.ru,math,,,олимпиадные листки,задачи,interference.pdf,deploy/материалы/mathus.ru
mathus.ru,math,7,,олимпиадные листки,задачи,kurchatov2017m7.pdf,deploy/материалы/mathus.ru
mathus.ru,math,9,,олимпиадные листки,задачи,BIBN2018Phys9.pdf,deploy/материалы/mathus.ru
mathus.ru,math,10,,олимпиадные листки,задачи,Lom2022Math10.pdf,deploy/материалы/mathus.ru
mathus.ru,math,9,,олимпиадные листки,задачи,VserosPhys2019M9.pdf,deploy/материалы/mathus.ru
mathus.ru,math,,,олимпиадные листки,задачи,MIPTmath2007v2.pdf,deploy/материалы/mathus.ru
mathus.ru,math,9,,олимпиадные листки,задачи,vseros2014m3-9.pdf,deploy/материалы/mathus.ru
mathus.ru,math,8,,олимпиадные листки,задачи,mfo2013-8tur2.pdf,deploy/материалы/mathus.ru
mathus.ru,math,11,,олимпиадные листки,задачи,VserosMath2025R11.pdf,deploy/материалы/mathus.ru
mathus.ru,math,9,,олимпиадные листки,задачи,BIBN2019Phys9.pdf,deploy/материалы/mathus.ru
mathus.ru,math,,,олимпиадные листки,задачи,trigcalc.pdf,deploy/материалы/mathus.ru
mathus.ru,math,11,,олимпиадные листки,задачи,Rosatom2021Math11v4.pdf,deploy/материалы/mathus.ru
mathus.ru,math,7,,олимпиадные листки,задачи,mpmv2026c7.pdf,deploy/материалы/mathus.ru
mathus.ru,math,,,олимпиадные листки,задачи,planivec.pdf,deploy/материалы/mathus.ru
mathus.ru,math,9,,олимпиадные листки,задачи,VP2026Phys9.pdf,deploy/материалы/mathus.ru
mathus.ru,math,11,,олимпиадные листки,задачи,geom11vseros.pdf,deploy/материалы/mathus.ru
mathus.ru,math,10,,олимпиадные листки,задачи,EH2016Phys10.pdf,deploy/материалы/mathus.ru
mathus.ru,math,9,,олимпиадные листки,задачи,Lom2018Phys79.pdf,deploy/материалы/mathus.ru
mathus.ru,math,9,,олимпиадные листки,задачи,vp2020m9.pdf,deploy/материалы/mathus.ru
mathus.ru,math,,,олимпиадные листки,задачи,pedal-triangle.pdf,deploy/материалы/mathus.ru
mathus.ru,math,8,,олимпиадные листки,задачи,Rosatom2016Math8.pdf,deploy/материалы/mathus.ru
mathus.ru,math,11,,олимпиадные листки,задачи,vseros2001f11fin.pdf,deploy/материалы/mathus.ru
mathus.ru,math,10,,олимпиадные листки,задачи,VserosPhys2020S10.pdf,deploy/материалы/mathus.ru
mathus.ru,math,11,,олимпиадные листки,задачи,Lom2021Math1011v2.pdf,deploy/материалы/mathus.ru
mathus.ru,math,11,,олимпиадные листки,задачи,pvg2018m10-11v5.pdf,deploy/материалы/mathus.ru
mathus.ru,math,8,,олимпиадные листки,задачи,Rosatom2017Math8.pdf,deploy/материалы/mathus.ru
mathus.ru,math,9,,олимпиадные листки,задачи,VserosMath2025S9.pdf,deploy/материалы/mathus.ru
mathus.ru,math,,,олимпиадные листки,задачи,Planim1.pdf,deploy/материалы/mathus.ru
mathus.ru,math,9,,олимпиадные листки,задачи,vseros2017m2-9.pdf,deploy/материалы/mathus.ru
mathus.ru,math,11,,олимпиадные листки,задачи,BIBN2019Phys11.pdf,deploy/материалы/mathus.ru
mathus.ru,math,11,,олимпиадные листки,задачи,PVG2026Phys11.pdf,deploy/материалы/mathus.ru
mathus.ru,math,,,олимпиадные листки,задачи,DVImath2023v1.pdf,deploy/материалы/mathus.ru
mathus.ru,math,10,,олимпиадные листки,задачи,vseros2018f2-10.pdf,deploy/материалы/mathus.ru
mathus.ru,math,11,,олимпиадные листки,задачи,fizteh-lyc2015f11.pdf,deploy/материалы/mathus.ru
mathus.ru,math,9,,олимпиадные листки,задачи,Eng2023-9.pdf,deploy/материалы/mathus.ru
mathus.ru,math,,,олимпиадные листки,задачи,Euler2013Otbor3.pdf,deploy/материалы/mathus.ru
mathus.ru,math,10,,олимпиадные листки,задачи,VserosPhys2024M10.pdf,deploy/материалы/mathus.ru
mathus.ru,math,10,,олимпиадные листки,задачи,Vsesib2026Math10.pdf,deploy/материалы/mathus.ru
mathus.ru,math,11,,олимпиадные листки,задачи,pvg2018f10-11b8.pdf,deploy/материалы/mathus.ru
mathus.ru,math,10,,олимпиадные листки,задачи,Phystech2020Phys10v1.pdf,deploy/материалы/mathus.ru
mathus.ru,math,7,,олимпиадные листки,задачи,Belchonok2023Math7.pdf,deploy/материалы/mathus.ru
mathus.ru,math,8,,олимпиадные листки,задачи,vseros2010f3-8.pdf,deploy/материалы/mathus.ru
mathus.ru,math,10,,олимпиадные листки,задачи,VserosMath2023S10.pdf,deploy/материалы/mathus.ru
mathus.ru,math,7,,олимпиадные листки,задачи,ustn2002-7.pdf,deploy/материалы/mathus.ru
mathus.ru,math,,,олимпиадные листки,задачи,MIPTphys2007v4.pdf,deploy/материалы/mathus.ru
mathus.ru,math,,,олимпиадные листки,задачи,chesscolor.pdf,deploy/материалы/mathus.ru
mathus.ru,math,,,олимпиадные листки,задачи,MIPTmath1996v2.pdf,deploy/материалы/mathus.ru
mathus.ru,math,,,олимпиадные листки,задачи,euler2014-2.pdf,deploy/материалы/mathus.ru
mathus.ru,math,11,,олимпиадные листки,задачи,pvg10-11m2014mos.pdf,deploy/материалы/mathus.ru
mathus.ru,math,9,,олимпиадные листки,задачи,SVB2021Math9v2.pdf,deploy/материалы/mathus.ru
mathus.ru,math,11,,олимпиадные листки,задачи,Belchonok2026Math11v2.pdf,deploy/материалы/mathus.ru
mathus.ru,math,9,,олимпиадные листки,задачи,PVG2019Phys79b14.pdf,deploy/материалы/mathus.ru
mathus.ru,math,10,,олимпиадные листки,задачи,EH2016Math10.pdf,deploy/материалы/mathus.ru
mathus.ru,math,8,,олимпиадные листки,задачи,Belchonok2022Math8v1.pdf,deploy/материалы/mathus.ru
mathus.ru,math,8,,олимпиадные листки,задачи,vseros2013f2-8.pdf,deploy/материалы/mathus.ru
mathus.ru,math,9,,олимпиадные листки,задачи,VserosMath2022M9.pdf,deploy/материалы/mathus.ru
mathus.ru,math,11,,олимпиадные листки,задачи,PVG2026Math11.pdf,deploy/материалы/mathus.ru
mathus.ru,math,,,олимпиадные листки,задачи,zakopal.pdf,deploy/материалы/mathus.ru
mathus.ru,math,11,,олимпиадные листки,задачи,VserosPhys2026R11.pdf,deploy/материалы/mathus.ru
mathus.ru,math,10,,олимпиадные листки,задачи,mfo2017-10tur2.pdf,deploy/материалы/mathus.ru
mathus.ru,math,11,,олимпиадные листки,задачи,BIBN2019Math11.pdf,deploy/материалы/mathus.ru
mathus.ru,math,9,,олимпиадные листки,задачи,Phystech2023Phys-otbor2-9.pdf,deploy/материалы/mathus.ru
mathus.ru,math,11,,олимпиадные листки,задачи,turgor2016ob1011.pdf,deploy/материалы/mathus.ru
mathus.ru,math,,,олимпиадные листки,задачи,parameter-im.pdf,deploy/материалы/mathus.ru
mathus.ru,math,,,олимпиадные листки,задачи,vol.pdf,deploy/материалы/mathus.ru
mathus.ru,math,9,,олимпиадные листки,задачи,ineq-tuy.pdf,deploy/материалы/mathus.ru
mathus.ru,math,,,олимпиадные листки,задачи,DVImath2025v7.pdf,deploy/материалы/mathus.ru
mathus.ru,math,10,,олимпиадные листки,задачи,SAMMAT2024-10.pdf,deploy/материалы/mathus.ru
mathus.ru,math,,,олимпиадные листки,задачи,dpp.pdf,deploy/материалы/mathus.ru
mathus.ru,math,,,олимпиадные листки,задачи,MIPTphys2001v2.pdf,deploy/материалы/mathus.ru
mathus.ru,math,11,,олимпиадные листки,задачи,mfo2012-11tur2.pdf,deploy/материалы/mathus.ru
mathus.ru,math,11,,олимпиадные листки,задачи,MVO2024Phys11.pdf,deploy/материалы/mathus.ru
mathus.ru,math,,,олимпиадные листки,задачи,vertical.pdf,deploy/материалы/mathus.ru
mathus.ru,math,11,,олимпиадные листки,задачи,SVB2023Math11v2.pdf,deploy/материалы/mathus.ru
mathus.ru,math,8,,олимпиадные листки,задачи,SVB2019Math8v3.pdf,deploy/материалы/mathus.ru
mathus.ru,math,9,,олимпиадные листки,задачи,fizteh-online2017m9.pdf,deploy/материалы/mathus.ru
mathus.ru,math,7,,олимпиадные листки,задачи,mp2020-7.pdf,deploy/материалы/mathus.ru
mathus.ru,math,,,олимпиадные листки,задачи,parameter-symmetry.pdf,deploy/материалы/mathus.ru
mathus.ru,math,11,,олимпиадные листки,задачи,VserosPhys2021Z11.pdf,deploy/материалы/mathus.ru
mathus.ru,math,8,,олимпиадные листки,задачи,Rosatom2021Phys8.pdf,deploy/материалы/mathus.ru
mathus.ru,math,11,,олимпиадные листки,задачи,MissVip2024Math11.pdf,deploy/материалы/mathus.ru
mathus.ru,math,11,,олимпиадные листки,задачи,EH2023Phys11.pdf,deploy/материалы/mathus.ru
mathus.ru,math,,,олимпиадные листки,задачи,gs.pdf,deploy/материалы/mathus.ru
mathus.ru,math,8,,олимпиадные листки,задачи,lom8m2014.pdf,deploy/материалы/mathus.ru
mathus.ru,math,9,,олимпиадные листки,задачи,PVG2022Math9.pdf,deploy/материалы/mathus.ru
mathus.ru,math,6,,олимпиадные листки,задачи,mp1995-6.pdf,deploy/материалы/mathus.ru
mathus.ru,math,9,,олимпиадные листки,задачи,lom9m2014.pdf,deploy/материалы/mathus.ru
mathus.ru,math,9,,олимпиадные листки,задачи,PVG2023Math9.pdf,deploy/материалы/mathus.ru
mathus.ru,math,,,олимпиадные листки,задачи,fizteh2007m.pdf,deploy/материалы/mathus.ru
mathus.ru,math,9,,олимпиадные листки,задачи,VserosPhys2023S9.pdf,deploy/материалы/mathus.ru
mathus.ru,math,7,,олимпиадные листки,задачи,ITMO2025Math7.pdf,deploy/материалы/mathus.ru
mathus.ru,math,,,олимпиадные листки,задачи,euler2018f.pdf,deploy/материалы/mathus.ru
mathus.ru,math,11,,олимпиадные листки,задачи,vp2026m11.pdf,deploy/материалы/mathus.ru
mathus.ru,math,9,,олимпиадные листки,задачи,VserosMath2021R9.pdf,deploy/материалы/mathus.ru
mathus.ru,math,7,,олимпиадные листки,задачи,ITMO2024Math7.pdf,deploy/материалы/mathus.ru
mathus.ru,math,11,,олимпиадные листки,задачи,SVB2022Phys11v1.pdf,deploy/материалы/mathus.ru
mathus.ru,math,11,,олимпиадные листки,задачи,rosatom2016f11.pdf,deploy/материалы/mathus.ru
mathus.ru,math,,,олимпиадные листки,задачи,msuKasaSec.pdf,deploy/материалы/mathus.ru
mathus.ru,math,9,,олимпиадные листки,задачи,fizteh2016f9v1.pdf,deploy/материалы/mathus.ru
mathus.ru,math,,,олимпиадные листки,задачи,Euler2026Otbor2.pdf,deploy/материалы/mathus.ru
mathus.ru,math,,,олимпиадные листки,задачи,power.pdf,deploy/материалы/mathus.ru
mathus.ru,math,11,,олимпиадные листки,задачи,Rosatom2025Phys11v2.pdf,deploy/материалы/mathus.ru
mathus.ru,math,7,,олимпиадные листки,задачи,vseros2015f1-7.pdf,deploy/материалы/mathus.ru
mathus.ru,math,11,,олимпиадные листки,задачи,mfo2016-11tur0zaoch3.pdf,deploy/материалы/mathus.ru
mathus.ru,math,7,,олимпиадные листки,задачи,Belchonok2019Math7v1.pdf,deploy/материалы/mathus.ru
mathus.ru,math,,,олимпиадные листки,задачи,zener.pdf,deploy/материалы/mathus.ru
mathus.ru,math,7,,олимпиадные листки,задачи,rosatom2014f7.pdf,deploy/материалы/mathus.ru
mathus.ru,math,6,,олимпиадные листки,задачи,mp2004-6.pdf,deploy/материалы/mathus.ru
mathus.ru,math,10,,олимпиадные листки,задачи,vseros2015m2-10.pdf,deploy/материалы/mathus.ru
mathus.ru,math,11,,олимпиадные листки,задачи,MVO2024Math11.pdf,deploy/материалы/mathus.ru
mathus.ru,math,10,,олимпиадные листки,задачи,vseros1994f10zon.pdf,deploy/материалы/mathus.ru
mathus.ru,math,,,олимпиадные листки,задачи,pz.pdf,deploy/материалы/mathus.ru
mathus.ru,math,8,,олимпиадные листки,задачи,EH2022Phys8.pdf,deploy/материалы/mathus.ru
mathus.ru,math,10,,олимпиадные листки,задачи,vseros2014m2-10.pdf,deploy/материалы/mathus.ru
mathus.ru,math,8,,олимпиадные листки,задачи,BIBN2026Phys8.pdf,deploy/материалы/mathus.ru
mathus.ru,math,8,,олимпиадные листки,задачи,EH2023Phys8.pdf,deploy/материалы/mathus.ru
mathus.ru,math,11,,олимпиадные листки,задачи,VserosMath2019S11.pdf,deploy/материалы/mathus.ru
mathus.ru,math,8,,олимпиадные листки,задачи,mfo2007-8tur2.pdf,deploy/материалы/mathus.ru
mathus.ru,math,8,,олимпиадные листки,задачи,FETT2025Math8.pdf,deploy/материалы/mathus.ru
mathus.ru,math,7,,олимпиадные листки,задачи,MosPhys2025otbor7.pdf,deploy/материалы/mathus.ru
mathus.ru,math,,,олимпиадные листки,задачи,naplos.pdf,deploy/материалы/mathus.ru
mathus.ru,math,,,олимпиадные листки,задачи,floor57.pdf,deploy/материалы/mathus.ru
mathus.ru,math,11,,олимпиадные листки,задачи,EH2023Math11.pdf,deploy/материалы/mathus.ru
mathus.ru,math,7,,олимпиадные листки,задачи,pvg2015m7.pdf,deploy/материалы/mathus.ru
mathus.ru,math,11,,олимпиадные листки,задачи,Rosatom2024Math11v1.pdf,deploy/материалы/mathus.ru
mathus.ru,math,8,,олимпиадные листки,задачи,FETT2024Math8.pdf,deploy/материалы/mathus.ru
mathus.ru,math,9,,олимпиадные листки,задачи,SVB2023Phys9.pdf,deploy/материалы/mathus.ru
mathus.ru,math,9,,олимпиадные листки,задачи,VserosPhys2024M9.pdf,deploy/материалы/mathus.ru
mathus.ru,math,11,,олимпиадные листки,задачи,turgor2015os1011.pdf,deploy/материалы/mathus.ru
mathus.ru,math,11,,олимпиадные листки,задачи,VserosMath2022Z11.pdf,deploy/материалы/mathus.ru
mathus.ru,math,,,олимпиадные листки,задачи,defectmass.pdf,deploy/материалы/mathus.ru
mathus.ru,math,9,,олимпиадные листки,задачи,SVB2022Phys9.pdf,deploy/материалы/mathus.ru
mathus.ru,math,,,олимпиадные листки,задачи,parallelepiped.pdf,deploy/материалы/mathus.ru
mathus.ru,math,10,,олимпиадные листки,задачи,Eng2025c10.pdf,deploy/материалы/mathus.ru
mathus.ru,math,8,,олимпиадные листки,задачи,SVB2022Phys8.pdf,deploy/материалы/mathus.ru
mathus.ru,math,,,олимпиадные листки,задачи,sferpover.pdf,deploy/материалы/mathus.ru
mathus.ru,math,10,,олимпиадные листки,задачи,VserosMath2022Z10.pdf,deploy/материалы/mathus.ru
mathus.ru,math,11,,олимпиадные листки,задачи,Eng2025c11.pdf,deploy/материалы/mathus.ru
mathus.ru,math,8,,олимпиадные листки,задачи,VserosPhys2024M8.pdf,deploy/материалы/mathus.ru
mathus.ru,math,8,,олимпиадные листки,задачи,SVB2023Phys8.pdf,deploy/материалы/mathus.ru
mathus.ru,math,,,олимпиадные листки,задачи,parameter-ratio.pdf,deploy/материалы/mathus.ru
mathus.ru,math,11,,олимпиадные листки,задачи,fizteh2014f11d.pdf,deploy/материалы/mathus.ru
mathus.ru,math,,,олимпиадные листки,задачи,concurrent.pdf,deploy/материалы/mathus.ru
mathus.ru,math,9,,олимпиадные листки,задачи,VP2019Phys9.pdf,deploy/материалы/mathus.ru
mathus.ru,math,9,,олимпиадные листки,задачи,FETT2024Math9.pdf,deploy/материалы/mathus.ru
mathus.ru,math,9,,олимпиадные листки,задачи,VP2018Phys9.pdf,deploy/материалы/mathus.ru
mathus.ru,math,10,,олимпиадные листки,задачи,VserosMath2019S10.pdf,deploy/материалы/mathus.ru
mathus.ru,math,10,,олимпиадные листки,задачи,EH2023Math10.pdf,deploy/материалы/mathus.ru
mathus.ru,math,9,,олимпиадные листки,задачи,FETT2025Math9.pdf,deploy/материалы/mathus.ru
mathus.ru,math,9,,олимпиадные листки,задачи,mfo2015-9tur1.pdf,deploy/материалы/mathus.ru
mathus.ru,math,,,олимпиадные листки,задачи,photoeffect.pdf,deploy/материалы/mathus.ru
mathus.ru,math,10,,олимпиадные листки,задачи,Phystech2025PhysOtbor10v1.pdf,deploy/материалы/mathus.ru
mathus.ru,math,7,,олимпиадные листки,задачи,mfo2017-7tur1.pdf,deploy/материалы/mathus.ru
mathus.ru,math,,,олимпиадные листки,задачи,4tokr.pdf,deploy/материалы/mathus.ru
mathus.ru,math,11,,олимпиадные листки,задачи,vseros2014m2-11.pdf,deploy/материалы/mathus.ru
mathus.ru,math,9,,олимпиадные листки,задачи,EH2023Phys9.pdf,deploy/материалы/mathus.ru
mathus.ru,math,9,,олимпиадные листки,задачи,BIBN2026Phys9.pdf,deploy/материалы/mathus.ru
mathus.ru,math,,,олимпиадные листки,задачи,rd.pdf,deploy/материалы/mathus.ru
mathus.ru,math,,,олимпиадные листки,задачи,dviel.pdf,deploy/материалы/mathus.ru
mathus.ru,math,10,,олимпиадные листки,задачи,MVO2024Math10.pdf,deploy/материалы/mathus.ru
mathus.ru,math,11,,олимпиадные листки,задачи,vseros2015m2-11.pdf,deploy/материалы/mathus.ru
mathus.ru,math,11,,олимпиадные листки,задачи,vseros2003f11okr.pdf,deploy/материалы/mathus.ru
mathus.ru,math,7,,олимпиадные листки,задачи,mp2004-7.pdf,deploy/материалы/mathus.ru
mathus.ru,math,,,олимпиадные листки,задачи,MIPTphys2003v1.pdf,deploy/материалы/mathus.ru
mathus.ru,math,9,,олимпиадные листки,задачи,mfo2018-9tur2.pdf,deploy/материалы/mathus.ru
mathus.ru,math,9,,олимпиадные листки,задачи,EH2022Phys9.pdf,deploy/материалы/mathus.ru
mathus.ru,math,,,олимпиадные листки,задачи,inversion.pdf,deploy/материалы/mathus.ru
mathus.ru,math,11,,олимпиадные листки,задачи,mfo2016-11tur0zaoch2.pdf,deploy/материалы/mathus.ru
mathus.ru,math,11,,олимпиадные листки,задачи,Phystech2026MathOtbor11v1.pdf,deploy/материалы/mathus.ru
mathus.ru,math,7,,олимпиадные листки,задачи,Vsesib2015Math7.pdf,deploy/материалы/mathus.ru
mathus.ru,math,,,олимпиадные листки,задачи,ez.pdf,deploy/материалы/mathus.ru
mathus.ru,math,10,,олимпиадные листки,задачи,rosatom2016f10.pdf,deploy/материалы/mathus.ru
mathus.ru,math,,,олимпиадные листки,задачи,fda.pdf,deploy/материалы/mathus.ru
mathus.ru,math,,,олимпиадные листки,задачи,relativity.pdf,deploy/материалы/mathus.ru
mathus.ru,math,8,,олимпиадные листки,задачи,pvg2018m7-8v3a.pdf,deploy/материалы/mathus.ru
mathus.ru,math,6,,олимпиадные листки,задачи,pvg2017m5-6v1b.pdf,deploy/материалы/mathus.ru
mathus.ru,math,9,,олимпиадные листки,задачи,Rosatom2020Math9v2.pdf,deploy/материалы/mathus.ru
mathus.ru,math,8,,олимпиадные листки,задачи,VserosPhys2023S8.pdf,deploy/материалы/mathus.ru
mathus.ru,math,,,олимпиадные листки,задачи,sphereball.pdf,deploy/материалы/mathus.ru
mathus.ru,math,10,,олимпиадные листки,задачи,vp2026m10.pdf,deploy/материалы/mathus.ru
mathus.ru,math,7,,олимпиадные листки,задачи,mp1995-7.pdf,deploy/материалы/mathus.ru
mathus.ru,math,7,,олимпиадные листки,задачи,Kurchatov2020Phys7.pdf,deploy/материалы/mathus.ru
mathus.ru,math,,,олимпиадные листки,задачи,arhimed2015z.pdf,deploy/материалы/mathus.ru
mathus.ru,math,,,олимпиадные листки,задачи,energy.pdf,deploy/материалы/mathus.ru
mathus.ru,math,10,,олимпиадные листки,задачи,EH2023Phys10.pdf,deploy/материалы/mathus.ru
mathus.ru,math,10,,олимпиадные листки,задачи,MissVip2024Math10.pdf,deploy/материалы/mathus.ru
mathus.ru,math,9,,олимпиадные листки,задачи,Rosatom2021Phys9.pdf,deploy/материалы/mathus.ru
mathus.ru,math,7,,олимпиадные листки,задачи,Kurchatov2021Phys7.pdf,deploy/материалы/mathus.ru
mathus.ru,math,6,,олимпиадные листки,задачи,mp2020-6.pdf,deploy/материалы/mathus.ru
mathus.ru,math,8,,олимпиадные листки,задачи,fizteh-online2017m8.pdf,deploy/материалы/mathus.ru
mathus.ru,math,8,,олимпиадные листки,задачи,SVB2019Math8v2.pdf,deploy/материалы/mathus.ru
mathus.ru,math,10,,олимпиадные листки,задачи,VserosPhys2021Z10.pdf,deploy/материалы/mathus.ru
mathus.ru,math,,,олимпиадные листки,задачи,equilateral.pdf,deploy/материалы/mathus.ru
mathus.ru,math,,,олимпиадные листки,задачи,MIPTphys2001v3.pdf,deploy/материалы/mathus.ru
mathus.ru,math,10,,олимпиадные листки,задачи,MVO2024Phys10.pdf,deploy/материалы/mathus.ru
mathus.ru,math,,,олимпиадные листки,задачи,DVImath2025v6.pdf,deploy/материалы/mathus.ru
mathus.ru,math,11,,олимпиадные листки,задачи,pvg2016m10-11ufa.pdf,deploy/материалы/mathus.ru
mathus.ru,math,11,,олимпиадные листки,задачи,SAMMAT2024-11.pdf,deploy/материалы/mathus.ru
mathus.ru,math,5,,олимпиадные листки,задачи,Belchonok2019Math5v2.pdf,deploy/материалы/mathus.ru
mathus.ru,math,,,олимпиадные листки,задачи,msuKombiFig.pdf,deploy/материалы/mathus.ru
mathus.ru,math,8,,олимпиадные листки,задачи,Phystech2023Phys-otbor2-8.pdf,deploy/материалы/mathus.ru
mathus.ru,math,10,,олимпиадные листки,задачи,PVG2026Math10.pdf,deploy/материалы/mathus.ru
mathus.ru,math,8,,олимпиадные листки,задачи,VserosMath2022M8.pdf,deploy/материалы/mathus.ru
mathus.ru,math,,,олимпиадные листки,задачи,Param_FT_RA.pdf,deploy/материалы/mathus.ru
mathus.ru,math,10,,олимпиадные листки,задачи,BIBN2019Math10.pdf,deploy/материалы/mathus.ru
mathus.ru,math,10,,олимпиадные листки,задачи,VserosPhys2026R10.pdf,deploy/материалы/mathus.ru
mathus.ru,math,10,,олимпиадные листки,задачи,mfo2006-10tur1.pdf,deploy/материалы/mathus.ru
mathus.ru,math,,,олимпиадные листки,задачи,games.pdf,deploy/материалы/mathus.ru
mathus.ru,math,,,олимпиадные листки,задачи,msuTrigNera.pdf,deploy/материалы/mathus.ru
mathus.ru,math,,,олимпиадные листки,задачи,Planimetry_FT.pdf,deploy/материалы/mathus.ru
mathus.ru,math,11,,олимпиадные листки,задачи,EH2016Math11.pdf,deploy/материалы/mathus.ru
mathus.ru,math,11,,олимпиадные листки,задачи,fizteh2016f11v1.pdf,deploy/материалы/mathus.ru
mathus.ru,math,,,олимпиадные листки,задачи,MIPTmath1996v3.pdf,deploy/материалы/mathus.ru
mathus.ru,math,9,,олимпиадные листки,задачи,vseros2008f9fin.pdf,deploy/материалы/mathus.ru
mathus.ru,math,8,,олимпиадные листки,задачи,mfo2014-8tur0och.pdf,deploy/материалы/mathus.ru
mathus.ru,math,11,,олимпиадные листки,задачи,fizteh2017f11v1.pdf,deploy/материалы/mathus.ru
mathus.ru,math,,,олимпиадные листки,задачи,euler2014-3.pdf,deploy/материалы/mathus.ru
mathus.ru,math,,,олимпиадные листки,задачи,chess.pdf,deploy/материалы/mathus.ru
mathus.ru,math,7,,олимпиадные листки,задачи,Vsesib2023Phys7.pdf,deploy/материалы/mathus.ru
mathus.ru,math,7,,олимпиадные листки,задачи,Maxwell2022R7.pdf,deploy/материалы/mathus.ru
mathus.ru,math,,,олимпиадные листки,задачи,AlgebraPUN_RA.pdf,deploy/материалы/mathus.ru
mathus.ru,math,11,,олимпиадные листки,задачи,SVB2018Math11v1.pdf,deploy/материалы/mathus.ru
mathus.ru,math,9,,олимпиадные листки,задачи,Belchonok2020Math9v2.pdf,deploy/материалы/mathus.ru
mathus.ru,math,,,олимпиадные листки,задачи,MIPTmath2005v1.pdf,deploy/материалы/mathus.ru
mathus.ru,math,7,,олимпиадные листки,задачи,Vsesib2022Phys7.pdf,deploy/материалы/mathus.ru
mathus.ru,math,11,,олимпиадные листки,задачи,rosatom2013f11lip.pdf,deploy/материалы/mathus.ru
mathus.ru,math,6,,олимпиадные листки,задачи,ustn2002-6.pdf,deploy/материалы/mathus.ru
mathus.ru,math,11,,олимпиадные листки,задачи,VserosMath2023S11.pdf,deploy/материалы/mathus.ru
mathus.ru,math,9,,олимпиадные листки,задачи,vseros2010f3-9.pdf,deploy/материалы/mathus.ru
mathus.ru,math,11,,олимпиадные листки,задачи,Vsesib2026Math11.pdf,deploy/материалы/mathus.ru
mathus.ru,math,11,,олимпиадные листки,задачи,VserosPhys2024M11.pdf,deploy/материалы/mathus.ru
mathus.ru,math,,,олимпиадные листки,задачи,Euler2013Otbor2.pdf,deploy/материалы/mathus.ru
mathus.ru,math,11,,олимпиадные листки,задачи,vseros2018f2-11.pdf,deploy/материалы/mathus.ru
mathus.ru,math,,,олимпиадные листки,задачи,kinsv.pdf,deploy/материалы/mathus.ru
mathus.ru,math,10,,олимпиадные листки,задачи,fizteh-lyc2015f10.pdf,deploy/материалы/mathus.ru
mathus.ru,math,10,,олимпиадные листки,задачи,BIBN2019Phys10.pdf,deploy/материалы/mathus.ru
mathus.ru,math,8,,олимпиадные листки,задачи,vseros2017m2-8.pdf,deploy/материалы/mathus.ru
mathus.ru,math,8,,олимпиадные листки,задачи,VserosMath2025S8.pdf,deploy/материалы/mathus.ru
mathus.ru,math,9,,олимпиадные листки,задачи,Rosatom2017Math9.pdf,deploy/материалы/mathus.ru
mathus.ru,math,,,олимпиадные листки,задачи,velipro.pdf,deploy/материалы/mathus.ru
mathus.ru,math,,,олимпиадные листки,задачи,msuExtremal.pdf,deploy/материалы/mathus.ru
mathus.ru,math,10,,олимпиадные листки,задачи,PVG2026Phys10.pdf,deploy/материалы/mathus.ru
mathus.ru,math,9,,олимпиадные листки,задачи,Phystech2021Phys9v2.pdf,deploy/материалы/mathus.ru
mathus.ru,math,9,,олимпиадные листки,задачи,Phystech2024Math9v1.pdf,deploy/материалы/mathus.ru
mathus.ru,math,11,,олимпиадные листки,задачи,VserosPhys2020S11.pdf,deploy/материалы/mathus.ru
mathus.ru,math,9,,олимпиадные листки,задачи,Rosatom2016Math9.pdf,deploy/материалы/mathus.ru
mathus.ru,math,11,,олимпиадные листки,задачи,Phystech2026Phys11v2.pdf,deploy/материалы/mathus.ru
mathus.ru,math,11,,олимпиадные листки,задачи,pvg2018m10-11v4.pdf,deploy/материалы/mathus.ru
mathus.ru,math,6,,олимпиадные листки,задачи,Belchonok2021Math6v1.pdf,deploy/материалы/mathus.ru
mathus.ru,math,11,,олимпиадные листки,задачи,pvg2010m10-11brn.pdf,deploy/материалы/mathus.ru
mathus.ru,math,11,,олимпиадные листки,задачи,pvg2015m10-11mos.pdf,deploy/материалы/mathus.ru
mathus.ru,math,11,,олимпиадные листки,задачи,EH2016Phys11.pdf,deploy/материалы/mathus.ru
mathus.ru,math,,,олимпиадные листки,задачи,prosec.pdf,deploy/материалы/mathus.ru
mathus.ru,math,10,,олимпиадные листки,задачи,fizteh10m2014.pdf,deploy/материалы/mathus.ru
mathus.ru,math,8,,олимпиадные листки,задачи,vp2020m8.pdf,deploy/материалы/mathus.ru
mathus.ru,math,6,,олимпиадные листки,задачи,mpmv2026c6.pdf,deploy/материалы/mathus.ru
mathus.ru,math,,,олимпиадные листки,задачи,sperner.pdf,deploy/материалы/mathus.ru
mathus.ru,math,11,,олимпиадные листки,задачи,PVG2019Math1011v6.pdf,deploy/материалы/mathus.ru
mathus.ru,math,11,,олимпиадные листки,задачи,fizteh11m2014.pdf,deploy/материалы/mathus.ru
mathus.ru,math,,,олимпиадные листки,задачи,okr9t.pdf,deploy/материалы/mathus.ru
mathus.ru,math,,,олимпиадные листки,задачи,MIPTmath1994v1.pdf,deploy/материалы/mathus.ru
mathus.ru,math,10,,олимпиадные листки,задачи,VserosMath2025R10.pdf,deploy/материалы/mathus.ru
mathus.ru,math,,,олимпиадные листки,задачи,avtomobil.pdf,deploy/материалы/mathus.ru
mathus.ru,math,,,олимпиадные листки,задачи,Stereo1.pdf,deploy/материалы/mathus.ru
mathus.ru,math,,,олимпиадные листки,задачи,MIPTmath2007v3.pdf,deploy/материалы/mathus.ru
mathus.ru,math,11,,олимпиадные листки,задачи,pvg10-11m2014vor.pdf,deploy/материалы/mathus.ru
mathus.ru,math,8,,олимпиадные листки,задачи,BIBN2019Phys8.pdf,deploy/материалы/mathus.ru
mathus.ru,math,8,,олимпиадные листки,задачи,VserosPhys2019M8.pdf,deploy/материалы/mathus.ru
mathus.ru,math,11,,олимпиадные листки,задачи,Lom2022Math11.pdf,deploy/материалы/mathus.ru
mathus.ru,math,8,,олимпиадные листки,задачи,BIBN2018Phys8.pdf,deploy/материалы/mathus.ru
mathus.ru,math,6,,олимпиадные листки,задачи,kurchatov2017m6.pdf,deploy/материалы/mathus.ru
mathus.ru,math,8,,олимпиадные листки,задачи,mmo2011-8.pdf,deploy/материалы/mathus.ru
mathus.ru,math,11,,олимпиадные листки,задачи,Vsesib2026Phys11.pdf,deploy/материалы/mathus.ru
mathus.ru,math,10,,олимпиадные листки,задачи,Belchonok2020Math10v1.pdf,deploy/материалы/mathus.ru
mathus.ru,math,6,,олимпиадные листки,задачи,PVG2020Math56a.pdf,deploy/материалы/mathus.ru
mathus.ru,math,11,,олимпиадные листки,задачи,MosPhys2021zz2-11.pdf,deploy/материалы/mathus.ru
mathus.ru,math,,,олимпиадные листки,задачи,paramkol.pdf,deploy/материалы/mathus.ru
mathus.ru,math,11,,олимпиадные листки,задачи,pvg2016f10-11b6.pdf,deploy/материалы/mathus.ru
mathus.ru,math,9,,олимпиадные листки,задачи,EH2018Math9.5.pdf,deploy/материалы/mathus.ru
mathus.ru,math,,,олимпиадные листки,задачи,DVImath2021v2.pdf,deploy/материалы/mathus.ru
mathus.ru,math,11,,олимпиадные листки,задачи,PVG2019Phys1011b5.pdf,deploy/материалы/mathus.ru
mathus.ru,math,5,,олимпиадные листки,задачи,EH2025Math5.pdf,deploy/материалы/mathus.ru
mathus.ru,math,6,,олимпиадные листки,задачи,mp2024-6.pdf,deploy/материалы/mathus.ru
mathus.ru,math,11,,олимпиадные листки,задачи,ITMO2024Phys11.pdf,deploy/материалы/mathus.ru
mathus.ru,math,11,,олимпиадные листки,задачи,Rosatom2021Math11v1.pdf,deploy/материалы/mathus.ru
mathus.ru,math,10,,олимпиадные листки,задачи,vp2012m10.pdf,deploy/материалы/mathus.ru
mathus.ru,math,5,,олимпиадные листки,задачи,EH2024Math5.pdf,deploy/материалы/mathus.ru
mathus.ru,math,,,олимпиадные листки,задачи,MIPTphys2005v3.pdf,deploy/материалы/mathus.ru
mathus.ru,math,11,,олимпиадные листки,задачи,KFU2025Math11.pdf,deploy/материалы/mathus.ru
mathus.ru,math,11,,олимпиадные листки,задачи,SVB2025PhysOtbor11v2.pdf,deploy/материалы/mathus.ru
mathus.ru,math,,,олимпиадные листки,задачи,chesscol.pdf,deploy/материалы/mathus.ru
mathus.ru,math,9,,олимпиадные листки,задачи,Eng2024otbor9.pdf,deploy/материалы/mathus.ru
mathus.ru,math,11,,олимпиадные листки,задачи,PVG2019Phys1011b1.pdf,deploy/материалы/mathus.ru
mathus.ru,math,10,,олимпиадные листки,задачи,Vsesib2018Phys10.pdf,deploy/материалы/mathus.ru
mathus.ru,math,,,олимпиадные листки,задачи,impulse.pdf,deploy/материалы/mathus.ru
mathus.ru,math,11,,олимпиадные листки,задачи,vseros2011f3-11.pdf,deploy/материалы/mathus.ru
mathus.ru,math,11,,олимпиадные листки,задачи,pvg2016f10-11b2.pdf,deploy/материалы/mathus.ru
mathus.ru,math,8,,олимпиадные листки,задачи,PVG2022Math78.pdf,deploy/материалы/mathus.ru
mathus.ru,math,,,олимпиадные листки,задачи,smesigas.pdf,deploy/материалы/mathus.ru
mathus.ru,math,11,,олимпиадные листки,задачи,vseros2010f3-11.pdf,deploy/материалы/mathus.ru
mathus.ru,math,11,,олимпиадные листки,задачи,Rosatom2020Phys11v2.pdf,deploy/материалы/mathus.ru
mathus.ru,math,11,,олимпиадные листки,задачи,mfo2017-11tur2.pdf,deploy/материалы/mathus.ru
mathus.ru,math,7,,олимпиадные листки,задачи,BIBN2015Math7.pdf,deploy/материалы/mathus.ru
mathus.ru,math,9,,олимпиадные листки,задачи,Vsesib2026Phys9.pdf,deploy/материалы/mathus.ru
mathus.ru,math,11,,олимпиадные листки,задачи,Phystech2019Math11v2.pdf,deploy/материалы/mathus.ru
mathus.ru,math,10,,олимпиадные листки,задачи,vseros2007f10okr.pdf,deploy/материалы/mathus.ru
mathus.ru,math,7,,олимпиадные листки,задачи,mp1991-7.pdf,deploy/материалы/mathus.ru
mathus.ru,math,9,,олимпиадные листки,задачи,vseros1994f9fin.pdf,deploy/материалы/mathus.ru
mathus.ru,math,11,,олимпиадные листки,задачи,PVG2019Math1011v2.pdf,deploy/материалы/mathus.ru
mathus.ru,math,9,,олимпиадные листки,задачи,Lom2026Phys79.pdf,deploy/материалы/mathus.ru
mathus.ru,math,8,,олимпиадные листки,задачи,Belchonok2026Math8.pdf,deploy/материалы/mathus.ru
mathus.ru,math,9,,олимпиадные листки,задачи,vseros1995f9fin.pdf,deploy/материалы/mathus.ru
mathus.ru,math,11,,олимпиадные листки,задачи,rosatom2015f11mos.pdf,deploy/материалы/mathus.ru
mathus.ru,math,9,,олимпиадные листки,задачи,pvg2018f7-9b18.pdf,deploy/материалы/mathus.ru
mathus.ru,math,11,,олимпиадные листки,задачи,vseros2008f11okr.pdf,deploy/материалы/mathus.ru
mathus.ru,math,9,,олимпиадные листки,задачи,mfo2013-9tur2.pdf,deploy/материалы/mathus.ru
mathus.ru,math,11,,олимпиадные листки,задачи,ITMO2024Math11.pdf,deploy/материалы/mathus.ru
mathus.ru,math,9,,олимпиадные листки,задачи,vseros2015m3-9.pdf,deploy/материалы/mathus.ru
mathus.ru,math,11,,олимпиадные листки,задачи,KFU2025Phys11.pdf,deploy/материалы/mathus.ru
mathus.ru,math,7,,олимпиадные листки,задачи,mp2000-7.pdf,deploy/материалы/mathus.ru
mathus.ru,math,,,олимпиадные листки,задачи,MIPTphys2007v1.pdf,deploy/материалы/mathus.ru
mathus.ru,math,11,,олимпиадные листки,задачи,VserosPhys2023Z11.pdf,deploy/материалы/mathus.ru
mathus.ru,math,8,,олимпиадные листки,задачи,vp2019m8.pdf,deploy/материалы/mathus.ru
mathus.ru,math,,,олимпиадные листки,задачи,euler2009-2.pdf,deploy/материалы/mathus.ru
mathus.ru,math,10,,олимпиадные листки,задачи,Eng2024otbor10.pdf,deploy/материалы/mathus.ru
mathus.ru,math,,,олимпиадные листки,задачи,DVImath2023v4.pdf,deploy/материалы/mathus.ru
mathus.ru,math,,,олимпиадные листки,задачи,VserosPhys2008Z11.2.pdf,deploy/материалы/mathus.ru
mathus.ru,math,10,,олимпиадные листки,задачи,Vsesib2018Math10.pdf,deploy/материалы/mathus.ru
mathus.ru,math,,,олимпиадные листки,задачи,dielectrics.pdf,deploy/материалы/mathus.ru
mathus.ru,math,11,,олимпиадные листки,задачи,pvg2010m10-11omsk.pdf,deploy/материалы/mathus.ru
mathus.ru,math,8,,олимпиадные листки,задачи,Belchonok2022Math8v4.pdf,deploy/материалы/mathus.ru
mathus.ru,math,11,,олимпиадные листки,задачи,vp2024m11.pdf,deploy/материалы/mathus.ru
mathus.ru,math,9,,олимпиадные листки,задачи,vseros2016m2-9.pdf,deploy/материалы/mathus.ru
mathus.ru,math,,,олимпиадные листки,задачи,sredskor.pdf,deploy/материалы/mathus.ru
mathus.ru,math,8,,олимпиадные листки,задачи,VserosPhys2020M8.pdf,deploy/материалы/mathus.ru
mathus.ru,math,7,,олимпиадные листки,задачи,vp2017m7.pdf,deploy/материалы/mathus.ru
mathus.ru,math,,,олимпиадные листки,задачи,logur.pdf,deploy/материалы/mathus.ru
mathus.ru,math,,,олимпиадные листки,задачи,MIPTmath2003v3.pdf,deploy/материалы/mathus.ru
mathus.ru,math,7,,олимпиадные листки,задачи,FETT2021Math7.pdf,deploy/материалы/mathus.ru
mathus.ru,math,10,,олимпиадные листки,задачи,VserosMath2021S10.pdf,deploy/материалы/mathus.ru
mathus.ru,math,7,,олимпиадные листки,задачи,ustn2022-7.pdf,deploy/материалы/mathus.ru
mathus.ru,math,11,,олимпиадные листки,задачи,rosatom2011f11bal.pdf,deploy/материалы/mathus.ru
mathus.ru,math,10,,олимпиадные листки,задачи,vseros1999f10fin.pdf,deploy/материалы/mathus.ru
mathus.ru,math,11,,олимпиадные листки,задачи,Belchonok2023Math11v2.pdf,deploy/материалы/mathus.ru
mathus.ru,math,11,,олимпиадные листки,задачи,Kurchatov2020Phys11.pdf,deploy/материалы/mathus.ru
mathus.ru,math,11,,олимпиадные листки,задачи,Belchonok2019Math11.pdf,deploy/материалы/mathus.ru
mathus.ru,math,7,,олимпиадные листки,задачи,FETT2020Math7.pdf,deploy/материалы/mathus.ru
mathus.ru,math,9,,олимпиадные листки,задачи,Lom2023Math9.pdf,deploy/материалы/mathus.ru
mathus.ru,math,8,,олимпиадные листки,задачи,mmo2015-8.pdf,deploy/материалы/mathus.ru
mathus.ru,math,9,,олимпиадные листки,задачи,MosPhys2020tur2-9.pdf,deploy/материалы/mathus.ru
mathus.ru,math,11,,олимпиадные листки,задачи,FETT2025Phys11.pdf,deploy/материалы/mathus.ru
mathus.ru,math,,,олимпиадные листки,задачи,deliraz.pdf,deploy/материалы/mathus.ru
mathus.ru,math,7,,олимпиадные листки,задачи,vseros2014f1-7.pdf,deploy/материалы/mathus.ru
mathus.ru,math,10,,олимпиадные листки,задачи,fizteh2016m10v3.pdf,deploy/материалы/mathus.ru
mathus.ru,math,9,,олимпиадные листки,задачи,fizteh2017f9v1.pdf,deploy/материалы/mathus.ru
mathus.ru,math,11,,олимпиадные листки,задачи,VP2021Phys11.pdf,deploy/материалы/mathus.ru
mathus.ru,math,9,,олимпиадные листки,задачи,Lom2022Math9.pdf,deploy/материалы/mathus.ru
mathus.ru,math,10,,олимпиадные листки,задачи,VserosPhys2026M10.pdf,deploy/материалы/mathus.ru
mathus.ru,math,10,,олимпиадные листки,задачи,Phystech2024Math10v2.pdf,deploy/материалы/mathus.ru
mathus.ru,math,,,олимпиадные листки,задачи,DVImath2025v2.pdf,deploy/материалы/mathus.ru
mathus.ru,math,7,,олимпиадные листки,задачи,MosPhys2022otbor1tur7.pdf,deploy/материалы/mathus.ru
mathus.ru,math,6,,олимпиадные листки,задачи,SAMMAT2024-6.pdf,deploy/материалы/mathus.ru
mathus.ru,math,,,олимпиадные листки,задачи,neidegas.pdf,deploy/материалы/mathus.ru
mathus.ru,math,5,,олимпиадные листки,задачи,FETT2015Math5.pdf,deploy/материалы/mathus.ru
mathus.ru,math,8,,олимпиадные листки,задачи,VserosMath2021S8.pdf,deploy/материалы/mathus.ru
mathus.ru,math,7,,олимпиадные листки,задачи,kurchatov2014f7.pdf,deploy/материалы/mathus.ru
mathus.ru,math,8,,олимпиадные листки,задачи,pvg2018m7-8v2a.pdf,deploy/материалы/mathus.ru
mathus.ru,math,11,,олимпиадные листки,задачи,SVB2023Phys1011otbor-v1.pdf,deploy/материалы/mathus.ru
mathus.ru,math,11,,олимпиадные листки,задачи,VserosPhys2024R11.pdf,deploy/материалы/mathus.ru
mathus.ru,math,,,олимпиадные листки,задачи,SVB2019Math8z5.pdf,deploy/материалы/mathus.ru
mathus.ru,math,,,олимпиадные листки,задачи,ac1.pdf,deploy/материалы/mathus.ru
mathus.ru,math,9,,олимпиадные листки,задачи,MosPhys2023otbor1tur9.pdf,deploy/материалы/mathus.ru
mathus.ru,math,,,олимпиадные листки,задачи,udarsil.pdf,deploy/материалы/mathus.ru
mathus.ru,math,8,,олимпиадные листки,задачи,lom8m2011.pdf,deploy/материалы/mathus.ru
mathus.ru,math,9,,олимпиадные листки,задачи,MosPhys2020zz2-9.pdf,deploy/материалы/mathus.ru
mathus.ru,math,7,,олимпиадные листки,задачи,BIBN2023Phys7.pdf,deploy/материалы/mathus.ru
mathus.ru,math,,,олимпиадные листки,задачи,arhimed2014z.pdf,deploy/материалы/mathus.ru
mathus.ru,math,10,,олимпиадные листки,задачи,Phystech2025Phys10v1.pdf,deploy/материалы/mathus.ru
mathus.ru,math,8,,олимпиадные листки,задачи,vp2024m8.pdf,deploy/материалы/mathus.ru
mathus.ru,math,,,олимпиадные листки,задачи,priboropt.pdf,deploy/материалы/mathus.ru
mathus.ru,math,9,,олимпиадные листки,задачи,lom9m2011.pdf,deploy/материалы/mathus.ru
mathus.ru,math,9,,олимпиадные листки,задачи,mfo2007-9tur2.pdf,deploy/материалы/mathus.ru
mathus.ru,math,,,олимпиадные листки,задачи,mechwaves.pdf,deploy/материалы/mathus.ru
mathus.ru,math,,,олимпиадные листки,задачи,trigsystems.pdf,deploy/материалы/mathus.ru
mathus.ru,math,7,,олимпиадные листки,задачи,BIBN2022Phys7.pdf,deploy/материалы/mathus.ru
mathus.ru,math,8,,олимпиадные листки,задачи,Maxwell2023Z8.pdf,deploy/материалы/mathus.ru
mathus.ru,math,9,,олимпиадные листки,задачи,MosPhys2021zz2-9.pdf,deploy/материалы/mathus.ru
mathus.ru,math,7,,олимпиадные листки,задачи,Maxwell2026R7.pdf,deploy/материалы/mathus.ru
mathus.ru,math,7,,олимпиадные листки,задачи,Rosatom2025Phys7.pdf,deploy/материалы/mathus.ru
mathus.ru,math,8,,олимпиадные листки,задачи,maxwell2014t8.pdf,deploy/материалы/mathus.ru
mathus.ru,math,,,олимпиадные листки,задачи,MIPTmath2001v1.pdf,deploy/материалы/mathus.ru
mathus.ru,math,9,,олимпиадные листки,задачи,turgor2015ob89.pdf,deploy/материалы/mathus.ru
mathus.ru,math,9,,олимпиадные листки,задачи,Kurchatov2025Phys9.pdf,deploy/материалы/mathus.ru
mathus.ru,math,11,,олимпиадные листки,задачи,Kurchatov2020Math11.pdf,deploy/материалы/mathus.ru
mathus.ru,math,9,,олимпиадные листки,задачи,vseros2018f1-9.pdf,deploy/материалы/mathus.ru
mathus.ru,math,7,,олимпиадные листки,задачи,Rosatom2024Phys7.pdf,deploy/материалы/mathus.ru
mathus.ru,math,10,,олимпиадные листки,задачи,mfo2012-10tur2.pdf,deploy/материалы/mathus.ru
mathus.ru,math,9,,олимпиадные листки,задачи,Kurchatov2024Phys9.pdf,deploy/материалы/mathus.ru
mathus.ru,math,6,,олимпиадные листки,задачи,ustn2006-6.pdf,deploy/материалы/mathus.ru
mathus.ru,math,8,,олимпиадные листки,задачи,ITMO2021Math8.pdf,deploy/материалы/mathus.ru
mathus.ru,math,,,олимпиадные листки,задачи,ss.pdf,deploy/материалы/mathus.ru
mathus.ru,math,,,олимпиадные листки,задачи,tok.pdf,deploy/материалы/mathus.ru
mathus.ru,math,11,,олимпиадные листки,задачи,FETT2025Math11.pdf,deploy/материалы/mathus.ru
mathus.ru,math,8,,олимпиадные листки,задачи,ITMO2020Math8.pdf,deploy/материалы/mathus.ru
mathus.ru,math,7,,олимпиадные листки,задачи,EH2015Math7v1.pdf,deploy/материалы/mathus.ru
mathus.ru,math,,,олимпиадные листки,задачи,Extremal_FT.pdf,deploy/материалы/mathus.ru
mathus.ru,math,6,,олимпиадные листки,задачи,Lom2020Math56.pdf,deploy/материалы/mathus.ru
mathus.ru,math,,,олимпиадные листки,задачи,ql.pdf,deploy/материалы/mathus.ru
mathus.ru,math,,,олимпиадные листки,задачи,Euler2018Otbor2.pdf,deploy/материалы/mathus.ru
mathus.ru,math,8,,олимпиадные листки,задачи,VserosMath2026M8.pdf,deploy/материалы/mathus.ru
mathus.ru,math,10,,олимпиадные листки,задачи,VserosPhys2022S10.pdf,deploy/материалы/mathus.ru
mathus.ru,math,6,,олимпиадные листки,задачи,mp2019-6.pdf,deploy/материалы/mathus.ru
mathus.ru,math,7,,олимпиадные листки,задачи,mpmv2022-7.pdf,deploy/материалы/mathus.ru
mathus.ru,math,,,олимпиадные листки,задачи,Euler2015Otbor1.pdf,deploy/материалы/mathus.ru
mathus.ru,math,,,олимпиадные листки,задачи,msuLogUra.pdf,deploy/материалы/mathus.ru
mathus.ru,math,8,,олимпиадные листки,задачи,Vsesib2019Phys8.pdf,deploy/материалы/mathus.ru
mathus.ru,math,8,,олимпиадные листки,задачи,Vsesib2018Phys8.pdf,deploy/материалы/mathus.ru
mathus.ru,math,11,,олимпиадные листки,задачи,vseros1996f11fin.pdf,deploy/материалы/mathus.ru
mathus.ru,math,10,,олимпиадные листки,задачи,VserosMath2025M10.pdf,deploy/материалы/mathus.ru
mathus.ru,math,10,,олимпиадные листки,задачи,VserosPhys2019Z10.pdf,deploy/материалы/mathus.ru
mathus.ru,math,,,олимпиадные листки,задачи,euler2010-3.pdf,deploy/материалы/mathus.ru
mathus.ru,math,11,,олимпиадные листки,задачи,VserosMath2025M11.pdf,deploy/материалы/mathus.ru
mathus.ru,math,11,,олимпиадные листки,задачи,VserosPhys2019Z11.pdf,deploy/материалы/mathus.ru
mathus.ru,math,11,,олимпиадные листки,задачи,Phystech2022Math11v1.pdf,deploy/материалы/mathus.ru
mathus.ru,math,,,олимпиадные листки,задачи,euler2010-2.pdf,deploy/материалы/mathus.ru
mathus.ru,math,8,,олимпиадные листки,задачи,Belchonok2018Math8.pdf,deploy/материалы/mathus.ru
mathus.ru,math,9,,олимпиадные листки,задачи,Phystech2026MathOtbor9v2.pdf,deploy/материалы/mathus.ru
mathus.ru,math,11,,олимпиадные листки,задачи,fizteh2014f11v.pdf,deploy/материалы/mathus.ru
mathus.ru,math,9,,олимпиадные листки,задачи,lom2018m9.pdf,deploy/материалы/mathus.ru
mathus.ru,math,9,,олимпиадные листки,задачи,Vsesib2019Phys9.pdf,deploy/материалы/mathus.ru
mathus.ru,math,9,,олимпиадные листки,задачи,rosatom2017f9v2.pdf,deploy/материалы/mathus.ru
mathus.ru,math,,,олимпиадные листки,задачи,prinfer.pdf,deploy/материалы/mathus.ru
mathus.ru,math,6,,олимпиадные листки,задачи,mpmv2022-6.pdf,deploy/материалы/mathus.ru
mathus.ru,math,10,,олимпиадные листки,задачи,Belchonok2025Math10v1.pdf,deploy/материалы/mathus.ru
mathus.ru,math,,,олимпиадные листки,задачи,smallmove.pdf,deploy/материалы/mathus.ru
mathus.ru,math,,,олимпиадные листки,задачи,lensimage.pdf,deploy/материалы/mathus.ru
mathus.ru,math,9,,олимпиадные листки,задачи,Belchonok2025Math9v2.pdf,deploy/материалы/mathus.ru
mathus.ru,math,11,,олимпиадные листки,задачи,VserosPhys2022S11.pdf,deploy/материалы/mathus.ru
mathus.ru,math,9,,олимпиадные листки,задачи,VserosMath2026M9.pdf,deploy/материалы/mathus.ru
mathus.ru,math,7,,олимпиадные листки,задачи,mp2019-7.pdf,deploy/материалы/mathus.ru
mathus.ru,math,10,,олимпиадные листки,задачи,SVB2024PhysOtbor10v1.pdf,deploy/материалы/mathus.ru
mathus.ru,math,,,олимпиадные листки,задачи,otrezki.pdf,deploy/материалы/mathus.ru
mathus.ru,math,9,,олимпиадные листки,задачи,ITMO2020Math9.pdf,deploy/материалы/mathus.ru
mathus.ru,math,,,олимпиадные листки,задачи,Euler2018Otbor3.pdf,deploy/материалы/mathus.ru
mathus.ru,math,,,олимпиадные листки,задачи,obrahod.pdf,deploy/материалы/mathus.ru
mathus.ru,math,10,,олимпиадные листки,задачи,vseros2005f10fin.pdf,deploy/материалы/mathus.ru
mathus.ru,math,9,,олимпиадные листки,задачи,ITMO2021Math9.pdf,deploy/материалы/mathus.ru
mathus.ru,math,10,,олимпиадные листки,задачи,FETT2025Math10.pdf,deploy/материалы/mathus.ru
mathus.ru,math,11,,олимпиадные листки,задачи,Phystech2023Phys11v2.pdf,deploy/материалы/mathus.ru
mathus.ru,math,8,,олимпиадные листки,задачи,vseros2018f1-8.pdf,deploy/материалы/mathus.ru
mathus.ru,math,10,,олимпиадные листки,задачи,Kurchatov2020Math10.pdf,deploy/материалы/mathus.ru
mathus.ru,math,7,,олимпиадные листки,задачи,ustn2006-7.pdf,deploy/материалы/mathus.ru
mathus.ru,math,8,,олимпиадные листки,задачи,Kurchatov2024Phys8.pdf,deploy/материалы/mathus.ru
mathus.ru,math,,,олимпиадные листки,задачи,funcun1.pdf,deploy/материалы/mathus.ru
mathus.ru,math,11,,олимпиадные листки,задачи,EH2015Phys11v1.pdf,deploy/материалы/mathus.ru
mathus.ru,math,8,,олимпиадные листки,задачи,Kurchatov2025Phys8.pdf,deploy/материалы/mathus.ru
mathus.ru,math,8,,олимпиадные листки,задачи,mfo2015-8tur1.pdf,deploy/материалы/mathus.ru
mathus.ru,math,8,,олимпиадные листки,задачи,MosPhys2021zz2-8.pdf,deploy/материалы/mathus.ru
mathus.ru,math,,,олимпиадные листки,задачи,eledvig.pdf,deploy/материалы/mathus.ru
mathus.ru,math,8,,олимпиадные листки,задачи,MosPhys2023otbor1tur8.pdf,deploy/материалы/mathus.ru
mathus.ru,math,9,,олимпиадные листки,задачи,vp2024m9.pdf,deploy/материалы/mathus.ru
mathus.ru,math,10,,олимпиадные листки,задачи,rosatom2018f10.pdf,deploy/материалы/mathus.ru
mathus.ru,math,6,,олимпиадные листки,задачи,PVG2024Math56.pdf,deploy/материалы/mathus.ru
mathus.ru,math,8,,олимпиадные листки,задачи,MosPhys2020zz2-8.pdf,deploy/материалы/mathus.ru
mathus.ru,math,,,олимпиадные листки,задачи,priznaki-ravenstva.pdf,deploy/материалы/mathus.ru
mathus.ru,math,9,,олимпиадные листки,задачи,VserosPhys2023R9.pdf,deploy/материалы/mathus.ru
mathus.ru,math,11,,олимпиадные листки,задачи,InnopolisOpen2023Math11.pdf,deploy/материалы/mathus.ru
mathus.ru,math,10,,олимпиадные листки,задачи,VserosPhys2024R10.pdf,deploy/материалы/mathus.ru
mathus.ru,math,,,олимпиадные листки,задачи,ege15.pdf,deploy/материалы/mathus.ru
mathus.ru,math,9,,олимпиадные листки,задачи,VserosMath2021S9.pdf,deploy/материалы/mathus.ru
mathus.ru,math,,,олимпиадные листки,задачи,skorozapol.pdf,deploy/материалы/mathus.ru
mathus.ru,math,10,,олимпиадные листки,задачи,VP2021Phys10.pdf,deploy/материалы/mathus.ru
mathus.ru,math,7,,олимпиадные листки,задачи,SAMMAT2024-7.pdf,deploy/материалы/mathus.ru
mathus.ru,math,10,,олимпиадные листки,задачи,fizteh2017m10v2.pdf,deploy/материалы/mathus.ru
mathus.ru,math,,,олимпиадные листки,задачи,DVImath2025v3.pdf,deploy/материалы/mathus.ru
mathus.ru,math,11,,олимпиадные листки,задачи,VserosPhys2026M11.pdf,deploy/материалы/mathus.ru
mathus.ru,math,11,,олимпиадные листки,задачи,lom2016m10-11.pdf,deploy/материалы/mathus.ru
mathus.ru,math,10,,олимпиадные листки,задачи,FETT2025Phys10.pdf,deploy/материалы/mathus.ru
mathus.ru,math,8,,олимпиадные листки,задачи,MosPhys2020tur2-8.pdf,deploy/материалы/mathus.ru
mathus.ru,math,9,,олимпиадные листки,задачи,mmo2015-9.pdf,deploy/материалы/mathus.ru
mathus.ru,math,10,,олимпиадные листки,задачи,fizteh2016m10v2.pdf,deploy/материалы/mathus.ru
mathus.ru,math,,,олимпиадные листки,задачи,fizteh2008f.pdf,deploy/материалы/mathus.ru
mathus.ru,math,9,,олимпиадные листки,задачи,Phystech2024Phys9v2.pdf,deploy/материалы/mathus.ru
mathus.ru,math,8,,олимпиадные листки,задачи,mfo2018-8tur2.pdf,deploy/материалы/mathus.ru
mathus.ru,math,6,,олимпиадные листки,задачи,FETT2020Math6.pdf,deploy/материалы/mathus.ru
mathus.ru,math,10,,олимпиадные листки,задачи,Belchonok2019Math10.pdf,deploy/материалы/mathus.ru
mathus.ru,math,10,,олимпиадные листки,задачи,Kurchatov2020Phys10.pdf,deploy/материалы/mathus.ru
mathus.ru,math,,,олимпиадные листки,задачи,MIPTmath2003v2.pdf,deploy/материалы/mathus.ru
mathus.ru,math,,,олимпиадные листки,задачи,ParamGraf.pdf,deploy/материалы/mathus.ru
mathus.ru,math,6,,олимпиадные листки,задачи,ustn2022-6.pdf,deploy/материалы/mathus.ru
mathus.ru,math,11,,олимпиадные листки,задачи,VserosMath2021S11.pdf,deploy/материалы/mathus.ru
mathus.ru,math,6,,олимпиадные листки,задачи,FETT2021Math6.pdf,deploy/материалы/mathus.ru
mathus.ru,math,7,,олимпиадные листки,задачи,EH2018Phys7.pdf,deploy/материалы/mathus.ru
mathus.ru,math,,,олимпиадные листки,задачи,msuLemmaArhimeda.pdf,deploy/материалы/mathus.ru
mathus.ru,math,8,,олимпиадные листки,задачи,Lom2026Math78.pdf,deploy/материалы/mathus.ru
mathus.ru,math,11,,олимпиадные листки,задачи,geometricaloptics.pdf,deploy/материалы/mathus.ru
mathus.ru,math,,,олимпиадные листки,задачи,DVImath2023z6.pdf,deploy/материалы/mathus.ru
mathus.ru,math,,,олимпиадные листки,задачи,par.pdf,deploy/материалы/mathus.ru
mathus.ru,math,7,,олимпиадные листки,задачи,EH2019Phys7.pdf,deploy/материалы/mathus.ru
mathus.ru,math,9,,олимпиадные листки,задачи,VserosPhys2020M9.pdf,deploy/материалы/mathus.ru
mathus.ru,math,7,,олимпиадные листки,задачи,MosPhys2026c7.pdf,deploy/материалы/mathus.ru
mathus.ru,math,10,,олимпиадные листки,задачи,rosatom2014f10.pdf,deploy/материалы/mathus.ru
mathus.ru,math,,,олимпиадные листки,задачи,temperature.pdf,deploy/материалы/mathus.ru
mathus.ru,math,8,,олимпиадные листки,задачи,SAMMAT2021-8v2.pdf,deploy/материалы/mathus.ru
mathus.ru,math,,,олимпиадные листки,задачи,momentsil.pdf,deploy/материалы/mathus.ru
mathus.ru,math,8,,олимпиадные листки,задачи,vseros2016m2-8.pdf,deploy/материалы/mathus.ru
mathus.ru,math,,,олимпиадные листки,задачи,Euler2020Otbor1.pdf,deploy/материалы/mathus.ru
mathus.ru,math,10,,олимпиадные листки,задачи,vp2024m10.pdf,deploy/материалы/mathus.ru
mathus.ru,math,7,,олимпиадные листки,задачи,mfo2013-7.pdf,deploy/материалы/mathus.ru
mathus.ru,math,9,,олимпиадные листки,задачи,PVG2022Phys79.pdf,deploy/материалы/mathus.ru
mathus.ru,math,,,олимпиадные листки,задачи,slokon.pdf,deploy/материалы/mathus.ru
mathus.ru,math,,,олимпиадные листки,задачи,razrez.pdf,deploy/материалы/mathus.ru
mathus.ru,math,11,,олимпиадные листки,задачи,Eng2024otbor11.pdf,deploy/материалы/mathus.ru
mathus.ru,math,,,олимпиадные листки,задачи,euler2009-3.pdf,deploy/материалы/mathus.ru
mathus.ru,math,9,,олимпиадные листки,задачи,vp2019m9.pdf,deploy/материалы/mathus.ru
mathus.ru,math,11,,олимпиадные листки,задачи,Vsesib2018Math11.pdf,deploy/материалы/mathus.ru
mathus.ru,math,,,олимпиадные листки,задачи,DVImath2023v5.pdf,deploy/материалы/mathus.ru
mathus.ru,math,6,,олимпиадные листки,задачи,mp2000-6.pdf,deploy/материалы/mathus.ru
mathus.ru,math,10,,олимпиадные листки,задачи,KFU2025Phys10.pdf,deploy/материалы/mathus.ru
mathus.ru,math,10,,олимпиадные листки,задачи,VserosPhys2023Z10.pdf,deploy/материалы/mathus.ru
mathus.ru,math,11,,олимпиадные листки,задачи,Belchonok2018Math11v1.pdf,deploy/материалы/mathus.ru
mathus.ru,math,10,,олимпиадные листки,задачи,ITMO2024Math10.pdf,deploy/материалы/mathus.ru
mathus.ru,math,10,,олимпиадные листки,задачи,SVB2021Phys10v2.pdf,deploy/материалы/mathus.ru
mathus.ru,math,10,,олимпиадные листки,задачи,fizteh10m2011.pdf,deploy/материалы/mathus.ru
mathus.ru,math,11,,олимпиадные листки,задачи,fizteh11m2011.pdf,deploy/материалы/mathus.ru
mathus.ru,math,6,,олимпиадные листки,задачи,mp1991-6.pdf,deploy/материалы/mathus.ru
mathus.ru,math,8,,олимпиадные листки,задачи,Vsesib2026Phys8.pdf,deploy/материалы/mathus.ru
mathus.ru,math,,,олимпиадные листки,задачи,selfind.pdf,deploy/материалы/mathus.ru
mathus.ru,math,,,олимпиадные листки,задачи,slokonkol.pdf,deploy/материалы/mathus.ru
mathus.ru,math,9,,олимпиадные листки,задачи,MVO2024Math9.pdf,deploy/материалы/mathus.ru
mathus.ru,math,11,,олимпиадные листки,задачи,PVG2019Math1011v3.pdf,deploy/материалы/mathus.ru
mathus.ru,math,11,,олимпиадные листки,задачи,pvg2018m10-11v1.pdf,deploy/материалы/mathus.ru
mathus.ru,math,9,,олимпиадные листки,задачи,VserosMath2025R9.pdf,deploy/материалы/mathus.ru
mathus.ru,math,11,,олимпиадные листки,задачи,Rosatom2020Phys11v3.pdf,deploy/материалы/mathus.ru
mathus.ru,math,11,,олимпиадные листки,задачи,mfo2006-11tur1.pdf,deploy/материалы/mathus.ru
mathus.ru,math,,,олимпиадные листки,задачи,otrug.pdf,deploy/материалы/mathus.ru
mathus.ru,math,10,,олимпиадные листки,задачи,vseros2010f3-10.pdf,deploy/материалы/mathus.ru
mathus.ru,math,,,олимпиадные листки,задачи,emi.pdf,deploy/материалы/mathus.ru
mathus.ru,math,11,,олимпиадные листки,задачи,Vsesib2018Phys11.pdf,deploy/материалы/mathus.ru
mathus.ru,math,10,,олимпиадные листки,задачи,vseros2013m4-10.pdf,deploy/материалы/mathus.ru
mathus.ru,math,10,,олимпиадные листки,задачи,SVB2020Math10v1.pdf,deploy/материалы/mathus.ru
mathus.ru,math,11,,олимпиадные листки,задачи,pvg2016f10-11b3.pdf,deploy/материалы/mathus.ru
mathus.ru,math,8,,олимпиадные листки,задачи,pvg2016m7-8v1a.pdf,deploy/материалы/mathus.ru
mathus.ru,math,10,,олимпиадные листки,задачи,vseros2011f3-10.pdf,deploy/материалы/mathus.ru
mathus.ru,math,,,олимпиадные листки,задачи,MIPTphys2005v2.pdf,deploy/материалы/mathus.ru
mathus.ru,math,9,,олимпиадные листки,задачи,vseros2011f3-9.pdf,deploy/материалы/mathus.ru
mathus.ru,math,11,,олимпиадные листки,задачи,vp2012m11.pdf,deploy/материалы/mathus.ru
mathus.ru,math,9,,олимпиадные листки,задачи,Rosatom2020Phys9v1.pdf,deploy/материалы/mathus.ru
mathus.ru,math,10,,олимпиадные листки,задачи,KFU2025Math10.pdf,deploy/материалы/mathus.ru
mathus.ru,math,"8,11",,олимпиадные листки,задачи,rsosh_bvi_2025.pdf,deploy/материалы/mathus.ru
mathus.ru,math,,,олимпиадные листки,задачи,danet.pdf,deploy/материалы/mathus.ru
mathus.ru,math,7,,олимпиадные листки,задачи,mp2024-7.pdf,deploy/материалы/mathus.ru
mathus.ru,math,10,,олимпиадные листки,задачи,ITMO2024Phys10.pdf,deploy/материалы/mathus.ru
mathus.ru,math,6,,олимпиадные листки,задачи,mp2002-6.pdf,deploy/материалы/mathus.ru
mathus.ru,math,,,олимпиадные листки,задачи,MIPTmath2007v4.pdf,deploy/материалы/mathus.ru
mathus.ru,math,11,,олимпиадные листки,задачи,SVB2025PhysOtbor11v1.pdf,deploy/материалы/mathus.ru
mathus.ru,math,,,олимпиадные листки,задачи,Planimetry_RA.pdf,deploy/материалы/mathus.ru
mathus.ru,math,9,,олимпиадные листки,задачи,Rosatom2020Phys9v3.pdf,deploy/материалы/mathus.ru
mathus.ru,math,11,,олимпиадные листки,задачи,Rosatom2021Math11v2.pdf,deploy/материалы/mathus.ru
mathus.ru,math,6,,олимпиадные листки,задачи,EH2024Math6.pdf,deploy/материалы/mathus.ru
mathus.ru,math,,,олимпиадные листки,задачи,Euler2021Z.pdf,deploy/материалы/mathus.ru
mathus.ru,math,,,олимпиадные листки,задачи,triangle90.pdf,deploy/материалы/mathus.ru
mathus.ru,math,6,,олимпиадные листки,задачи,EH2025Math6.pdf,deploy/материалы/mathus.ru
mathus.ru,math,8,,олимпиадные листки,задачи,vseros2015m1-8.pdf,deploy/материалы/mathus.ru
mathus.ru,math,10,,олимпиадные листки,задачи,MissVip2022Math10.pdf,deploy/материалы/mathus.ru
mathus.ru,math,10,,олимпиадные листки,задачи,EH2025Phys10.pdf,deploy/материалы/mathus.ru
mathus.ru,math,7,,олимпиадные листки,задачи,mfo2011-7.pdf,deploy/материалы/mathus.ru
mathus.ru,math,,,олимпиадные листки,задачи,graphs-euler.pdf,deploy/материалы/mathus.ru
mathus.ru,math,11,,олимпиадные листки,задачи,MosPhys2024tur2-11.pdf,deploy/материалы/mathus.ru
mathus.ru,math,10,,олимпиадные листки,задачи,mmo2011-10.pdf,deploy/материалы/mathus.ru
mathus.ru,math,6,,олимпиадные листки,задачи,mp2026c6.pdf,deploy/материалы/mathus.ru
mathus.ru,math,11,,олимпиадные листки,задачи,pvg2016f10-11b1.pdf,deploy/материалы/mathus.ru
mathus.ru,math,,,олимпиадные листки,задачи,Euler2023R.pdf,deploy/материалы/mathus.ru
mathus.ru,math,7,,олимпиадные листки,задачи,rosatom2012f7.pdf,deploy/материалы/mathus.ru
mathus.ru,math,,,олимпиадные листки,задачи,trigoner.pdf,deploy/материалы/mathus.ru
mathus.ru,math,11,,олимпиадные листки,задачи,pvg2017m10-11ufa.pdf,deploy/материалы/mathus.ru
mathus.ru,math,,,олимпиадные листки,задачи,mevip.pdf,deploy/материалы/mathus.ru
mathus.ru,math,9,,олимпиадные листки,задачи,VserosPhys2022M9.pdf,deploy/материалы/mathus.ru
mathus.ru,math,,,олимпиадные листки,задачи,linzer.pdf,deploy/материалы/mathus.ru
mathus.ru,math,,,олимпиадные листки,задачи,msuTrigUra.pdf,deploy/материалы/mathus.ru
mathus.ru,math,8,,олимпиадные листки,задачи,Belchonok2021Math8.5.pdf,deploy/материалы/mathus.ru
mathus.ru,math,10,,олимпиадные листки,задачи,VP2019Phys10.pdf,deploy/материалы/mathus.ru
mathus.ru,math,11,,олимпиадные листки,задачи,Rosatom2020Phys11v1.pdf,deploy/материалы/mathus.ru
mathus.ru,math,11,,олимпиадные листки,задачи,mfo2017-11tur1.pdf,deploy/материалы/mathus.ru
mathus.ru,math,11,,олимпиадные листки,задачи,pvg2018m10-11v3.pdf,deploy/материалы/mathus.ru
mathus.ru,math,10,,олимпиадные листки,задачи,Vsesib2015Phys10.pdf,deploy/материалы/mathus.ru
mathus.ru,math,,,олимпиадные листки,задачи,AlgebraPUN_FT.pdf,deploy/материалы/mathus.ru
mathus.ru,math,10,,олимпиадные листки,задачи,fizteh10m2013.pdf,deploy/материалы/mathus.ru
mathus.ru,math,11,,олимпиадные листки,задачи,PVG2019Math1011v1.pdf,deploy/материалы/mathus.ru
mathus.ru,math,10,,олимпиадные листки,задачи,MVO2022Phys10.pdf,deploy/материалы/mathus.ru
mathus.ru,math,9,,олимпиадные листки,задачи,MosPhys2019tur1-9.pdf,deploy/материалы/mathus.ru
mathus.ru,math,11,,олимпиадные листки,задачи,Phystech2019Math11v1.pdf,deploy/материалы/mathus.ru
mathus.ru,math,11,,олимпиадные листки,задачи,fizteh11m2013.pdf,deploy/материалы/mathus.ru
mathus.ru,math,,,олимпиадные листки,задачи,MIPTphys2007v2.pdf,deploy/материалы/mathus.ru
mathus.ru,math,9,,олимпиадные листки,задачи,pvg2016f7-9b9.pdf,deploy/материалы/mathus.ru
mathus.ru,math,9,,олимпиадные листки,задачи,mfo2013-9tur1.pdf,deploy/материалы/mathus.ru
mathus.ru,math,10,,олимпиадные листки,задачи,EH2025Math10.pdf,deploy/материалы/mathus.ru
mathus.ru,math,,,олимпиадные листки,задачи,ucap.pdf,deploy/материалы/mathus.ru
mathus.ru,math,9,,олимпиадные листки,задачи,Phystech2024Math-otbor1-9.pdf,deploy/материалы/mathus.ru
mathus.ru,math,9,,олимпиадные листки,задачи,VserosMath2019M9.pdf,deploy/материалы/mathus.ru
mathus.ru,math,9,,олимпиадные листки,задачи,Phystech2023Phys-otbor4-9.pdf,deploy/материалы/mathus.ru
mathus.ru,math,11,,олимпиадные листки,задачи,vseros2001f11zon.pdf,deploy/материалы/mathus.ru
mathus.ru,math,,,олимпиадные листки,задачи,NeraKoshi17.pdf,deploy/материалы/mathus.ru
mathus.ru,math,11,,олимпиадные листки,задачи,pvg2010m10-11ufa.pdf,deploy/материалы/mathus.ru
mathus.ru,math,,,олимпиадные листки,задачи,DVImath2023v7.pdf,deploy/материалы/mathus.ru
mathus.ru,math,8,,олимпиадные листки,задачи,fizteh-online2016f8.pdf,deploy/материалы/mathus.ru
mathus.ru,math,9,,олимпиадные листки,задачи,VserosPhys2025S9.pdf,deploy/материалы/mathus.ru
mathus.ru,math,9,,олимпиадные листки,задачи,ITMO2023Phys9.pdf,deploy/материалы/mathus.ru
mathus.ru,math,11,,олимпиадные листки,задачи,vseros2014f4-11.pdf,deploy/материалы/mathus.ru
mathus.ru,math,7,,олимпиадные листки,задачи,fizteh7m2014.pdf,deploy/материалы/mathus.ru
mathus.ru,math,11,,олимпиадные листки,задачи,vseros2016m3-11.pdf,deploy/материалы/mathus.ru
mathus.ru,math,,,олимпиадные листки,задачи,zgir.pdf,deploy/материалы/mathus.ru
mathus.ru,math,,,олимпиадные листки,задачи,Euler2020Otbor3.pdf,deploy/материалы/mathus.ru
mathus.ru,math,11,,олимпиадные листки,задачи,vseros2015f4-11.pdf,deploy/материалы/mathus.ru
mathus.ru,math,10,,олимпиадные листки,задачи,Vsesib2015Math10.pdf,deploy/материалы/mathus.ru
mathus.ru,math,11,,олимпиадные листки,задачи,vseros2017m3-11.pdf,deploy/материалы/mathus.ru
mathus.ru,math,,,олимпиадные листки,задачи,formulin.pdf,deploy/материалы/mathus.ru
mathus.ru,math,9,,олимпиадные листки,задачи,PVG2019Phys79b12.pdf,deploy/материалы/mathus.ru
mathus.ru,math,8,,олимпиадные листки,задачи,lom2017m7-8.pdf,deploy/материалы/mathus.ru
mathus.ru,math,6,,олимпиадные листки,задачи,mp1993-6.pdf,deploy/материалы/mathus.ru
mathus.ru,math,8,,олимпиадные листки,задачи,Kurchatov2026Math8.pdf,deploy/материалы/mathus.ru
mathus.ru,math,11,,олимпиадные листки,задачи,vseros2005f11okr.pdf,deploy/материалы/mathus.ru
mathus.ru,math,10,,олимпиадные листки,задачи,MVO2022Math10.pdf,deploy/материалы/mathus.ru
mathus.ru,math,11,,олимпиадные листки,задачи,Belchonok2023Math11v1.pdf,deploy/материалы/mathus.ru
mathus.ru,math,8,,олимпиадные листки,задачи,Vsesib2024Math8.pdf,deploy/материалы/mathus.ru
mathus.ru,math,7,,олимпиадные листки,задачи,ustn2004-7.pdf,deploy/материалы/mathus.ru
mathus.ru,math,11,,олимпиадные листки,задачи,MissVip2017Math11.pdf,deploy/материалы/mathus.ru
mathus.ru,math,8,,олимпиадные листки,задачи,Vsesib2025Math8.pdf,deploy/материалы/mathus.ru
mathus.ru,math,,,олимпиадные листки,задачи,Vsesib2018Math11.1.pdf,deploy/материалы/mathus.ru
mathus.ru,math,,,олимпиадные листки,задачи,PosledProgress.pdf,deploy/материалы/mathus.ru
mathus.ru,math,,,олимпиадные листки,задачи,DVImath2025v1.pdf,deploy/материалы/mathus.ru
mathus.ru,math,10,,олимпиадные листки,задачи,Phystech2024Math10v1.pdf,deploy/материалы/mathus.ru
mathus.ru,math,9,,олимпиадные листки,задачи,fizteh2017f9v2.pdf,deploy/материалы/mathus.ru
mathus.ru,math,,,олимпиадные листки,задачи,linpen.pdf,deploy/материалы/mathus.ru
mathus.ru,math,,,олимпиадные листки,задачи,arhimed2018z.pdf,deploy/материалы/mathus.ru
mathus.ru,math,10,,олимпиадные листки,задачи,Phystech2023Phys-otbor1-10.pdf,deploy/материалы/mathus.ru
mathus.ru,math,11,,олимпиадные листки,задачи,rosatom2012f11nov.pdf,deploy/материалы/mathus.ru
mathus.ru,math,,,олимпиадные листки,задачи,ege17.pdf,deploy/материалы/mathus.ru
mathus.ru,math,,,олимпиадные листки,задачи,ff.pdf,deploy/материалы/mathus.ru
mathus.ru,math,6,,олимпиадные листки,задачи,mpmv2020-6.pdf,deploy/материалы/mathus.ru
mathus.ru,math,,,олимпиадные листки,задачи,koltep.pdf,deploy/материалы/mathus.ru
mathus.ru,math,11,,олимпиадные листки,задачи,Vsesib2020Phys11.pdf,deploy/материалы/mathus.ru
mathus.ru,math,11,,олимпиадные листки,задачи,SVB2023Phys1011otbor-v2.pdf,deploy/материалы/mathus.ru
mathus.ru,math,,,олимпиадные листки,задачи,prolpa.pdf,deploy/материалы/mathus.ru
mathus.ru,math,9,,олимпиадные листки,задачи,VserosMath2024M9.pdf,deploy/материалы/mathus.ru
mathus.ru,math,8,,олимпиадные листки,задачи,pvg2018m7-8v2b.pdf,deploy/материалы/mathus.ru
mathus.ru,math,,,олимпиадные листки,задачи,delicommon.pdf,deploy/материалы/mathus.ru
mathus.ru,math,6,,олимпиадные листки,задачи,FETT2015Math6.pdf,deploy/материалы/mathus.ru
mathus.ru,math,9,,олимпиадные листки,задачи,MosPhys2026otbor9.pdf,deploy/материалы/mathus.ru
mathus.ru,math,,,олимпиадные листки,задачи,path.pdf,deploy/материалы/mathus.ru
mathus.ru,math,7,,олимпиадные листки,задачи,Rosatom2018Math7.pdf,deploy/материалы/mathus.ru
mathus.ru,math,11,,олимпиадные листки,задачи,MVO2017Phys11.pdf,deploy/материалы/mathus.ru
mathus.ru,math,,,олимпиадные листки,задачи,mm2008.pdf,deploy/материалы/mathus.ru
mathus.ru,math,,,олимпиадные листки,задачи,telavra.pdf,deploy/материалы/mathus.ru
mathus.ru,math,,,олимпиадные листки,задачи,euler2012-2.pdf,deploy/материалы/mathus.ru
mathus.ru,math,9,,олимпиадные листки,задачи,lom9m2012.pdf,deploy/материалы/mathus.ru
mathus.ru,math,9,,олимпиадные листки,задачи,mfo2007-9tur1.pdf,deploy/материалы/mathus.ru
mathus.ru,math,10,,олимпиадные листки,задачи,vseros1994f10fin.pdf,deploy/материалы/mathus.ru
mathus.ru,math,7,,олимпиадные листки,задачи,Rosatom2019Math7.pdf,deploy/материалы/mathus.ru
mathus.ru,math,11,,олимпиадные листки,задачи,Lom2024Math11.pdf,deploy/материалы/mathus.ru
mathus.ru,math,10,,олимпиадные листки,задачи,Phystech2025Phys10v2.pdf,deploy/материалы/mathus.ru
mathus.ru,math,,,олимпиадные листки,задачи,ac2.pdf,deploy/материалы/mathus.ru
mathus.ru,math,9,,олимпиадные листки,задачи,Kurchatov2019Math9.pdf,deploy/материалы/mathus.ru
mathus.ru,math,,,олимпиадные листки,задачи,formulabiss.pdf,deploy/материалы/mathus.ru
mathus.ru,math,8,,олимпиадные листки,задачи,lom8m2012.pdf,deploy/материалы/mathus.ru
mathus.ru,math,9,,олимпиадные листки,задачи,kurchatov2018f9.pdf,deploy/материалы/mathus.ru
mathus.ru,math,,,олимпиадные листки,задачи,Приложение 3_Особые права_сайт.pdf,deploy/материалы/mathus.ru
mathus.ru,math,10,,олимпиадные листки,задачи,mfo2012-10tur1.pdf,deploy/материалы/mathus.ru
mathus.ru,math,,,олимпиадные листки,задачи,MIPTmath2001v2.pdf,deploy/материалы/mathus.ru
mathus.ru,math,7,,олимпиадные листки,задачи,tl2010fiz.pdf,deploy/материалы/mathus.ru
mathus.ru,math,,,олимпиадные листки,задачи,razrezal.pdf,deploy/материалы/mathus.ru
mathus.ru,math,,,олимпиадные листки,задачи,Euler2018Otbor1.pdf,deploy/материалы/mathus.ru
mathus.ru,math,7,,олимпиадные листки,задачи,EH2015Math7v2.pdf,deploy/материалы/mathus.ru
mathus.ru,math,10,,олимпиадные листки,задачи,PVG2020Math10.pdf,deploy/материалы/mathus.ru
mathus.ru,math,9,,олимпиадные листки,задачи,mmo2017-9.pdf,deploy/материалы/mathus.ru
mathus.ru,math,,,олимпиадные листки,задачи,Euler2015Otbor2.pdf,deploy/материалы/mathus.ru
mathus.ru,math,9,,олимпиадные листки,задачи,VserosPhys2021R9.pdf,deploy/материалы/mathus.ru
mathus.ru,math,,,олимпиадные листки,задачи,opisfera.pdf,deploy/материалы/mathus.ru
mathus.ru,math,11,,олимпиадные листки,задачи,Vsesib2020Math11.pdf,deploy/материалы/mathus.ru
mathus.ru,math,10,,олимпиадные листки,задачи,ussr87m10.pdf,deploy/материалы/mathus.ru
mathus.ru,math,9,,олимпиадные листки,задачи,VserosMath2023S9.pdf,deploy/материалы/mathus.ru
mathus.ru,math,9,,олимпиадные листки,задачи,vseros2017m4-9.pdf,deploy/материалы/mathus.ru
mathus.ru,math,,,олимпиадные листки,задачи,upor.pdf,deploy/материалы/mathus.ru
mathus.ru,math,8,,олимпиадные листки,задачи,mfo2015-8tur0och.pdf,deploy/материалы/mathus.ru
mathus.ru,math,11,,олимпиадные листки,задачи,MVO2017Math11.pdf,deploy/материалы/mathus.ru
mathus.ru,math,9,,олимпиадные листки,задачи,ITMO2015Math9.pdf,deploy/материалы/mathus.ru
mathus.ru,math,11,,олимпиадные листки,задачи,vseros2018m4-11.pdf,deploy/материалы/mathus.ru
mathus.ru,math,,,олимпиадные листки,задачи,neraventre.pdf,deploy/материалы/mathus.ru
mathus.ru,math,9,,олимпиадные листки,задачи,vp2026m9.pdf,deploy/материалы/mathus.ru
mathus.ru,math,11,,олимпиадные листки,задачи,Lom2024Phys11.pdf,deploy/материалы/mathus.ru
mathus.ru,math,,,олимпиадные листки,задачи,uravadia.pdf,deploy/материалы/mathus.ru
mathus.ru,math,,,олимпиадные листки,задачи,trigminimax.pdf,deploy/материалы/mathus.ru
mathus.ru,math,10,,олимпиадные листки,задачи,vseros2018m4-10.pdf,deploy/материалы/mathus.ru
mathus.ru,math,8,,олимпиадные листки,задачи,ITMO2015Math8.pdf,deploy/материалы/mathus.ru
mathus.ru,math,9,,олимпиадные листки,задачи,Phystech2026MathOtbor9v1.pdf,deploy/материалы/mathus.ru
mathus.ru,math,10,,олимпиадные листки,задачи,Lom2024Phys10.pdf,deploy/материалы/mathus.ru
mathus.ru,math,7,,олимпиадные листки,задачи,vseros2017f2-7.pdf,deploy/материалы/mathus.ru
mathus.ru,math,8,,олимпиадные листки,задачи,vp2026m8.pdf,deploy/материалы/mathus.ru
mathus.ru,math,9,,олимпиадные листки,задачи,rosatom2017f9v1.pdf,deploy/материалы/mathus.ru
mathus.ru,math,11,,олимпиадные листки,задачи,Phystech2022Math11v2.pdf,deploy/материалы/mathus.ru
mathus.ru,math,10,,олимпиадные листки,задачи,MVO2017Math10.pdf,deploy/материалы/mathus.ru
mathus.ru,math,8,,олимпиадные листки,задачи,Maxwell2021Z8.pdf,deploy/материалы/mathus.ru
mathus.ru,math,10,,олимпиадные листки,задачи,SVB2024PhysOtbor10v2.pdf,deploy/материалы/mathus.ru
mathus.ru,math,8,,олимпиадные листки,задачи,VserosMath2023S8.pdf,deploy/материалы/mathus.ru
mathus.ru,math,10,,олимпиадные листки,задачи,vseros2008f10fin.pdf,deploy/материалы/mathus.ru
mathus.ru,math,7,,олимпиадные листки,задачи,kurchatov2016f7.pdf,deploy/материалы/mathus.ru
mathus.ru,math,9,,олимпиадные листки,задачи,InnopolisOpen2023Math9.pdf,deploy/материалы/mathus.ru
mathus.ru,math,10,,олимпиадные листки,задачи,Belchonok2025Math10v2.pdf,deploy/материалы/mathus.ru
mathus.ru,math,10,,олимпиадные листки,задачи,Vsesib2020Math10.pdf,deploy/материалы/mathus.ru
mathus.ru,math,9,,олимпиадные листки,задачи,Belchonok2025Math9v1.pdf,deploy/материалы/mathus.ru
mathus.ru,math,,,олимпиадные листки,задачи,Euler2015Otbor3.pdf,deploy/материалы/mathus.ru
mathus.ru,math,,,олимпиадные листки,задачи,ott.pdf,deploy/материалы/mathus.ru
mathus.ru,math,9,,олимпиадные листки,задачи,InnopolisOpen2022Math9.pdf,deploy/материалы/mathus.ru
mathus.ru,math,8,,олимпиадные листки,задачи,mmo2017-8.pdf,deploy/материалы/mathus.ru
mathus.ru,math,11,,олимпиадные листки,задачи,Phystech2023Phys11v1.pdf,deploy/материалы/mathus.ru
mathus.ru,math,,,олимпиадные листки,задачи,momentimp.pdf,deploy/материалы/mathus.ru
mathus.ru,math,11,,олимпиадные листки,задачи,PVG2020Math11.pdf,deploy/материалы/mathus.ru
mathus.ru,math,9,,олимпиадные листки,задачи,Eng2025c9.pdf,deploy/материалы/mathus.ru
mathus.ru,math,,,олимпиадные листки,задачи,MIPTmath2001v3.pdf,deploy/материалы/mathus.ru
mathus.ru,math,,,олимпиадные листки,задачи,zam.pdf,deploy/материалы/mathus.ru
mathus.ru,math,8,,олимпиадные листки,задачи,kurchatov2018f8.pdf,deploy/материалы/mathus.ru
mathus.ru,math,11,,олимпиадные листки,задачи,EH2015Phys11v2.pdf,deploy/материалы/mathus.ru
mathus.ru,math,,,олимпиадные листки,задачи,funcun2.pdf,deploy/материалы/mathus.ru
mathus.ru,math,,,олимпиадные листки,задачи,newton1.pdf,deploy/материалы/mathus.ru
mathus.ru,math,10,,олимпиадные листки,задачи,Lom2024Math10.pdf,deploy/материалы/mathus.ru
mathus.ru,math,8,,олимпиадные листки,задачи,lom8m2013.pdf,deploy/материалы/mathus.ru
mathus.ru,math,8,,олимпиадные листки,задачи,Kurchatov2019Math8.pdf,deploy/материалы/mathus.ru
mathus.ru,math,7,,олимпиадные листки,задачи,mfo2008-7.pdf,deploy/материалы/mathus.ru
mathus.ru,math,10,,олимпиадные листки,задачи,MVO2017Phys10.pdf,deploy/материалы/mathus.ru
mathus.ru,math,,,олимпиадные листки,задачи,Euler2019R.pdf,deploy/материалы/mathus.ru
mathus.ru,math,9,,олимпиадные листки,задачи,lom9m2013.pdf,deploy/материалы/mathus.ru
mathus.ru,math,,,олимпиадные листки,задачи,euler2012-3.pdf,deploy/материалы/mathus.ru
mathus.ru,math,8,,олимпиадные листки,задачи,mfo2015-8tur2.pdf,deploy/материалы/mathus.ru
mathus.ru,math,,,олимпиадные листки,задачи,mm2009.pdf,deploy/материалы/mathus.ru
mathus.ru,math,9,,олимпиадные листки,задачи,MissVip2024Math9.pdf,deploy/материалы/mathus.ru
mathus.ru,math,8,,олимпиадные листки,задачи,VserosMath2024M8.pdf,deploy/материалы/mathus.ru
mathus.ru,math,8,,олимпиадные листки,задачи,MosPhys2026otbor8.pdf,deploy/материалы/mathus.ru
mathus.ru,math,7,,олимпиадные листки,задачи,FETT2015Math7.pdf,deploy/материалы/mathus.ru
mathus.ru,math,,,олимпиадные листки,задачи,reflection.pdf,deploy/материалы/mathus.ru
mathus.ru,math,9,,олимпиадные листки,задачи,MissVip2025Math9.pdf,deploy/материалы/mathus.ru
mathus.ru,math,7,,олимпиадные листки,задачи,mpmv2020-7.pdf,deploy/материалы/mathus.ru
mathus.ru,math,,,олимпиадные листки,задачи,ege16.pdf,deploy/материалы/mathus.ru
mathus.ru,math,,,олимпиадные листки,задачи,fazoper.pdf,deploy/материалы/mathus.ru
mathus.ru,math,9,,олимпиадные листки,задачи,vseros2013f4-9.pdf,deploy/материалы/mathus.ru
mathus.ru,math,,,олимпиадные листки,задачи,circle.pdf,deploy/материалы/mathus.ru
mathus.ru,math,10,,олимпиадные листки,задачи,Vsesib2020Phys10.pdf,deploy/материалы/mathus.ru
mathus.ru,math,,,олимпиадные листки,задачи,emind.pdf,deploy/материалы/mathus.ru
mathus.ru,math,10,,олимпиадные листки,задачи,fizteh2016m10v1.pdf,deploy/материалы/mathus.ru
mathus.ru,math,,,олимпиадные листки,задачи,izmer.pdf,deploy/материалы/mathus.ru
mathus.ru,math,11,,олимпиадные листки,задачи,vseros2007f11fin.pdf,deploy/материалы/mathus.ru
mathus.ru,math,11,,олимпиадные листки,задачи,Phystech2023Phys-otbor1-11.pdf,deploy/материалы/mathus.ru
mathus.ru,math,7,,олимпиадные листки,задачи,BIBN2017Phys7.pdf,deploy/материалы/mathus.ru
mathus.ru,math,10,,олимпиадные листки,задачи,fizteh2017m10v1.pdf,deploy/материалы/mathus.ru
mathus.ru,math,7,,олимпиадные листки,задачи,BIBN2016Phys7.pdf,deploy/материалы/mathus.ru
mathus.ru,math,,,олимпиадные листки,задачи,UraZ.pdf,deploy/материалы/mathus.ru
mathus.ru,math,,,олимпиадные листки,задачи,zakon_kulona.pdf,deploy/материалы/mathus.ru
mathus.ru,math,11,,олимпиадные листки,задачи,mfo2015-11tur0och.pdf,deploy/материалы/mathus.ru
mathus.ru,math,7,,олимпиадные листки,задачи,Maxwell2024R7.pdf,deploy/материалы/mathus.ru
mathus.ru,math,9,,олимпиадные листки,задачи,Vsesib2025Math9.pdf,deploy/материалы/mathus.ru
mathus.ru,math,5,,олимпиадные листки,задачи,FETT2021Math5.pdf,deploy/материалы/mathus.ru
mathus.ru,math,8,,олимпиадные листки,задачи,maxwell2016t8.pdf,deploy/материалы/mathus.ru
mathus.ru,math,,,олимпиадные листки,задачи,MIPTmath2003v1.pdf,deploy/материалы/mathus.ru
mathus.ru,math,9,,олимпиадные листки,задачи,Vsesib2024Math9.pdf,deploy/материалы/mathus.ru
mathus.ru,math,5,,олимпиадные листки,задачи,FETT2020Math5.pdf,deploy/материалы/mathus.ru
mathus.ru,math,9,,олимпиадные листки,задачи,vseros2018f3-9.pdf,deploy/материалы/mathus.ru
mathus.ru,math,8,,олимпиадные листки,задачи,SVB2019Math8v4.pdf,deploy/материалы/mathus.ru
mathus.ru,math,10,,олимпиадные листки,задачи,MissVip2017Math10.pdf,deploy/материалы/mathus.ru
mathus.ru,math,8,,олимпиадные листки,задачи,mfo2018-8tur1.pdf,deploy/материалы/mathus.ru
mathus.ru,math,9,,олимпиадные листки,задачи,Phystech2024Phys9v1.pdf,deploy/материалы/mathus.ru
mathus.ru,math,6,,олимпиадные листки,задачи,ustn2004-6.pdf,deploy/материалы/mathus.ru
mathus.ru,math,7,,олимпиадные листки,задачи,mp1993-7.pdf,deploy/материалы/mathus.ru
mathus.ru,math,7,,олимпиадные листки,задачи,Rosatom2026Math7.pdf,deploy/материалы/mathus.ru
mathus.ru,math,10,,олимпиадные листки,задачи,vseros1992f10zon.pdf,deploy/материалы/mathus.ru
mathus.ru,math,11,,олимпиадные листки,задачи,MVO2022Math11.pdf,deploy/материалы/mathus.ru
mathus.ru,math,,,олимпиадные листки,задачи,stratigr.pdf,deploy/материалы/mathus.ru
mathus.ru,math,,,олимпиадные листки,задачи,mtoka.pdf,deploy/материалы/mathus.ru
mathus.ru,math,9,,олимпиадные листки,задачи,Kurchatov2026Math9.pdf,deploy/материалы/mathus.ru
mathus.ru,math,,,олимпиадные листки,задачи,fizteh11m2013-dolgopa.pdf,deploy/материалы/mathus.ru
mathus.ru,math,11,,олимпиадные листки,задачи,Vsesib2015Math11.pdf,deploy/материалы/mathus.ru
mathus.ru,math,10,,олимпиадные листки,задачи,vseros2015f4-10.pdf,deploy/материалы/mathus.ru
mathus.ru,math,,,олимпиадные листки,задачи,Euler2020Otbor2.pdf,deploy/материалы/mathus.ru
mathus.ru,math,10,,олимпиадные листки,задачи,ussr1992f10fin.pdf,deploy/материалы/mathus.ru
mathus.ru,math,10,,олимпиадные листки,задачи,vseros2017m3-10.pdf,deploy/материалы/mathus.ru
mathus.ru,math,8,,олимпиадные листки,задачи,SAMMAT2021-8v1.pdf,deploy/материалы/mathus.ru
mathus.ru,math,7,,олимпиадные листки,задачи,Maxwell2019R7.pdf,deploy/материалы/mathus.ru
mathus.ru,math,10,,олимпиадные листки,задачи,vseros2014f4-10.pdf,deploy/материалы/mathus.ru
mathus.ru,math,8,,олимпиадные листки,задачи,VserosPhys2025S8.pdf,deploy/материалы/mathus.ru
mathus.ru,math,8,,олимпиадные листки,задачи,ITMO2023Phys8.pdf,deploy/материалы/mathus.ru
mathus.ru,math,9,,олимпиадные листки,задачи,fizteh-online2016f9.pdf,deploy/материалы/mathus.ru
mathus.ru,math,,,олимпиадные листки,задачи,imp.pdf,deploy/материалы/mathus.ru
mathus.ru,math,10,,олимпиадные листки,задачи,vseros2016m3-10.pdf,deploy/материалы/mathus.ru
mathus.ru,math,,,олимпиадные листки,задачи,trurtu.pdf,deploy/материалы/mathus.ru
mathus.ru,math,,,олимпиадные листки,задачи,DVImath2023v6.pdf,deploy/материалы/mathus.ru
mathus.ru,math,,,олимпиадные листки,задачи,kulon.pdf,deploy/материалы/mathus.ru
mathus.ru,math,8,,олимпиадные листки,задачи,Phystech2023Phys-otbor4-8.pdf,deploy/материалы/mathus.ru
mathus.ru,math,,,олимпиадные листки,задачи,Euler2013Otbor4.pdf,deploy/материалы/mathus.ru
mathus.ru,math,,,олимпиадные листки,задачи,mm2004-03.pdf,deploy/материалы/mathus.ru
mathus.ru,math,11,,олимпиадные листки,задачи,EH2025Math11.pdf,deploy/материалы/mathus.ru
mathus.ru,math,,,олимпиадные листки,задачи,DelimNODiNOK.pdf,deploy/материалы/mathus.ru
mathus.ru,math,,,олимпиадные листки,задачи,mdipole.pdf,deploy/материалы/mathus.ru
mathus.ru,math,11,,олимпиадные листки,задачи,Belchonok2018Math11v2.pdf,deploy/материалы/mathus.ru
mathus.ru,math,8,,олимпиадные листки,задачи,VserosMath2019M8.pdf,deploy/материалы/mathus.ru
mathus.ru,math,9,,олимпиадные листки,задачи,MVO2018Phys9.pdf,deploy/материалы/mathus.ru
mathus.ru,math,,,олимпиадные листки,задачи,parameter-monoton.pdf,deploy/материалы/mathus.ru
mathus.ru,math,,,олимпиадные листки,задачи,bissectriangle.pdf,deploy/материалы/mathus.ru
mathus.ru,math,,,олимпиадные листки,задачи,MIPTphys2007v3.pdf,deploy/материалы/mathus.ru
mathus.ru,math,,,олимпиадные листки,задачи,distab.pdf,deploy/материалы/mathus.ru
mathus.ru,math,8,,олимпиадные листки,задачи,maxwell2017r8.pdf,deploy/материалы/mathus.ru
mathus.ru,math,,,олимпиадные листки,задачи,Vsesib2023Math11.2.pdf,deploy/материалы/mathus.ru
mathus.ru,math,9,,олимпиадные листки,задачи,MVO2019Phys9.pdf,deploy/материалы/mathus.ru
mathus.ru,math,9,,олимпиадные листки,задачи,pvg2016f7-9b8.pdf,deploy/материалы/mathus.ru
mathus.ru,math,8,,олимпиадные листки,задачи,MosPhys2019tur1-8.pdf,deploy/материалы/mathus.ru
mathus.ru,math,11,,олимпиадные листки,задачи,MVO2022Phys11.pdf,deploy/материалы/mathus.ru
mathus.ru,math,11,,олимпиадные листки,задачи,fizteh11m2012.pdf,deploy/материалы/mathus.ru
mathus.ru,math,9,,олимпиадные листки,задачи,turgor2016vs89.pdf,deploy/материалы/mathus.ru
mathus.ru,math,10,,олимпиадные листки,задачи,PVG2020Phys10b3.pdf,deploy/материалы/mathus.ru
mathus.ru,math,10,,олимпиадные листки,задачи,SVB2021Phys10v1.pdf,deploy/материалы/mathus.ru
mathus.ru,math,7,,олимпиадные листки,задачи,vp2015m7.pdf,deploy/материалы/mathus.ru
mathus.ru,math,10,,олимпиадные листки,задачи,fizteh10m2012.pdf,deploy/материалы/mathus.ru
mathus.ru,math,9,,олимпиадные листки,задачи,Lom2020Phys9.pdf,deploy/материалы/mathus.ru
mathus.ru,math,11,,олимпиадные листки,задачи,Vsesib2015Phys11.pdf,deploy/материалы/mathus.ru
mathus.ru,math,11,,олимпиадные листки,задачи,pvg2018m10-11v2.pdf,deploy/материалы/mathus.ru
mathus.ru,math,11,,олимпиадные листки,задачи,mfo2006-11tur2.pdf,deploy/материалы/mathus.ru
mathus.ru,math,11,,олимпиадные листки,задачи,VP2019Phys11.pdf,deploy/материалы/mathus.ru
mathus.ru,math,8,,олимпиадные листки,задачи,VserosPhys2022M8.pdf,deploy/материалы/mathus.ru
mathus.ru,math,8,,олимпиадные листки,задачи,pvg2016m7-8v1b.pdf,deploy/материалы/mathus.ru
mathus.ru,math,7,,олимпиадные листки,задачи,mp2026c7.pdf,deploy/материалы/mathus.ru
mathus.ru,math,11,,олимпиадные листки,задачи,mmo2011-11.pdf,deploy/материалы/mathus.ru
mathus.ru,math,,,олимпиадные листки,задачи,DVImath2021v4.pdf,deploy/материалы/mathus.ru
mathus.ru,math,10,,олимпиадные листки,задачи,SVB2020Math10v2.pdf,deploy/материалы/mathus.ru
mathus.ru,math,,,олимпиадные листки,задачи,doner.pdf,deploy/материалы/mathus.ru
mathus.ru,math,10,,олимпиадные листки,задачи,MosPhys2024tur2-10.pdf,deploy/материалы/mathus.ru
mathus.ru,math,11,,олимпиадные листки,задачи,EH2025Phys11.pdf,deploy/материалы/mathus.ru
mathus.ru,math,7,,олимпиадные листки,задачи,BIBN2020Math7.pdf,deploy/материалы/mathus.ru
mathus.ru,math,11,,олимпиадные листки,задачи,MissVip2022Math11.pdf,deploy/материалы/mathus.ru
mathus.ru,math,9,,олимпиадные листки,задачи,vseros2015m1-9.pdf,deploy/материалы/mathus.ru
mathus.ru,math,7,,олимпиадные листки,задачи,EH2025Math7.pdf,deploy/материалы/mathus.ru
mathus.ru,math,,,олимпиадные листки,задачи,Param_MSU.pdf,deploy/материалы/mathus.ru
mathus.ru,math,7,,олимпиадные листки,задачи,mp2002-7.pdf,deploy/материалы/mathus.ru
mathus.ru,math,,,олимпиадные листки,задачи,podviplast.pdf,deploy/материалы/mathus.ru
mathus.ru,math,,,олимпиадные листки,задачи,MIPTphys2005v1.pdf,deploy/материалы/mathus.ru
mathus.ru,math,7,,олимпиадные листки,задачи,EH2024Math7.pdf,deploy/материалы/mathus.ru
mathus.ru,math,,,олимпиадные листки,задачи,zresh.pdf,deploy/материалы/mathus.ru
mathus.ru,math,11,,олимпиадные листки,задачи,Rosatom2021Math11v3.pdf,deploy/материалы/mathus.ru
mathus.ru,math,9,,олимпиадные листки,задачи,Rosatom2020Phys9v2.pdf,deploy/материалы/mathus.ru
mathus.ru,math,7,,олимпиадные листки,задачи,BIBN2021Math7.pdf,deploy/материалы/mathus.ru
mathus.ru,math,,,олимпиадные листки,задачи,Euler2020R.pdf,deploy/материалы/mathus.ru
mathus.ru,math,10,,олимпиадные листки,задачи,mmo2018-10.pdf,deploy/материалы/mathus.ru
mathus.ru,math,9,,олимпиадные листки,задачи,fizteh2016m9v2.pdf,deploy/материалы/mathus.ru
mathus.ru,math,11,,олимпиадные листки,задачи,MosPhys2020zz3-11.pdf,deploy/материалы/mathus.ru
mathus.ru,math,,,олимпиадные листки,задачи,uprugotr.pdf,deploy/материалы/mathus.ru
mathus.ru,math,,,олимпиадные листки,задачи,Euler2010Otbor1.pdf,deploy/материалы/mathus.ru
mathus.ru,math,10,,олимпиадные листки,задачи,BIBN2017Math10.pdf,deploy/материалы/mathus.ru
mathus.ru,math,9,,олимпиадные листки,задачи,mmo2026c9.pdf,deploy/материалы/mathus.ru
mathus.ru,math,9,,олимпиадные листки,задачи,KFU2023Phys9.pdf,deploy/материалы/mathus.ru
mathus.ru,math,11,,олимпиадные листки,задачи,vseros1993f11fin.pdf,deploy/материалы/mathus.ru
mathus.ru,math,9,,олимпиадные листки,задачи,KFU2022Phys9.pdf,deploy/материалы/mathus.ru
mathus.ru,math,11,,олимпиадные листки,задачи,EH2018Math11.pdf,deploy/материалы/mathus.ru
mathus.ru,math,,,олимпиадные листки,задачи,Euler2022Z.pdf,deploy/материалы/mathus.ru
mathus.ru,math,11,,олимпиадные листки,задачи,Kurchatov2025Math11.pdf,deploy/материалы/mathus.ru
mathus.ru,math,8,,олимпиадные листки,задачи,BIBN2015Math8.pdf,deploy/материалы/mathus.ru
mathus.ru,math,11,,олимпиадные листки,задачи,Rosatom2026Math11v2.pdf,deploy/материалы/mathus.ru
mathus.ru,math,11,,олимпиадные листки,задачи,Phystech2021Math11.pdf,deploy/материалы/mathus.ru
mathus.ru,math,11,,олимпиадные листки,задачи,vseros2018m1-11.pdf,deploy/материалы/mathus.ru
mathus.ru,math,11,,олимпиадные листки,задачи,FETT2020Math11.pdf,deploy/материалы/mathus.ru
mathus.ru,math,6,,олимпиадные листки,задачи,lom2017m5-6.pdf,deploy/материалы/mathus.ru
mathus.ru,math,6,,олимпиадные листки,задачи,Lom2025Math56.pdf,deploy/материалы/mathus.ru
mathus.ru,math,7,,олимпиадные листки,задачи,Belchonok2026Math7.pdf,deploy/материалы/mathus.ru
mathus.ru,math,,,олимпиадные листки,задачи,kbs05.pdf,deploy/материалы/mathus.ru
mathus.ru,math,11,,олимпиадные листки,задачи,pvg2018f10-11b2.pdf,deploy/материалы/mathus.ru
mathus.ru,math,8,,олимпиадные листки,задачи,vseros2007f8okr.pdf,deploy/материалы/mathus.ru
mathus.ru,math,11,,олимпиадные листки,задачи,SAMMAT2021-11v1.pdf,deploy/материалы/mathus.ru
mathus.ru,math,9,,олимпиадные листки,задачи,VP2023Phys9.pdf,deploy/материалы/mathus.ru
mathus.ru,math,,,олимпиадные листки,задачи,mm2003-07.pdf,deploy/материалы/mathus.ru
mathus.ru,math,11,,олимпиадные листки,задачи,vseros2009f3-11.pdf,deploy/материалы/mathus.ru
mathus.ru,math,7,,олимпиадные листки,задачи,ustn2011-7.pdf,deploy/материалы/mathus.ru
mathus.ru,math,10,,олимпиадные листки,задачи,BIBN2017Phys10.pdf,deploy/материалы/mathus.ru
mathus.ru,math,11,,олимпиадные листки,задачи,kurchatov2014f11.pdf,deploy/материалы/mathus.ru
mathus.ru,math,,,олимпиадные листки,задачи,comb-perebor.pdf,deploy/материалы/mathus.ru
mathus.ru,math,,,олимпиадные листки,задачи,Kitanina.pdf,deploy/материалы/mathus.ru
mathus.ru,math,9,,олимпиадные листки,задачи,VP2022Phys9.pdf,deploy/материалы/mathus.ru
mathus.ru,math,,,олимпиадные листки,задачи,gradvi.pdf,deploy/материалы/mathus.ru
mathus.ru,math,10,,олимпиадные листки,задачи,Phystech2023Phys-otbor4-10.pdf,deploy/материалы/mathus.ru
mathus.ru,math,11,,олимпиадные листки,задачи,SVB2021Math11v1.pdf,deploy/материалы/mathus.ru
mathus.ru,math,7,,олимпиадные листки,задачи,vp2019m7.pdf,deploy/материалы/mathus.ru
mathus.ru,math,11,,олимпиадные листки,задачи,EH2018Phys11.pdf,deploy/материалы/mathus.ru
mathus.ru,math,,,олимпиадные листки,задачи,VserosPhys2005Z9.2.pdf,deploy/материалы/mathus.ru
mathus.ru,math,,,олимпиадные листки,задачи,svtela.pdf,deploy/материалы/mathus.ru
mathus.ru,math,,,олимпиадные листки,задачи,sredlin2.pdf,deploy/материалы/mathus.ru
mathus.ru,math,11,,олимпиадные листки,задачи,Phystech2023Math-otbor3-11.pdf,deploy/материалы/mathus.ru
mathus.ru,math,11,,олимпиадные листки,задачи,Kurchatov2025Phys11.pdf,deploy/материалы/mathus.ru
mathus.ru,math,7,,олимпиадные листки,задачи,VserosPhys2020M7.pdf,deploy/материалы/mathus.ru
mathus.ru,math,9,,олимпиадные листки,задачи,MosPhys2026c9.pdf,deploy/материалы/mathus.ru
mathus.ru,math,9,,олимпиадные листки,задачи,EH2019Phys9.pdf,deploy/материалы/mathus.ru
mathus.ru,math,11,,олимпиадные листки,задачи,FETT2020Phys11.pdf,deploy/материалы/mathus.ru
mathus.ru,math,11,,олимпиадные листки,задачи,fizteh2015m11v3.pdf,deploy/материалы/mathus.ru
mathus.ru,math,9,,олимпиадные листки,задачи,vseros2016f4-9.pdf,deploy/материалы/mathus.ru
mathus.ru,math,9,,олимпиадные листки,задачи,EH2018Phys9.pdf,deploy/материалы/mathus.ru
mathus.ru,math,11,,олимпиадные листки,задачи,VP2024Phys11.pdf,deploy/материалы/mathus.ru
mathus.ru,math,8,,олимпиадные листки,задачи,vp2017m8.pdf,deploy/материалы/mathus.ru
mathus.ru,math,,,олимпиадные листки,задачи,teorema-karno.pdf,deploy/материалы/mathus.ru
mathus.ru,math,8,,олимпиадные листки,задачи,FETT2021Math8.pdf,deploy/материалы/mathus.ru
mathus.ru,math,9,,олимпиадные листки,задачи,Belchonok2026Math9v2.pdf,deploy/материалы/mathus.ru
mathus.ru,math,11,,олимпиадные листки,задачи,mfo2008-11tur2.pdf,deploy/материалы/mathus.ru
mathus.ru,math,11,,олимпиадные листки,задачи,BIBN2022Math11.pdf,deploy/материалы/mathus.ru
mathus.ru,math,8,,олимпиадные листки,задачи,FETT2020Math8.pdf,deploy/материалы/mathus.ru
mathus.ru,math,9,,олимпиадные листки,задачи,KFU2019Phys9v1.pdf,deploy/материалы/mathus.ru
mathus.ru,math,,,олимпиадные листки,задачи,prinkrai.pdf,deploy/материалы/mathus.ru
mathus.ru,math,8,,олимпиадные листки,задачи,geom8vseros.pdf,deploy/материалы/mathus.ru
mathus.ru,math,,,олимпиадные листки,задачи,arithmetical-progression.pdf,deploy/материалы/mathus.ru
mathus.ru,math,10,,олимпиадные листки,задачи,EulerCircIEF.pdf,deploy/материалы/mathus.ru
mathus.ru,math,10,,олимпиадные листки,задачи,Phystech2022Phys10v2.pdf,deploy/материалы/mathus.ru
mathus.ru,math,8,,олимпиадные листки,задачи,vseros2014f1-8.pdf,deploy/материалы/mathus.ru
mathus.ru,math,11,,олимпиадные листки,задачи,kurchatov2018f11.pdf,deploy/материалы/mathus.ru
mathus.ru,math,,,олимпиадные листки,задачи,ege17p.pdf,deploy/материалы/mathus.ru
mathus.ru,math,8,,олимпиадные листки,задачи,MosPhys2022otbor1tur8.pdf,deploy/материалы/mathus.ru
mathus.ru,math,9,,олимпиадные листки,задачи,SAMMAT2024-9.pdf,deploy/материалы/mathus.ru
mathus.ru,math,9,,олимпиадные листки,задачи,SVB2026Phys9.pdf,deploy/материалы/mathus.ru
mathus.ru,math,10,,олимпиадные листки,задачи,EH2015Math10v2.pdf,deploy/материалы/mathus.ru
mathus.ru,math,11,,олимпиадные листки,задачи,vseros2015f1-11.pdf,deploy/материалы/mathus.ru
mathus.ru,math,11,,олимпиадные листки,задачи,mfo2015-11tur0zaoch3.pdf,deploy/материалы/mathus.ru
mathus.ru,math,8,,олимпиадные листки,задачи,kurchatov2014f8.pdf,deploy/материалы/mathus.ru
mathus.ru,math,7,,олимпиадные листки,задачи,VserosMath2021S7.pdf,deploy/материалы/mathus.ru
mathus.ru,math,9,,олимпиадные листки,задачи,mfo2016-9tur2.pdf,deploy/материалы/mathus.ru
mathus.ru,math,11,,олимпиадные листки,задачи,ITMO2021Math11.pdf,deploy/материалы/mathus.ru
mathus.ru,math,11,,олимпиадные листки,задачи,11math2023.pdf,deploy/материалы/mathus.ru
mathus.ru,math,11,,олимпиадные листки,задачи,vseros2014f1-11.pdf,deploy/материалы/mathus.ru
mathus.ru,math,11,,олимпиадные листки,задачи,KFU2020Phys11.pdf,deploy/материалы/mathus.ru
mathus.ru,math,11,,олимпиадные листки,задачи,Belchonok2024Math11v1.pdf,deploy/материалы/mathus.ru
mathus.ru,math,8,,олимпиадные листки,задачи,BIBN2023Phys8.pdf,deploy/материалы/mathus.ru
mathus.ru,math,11,,олимпиадные листки,задачи,Lom2023Phys1011.pdf,deploy/материалы/mathus.ru
mathus.ru,math,7,,олимпиадные листки,задачи,vp2024m7.pdf,deploy/материалы/mathus.ru
mathus.ru,math,,,олимпиадные листки,задачи,mm2010.pdf,deploy/материалы/mathus.ru
mathus.ru,math,8,,олимпиадные листки,задачи,pvg2018m7-8v1b.pdf,deploy/материалы/mathus.ru
mathus.ru,math,11,,олимпиадные листки,задачи,Phystech2024Phys-otbor2-11.pdf,deploy/материалы/mathus.ru
mathus.ru,math,7,,олимпиадные листки,задачи,Maxwell2023Z7.pdf,deploy/материалы/mathus.ru
mathus.ru,math,8,,олимпиадные листки,задачи,BIBN2022Phys8.pdf,deploy/материалы/mathus.ru
mathus.ru,math,10,,олимпиадные листки,задачи,Phystech2023Math10v1.pdf,deploy/материалы/mathus.ru
mathus.ru,math,6,,олимпиадные листки,задачи,pvg2017m5-6v3a.pdf,deploy/материалы/mathus.ru
mathus.ru,math,11,,олимпиадные листки,задачи,mmo2022-11.pdf,deploy/материалы/mathus.ru
mathus.ru,math,11,,олимпиадные листки,задачи,turgor2017vs1011.pdf,deploy/материалы/mathus.ru
mathus.ru,math,10,,олимпиадные листки,задачи,FETT2015Math10.pdf,deploy/материалы/mathus.ru
mathus.ru,math,9,,олимпиадные листки,задачи,PVG2026Math9.pdf,deploy/материалы/mathus.ru
mathus.ru,math,11,,олимпиадные листки,задачи,pvg2014f10-11b4.pdf,deploy/материалы/mathus.ru
mathus.ru,math,,,олимпиадные листки,задачи,Euler2009Otbor2.pdf,deploy/материалы/mathus.ru
mathus.ru,math,,,олимпиадные листки,задачи,pp.pdf,deploy/материалы/mathus.ru
mathus.ru,math,7,,олимпиадные листки,задачи,maxwell2014t7.pdf,deploy/материалы/mathus.ru
mathus.ru,math,11,,олимпиадные листки,задачи,BIBN2022Phys11.pdf,deploy/материалы/mathus.ru
mathus.ru,math,8,,олимпиадные листки,задачи,Maxwell2026R8.pdf,deploy/материалы/mathus.ru
mathus.ru,math,8,,олимпиадные листки,задачи,Rosatom2025Phys8.pdf,deploy/материалы/mathus.ru
mathus.ru,math,10,,олимпиадные листки,задачи,Belchonok2022Math10v3.pdf,deploy/материалы/mathus.ru
mathus.ru,math,8,,олимпиадные листки,задачи,Rosatom2024Phys8.pdf,deploy/материалы/mathus.ru
mathus.ru,math,6,,олимпиадные листки,задачи,mp2017-6.pdf,deploy/материалы/mathus.ru
mathus.ru,math,,,олимпиадные листки,задачи,bohr.pdf,deploy/материалы/mathus.ru
mathus.ru,math,10,,олимпиадные листки,задачи,vseros2002f10okr.pdf,deploy/материалы/mathus.ru
mathus.ru,math,10,,олимпиадные листки,задачи,mmo2014-10.pdf,deploy/материалы/mathus.ru
mathus.ru,math,9,,олимпиадные листки,задачи,mfo2017-9tur0zaoch.pdf,deploy/материалы/mathus.ru
mathus.ru,math,7,,олимпиадные листки,задачи,ITMO2021Math7.pdf,deploy/материалы/mathus.ru
mathus.ru,math,9,,олимпиадные листки,задачи,Lom2023Phys79.pdf,deploy/материалы/mathus.ru
mathus.ru,math,,,олимпиадные листки,задачи,stereopvg.pdf,deploy/материалы/mathus.ru
mathus.ru,math,,,олимпиадные листки,задачи,qc.pdf,deploy/материалы/mathus.ru
mathus.ru,math,7,,олимпиадные листки,задачи,ITMO2020Math7.pdf,deploy/материалы/mathus.ru
mathus.ru,math,5,,олимпиадные листки,задачи,VserosMath2023S5.pdf,deploy/материалы/mathus.ru
mathus.ru,math,7,,олимпиадные листки,задачи,VserosMath2026M7.pdf,deploy/материалы/mathus.ru
mathus.ru,math,6,,олимпиадные листки,задачи,ustn2008-6.pdf,deploy/материалы/mathus.ru
mathus.ru,math,11,,олимпиадные листки,задачи,fizteh2018f11v3.pdf,deploy/материалы/mathus.ru
mathus.ru,math,9,,олимпиадные листки,задачи,Phystech2022Math9v1.pdf,deploy/материалы/mathus.ru
mathus.ru,math,11,,олимпиадные листки,задачи,KFU2020Math11.pdf,deploy/материалы/mathus.ru
mathus.ru,math,,,олимпиадные листки,задачи,msuPryamoTre.pdf,deploy/материалы/mathus.ru
mathus.ru,math,11,,олимпиадные листки,задачи,fizteh-online2017f11.pdf,deploy/материалы/mathus.ru
mathus.ru,math,9,,олимпиадные листки,задачи,fizteh9m2011.pdf,deploy/материалы/mathus.ru
mathus.ru,math,9,,олимпиадные листки,задачи,EH2015Math9v1.pdf,deploy/материалы/mathus.ru
mathus.ru,math,9,,олимпиадные листки,задачи,Phystech2023Math-otbor3-9.pdf,deploy/материалы/mathus.ru
mathus.ru,math,7,,олимпиадные листки,задачи,Vsesib2019Phys7.pdf,deploy/материалы/mathus.ru
mathus.ru,math,,,олимпиадные листки,задачи,lineplane.pdf,deploy/материалы/mathus.ru
mathus.ru,math,7,,олимпиадные листки,задачи,Vsesib2018Phys7.pdf,deploy/материалы/mathus.ru
mathus.ru,math,6,,олимпиадные листки,задачи,Belchonok2019Math6.pdf,deploy/материалы/mathus.ru
mathus.ru,math,8,,олимпиадные листки,задачи,Phystech2023Math-otbor3-8.pdf,deploy/материалы/mathus.ru
mathus.ru,math,11,,олимпиадные листки,задачи,Phystech2024Phys11v1.pdf,deploy/материалы/mathus.ru
mathus.ru,math,10,,олимпиадные листки,задачи,fizteh-online2017f10.pdf,deploy/материалы/mathus.ru
mathus.ru,math,,,олимпиадные листки,задачи,SilaBlok.pdf,deploy/материалы/mathus.ru
mathus.ru,math,,,олимпиадные листки,задачи,atom.pdf,deploy/материалы/mathus.ru
mathus.ru,math,,,олимпиадные листки,задачи,teorema-edinstvennosti.pdf,deploy/материалы/mathus.ru
mathus.ru,math,10,,олимпиадные листки,задачи,KFU2020Math10.pdf,deploy/материалы/mathus.ru
mathus.ru,math,,,олимпиадные листки,задачи,funcalur.pdf,deploy/материалы/mathus.ru
mathus.ru,math,4,,олимпиадные листки,задачи,VserosMath2023S4.pdf,deploy/материалы/mathus.ru
mathus.ru,math,,,олимпиадные листки,задачи,Z_MSU.pdf,deploy/материалы/mathus.ru
mathus.ru,math,11,,олимпиадные листки,задачи,fizteh2018f11v2.pdf,deploy/материалы/mathus.ru
mathus.ru,math,7,,олимпиадные листки,задачи,ustn2008-7.pdf,deploy/материалы/mathus.ru
mathus.ru,math,11,,олимпиадные листки,задачи,Phystech2025Math11v2.pdf,deploy/материалы/mathus.ru
mathus.ru,math,9,,олимпиадные листки,задачи,lom2016m9.pdf,deploy/материалы/mathus.ru
mathus.ru,math,9,,олимпиадные листки,задачи,VserosPhys2026Z9.pdf,deploy/материалы/mathus.ru
mathus.ru,math,11,,олимпиадные листки,задачи,vseros1995f11zon.pdf,deploy/материалы/mathus.ru
mathus.ru,math,11,,олимпиадные листки,задачи,mmo2014-11.pdf,deploy/материалы/mathus.ru
mathus.ru,math,,,олимпиадные листки,задачи,msuOrtocenter.pdf,deploy/материалы/mathus.ru
mathus.ru,math,10,,олимпиадные листки,задачи,Belchonok2022Math10v2.pdf,deploy/материалы/mathus.ru
mathus.ru,math,7,,олимпиадные листки,задачи,Kurchatov2024Phys7.pdf,deploy/материалы/mathus.ru
mathus.ru,math,,,олимпиадные листки,задачи,fsu.pdf,deploy/материалы/mathus.ru
mathus.ru,math,7,,олимпиадные листки,задачи,mp2017-7.pdf,deploy/материалы/mathus.ru
mathus.ru,math,7,,олимпиадные листки,задачи,vseros2018f1-7.pdf,deploy/материалы/mathus.ru
mathus.ru,math,9,,олимпиадные листки,задачи,Rosatom2024Phys9.pdf,deploy/материалы/mathus.ru
mathus.ru,math,7,,олимпиадные листки,задачи,Kurchatov2025Phys7.pdf,deploy/материалы/mathus.ru
mathus.ru,math,10,,олимпиадные листки,задачи,BIBN2022Phys10.pdf,deploy/материалы/mathus.ru
mathus.ru,math,,,олимпиадные листки,задачи,zopt.pdf,deploy/материалы/mathus.ru
mathus.ru,math,,,олимпиадные листки,задачи,Euler2009Otbor3.pdf,deploy/материалы/mathus.ru
mathus.ru,math,11,,олимпиадные листки,задачи,pvg2014f10-11b5.pdf,deploy/материалы/mathus.ru
mathus.ru,math,9,,олимпиадные листки,задачи,Rosatom2025Phys9.pdf,deploy/материалы/mathus.ru
mathus.ru,math,,,олимпиадные листки,задачи,arhimed2026.pdf,deploy/материалы/mathus.ru
mathus.ru,math,9,,олимпиадные листки,задачи,BIBN2022Phys9.pdf,deploy/материалы/mathus.ru
mathus.ru,math,7,,олимпиадные листки,задачи,MosPhys2021zz2-7.pdf,deploy/материалы/mathus.ru
mathus.ru,math,10,,олимпиадные листки,задачи,Phystech2024Phys-otbor2-10.pdf,deploy/материалы/mathus.ru
mathus.ru,math,,,олимпиадные листки,задачи,mm2005.pdf,deploy/материалы/mathus.ru
mathus.ru,math,11,,олимпиадные листки,задачи,FETT2015Math11.pdf,deploy/материалы/mathus.ru
mathus.ru,math,10,,олимпиадные листки,задачи,mmo2022-10.pdf,deploy/материалы/mathus.ru
mathus.ru,math,7,,олимпиадные листки,задачи,MosPhys2020zz2-7.pdf,deploy/материалы/mathus.ru
mathus.ru,math,10,,олимпиадные листки,задачи,Phystech2026PhysOtbor10v1.pdf,deploy/материалы/mathus.ru
mathus.ru,math,9,,олимпиадные листки,задачи,BIBN2023Phys9.pdf,deploy/материалы/mathus.ru
mathus.ru,math,7,,олимпиадные листки,задачи,MosPhys2023otbor1tur7.pdf,deploy/материалы/mathus.ru
mathus.ru,math,,,олимпиадные листки,задачи,dispersion.pdf,deploy/материалы/mathus.ru
mathus.ru,math,8,,олимпиадные листки,задачи,Belchonok2024Math8v1.pdf,deploy/материалы/mathus.ru
mathus.ru,math,10,,олимпиадные листки,задачи,KFU2020Phys10.pdf,deploy/материалы/mathus.ru
mathus.ru,math,9,,олимпиадные листки,задачи,SVB2024PhysOtbor9v1.pdf,deploy/материалы/mathus.ru
mathus.ru,math,11,,олимпиадные листки,задачи,Phystech2025MathOtbor11v1.pdf,deploy/материалы/mathus.ru
mathus.ru,math,10,,олимпиадные листки,задачи,vseros2014f1-10.pdf,deploy/материалы/mathus.ru
mathus.ru,math,,,олимпиадные листки,задачи,fpriv.pdf,deploy/материалы/mathus.ru
mathus.ru,math,10,,олимпиадные листки,задачи,mfo2011-10tur2.pdf,deploy/материалы/mathus.ru
mathus.ru,math,9,,олимпиадные листки,задачи,kurchatov2014f9.pdf,deploy/материалы/mathus.ru
mathus.ru,math,11,,олимпиадные листки,задачи,mfo2015-11tur0zaoch2.pdf,deploy/материалы/mathus.ru
mathus.ru,math,,,олимпиадные листки,задачи,fizteh2007f.pdf,deploy/материалы/mathus.ru
mathus.ru,math,10,,олимпиадные листки,задачи,vseros2015f1-10.pdf,deploy/материалы/mathus.ru
mathus.ru,math,6,,олимпиадные листки,задачи,PVG2019Math56v1a.pdf,deploy/материалы/mathus.ru
mathus.ru,math,10,,олимпиадные листки,задачи,ITMO2021Math10.pdf,deploy/материалы/mathus.ru
mathus.ru,math,6,,олимпиадные листки,задачи,VserosMath2021S6.pdf,deploy/материалы/mathus.ru
mathus.ru,math,7,,олимпиадные листки,задачи,sav7m2010.pdf,deploy/материалы/mathus.ru
mathus.ru,math,8,,олимпиадные листки,задачи,SAMMAT2024-8.pdf,deploy/материалы/mathus.ru
mathus.ru,math,9,,олимпиадные листки,задачи,MosPhys2022otbor1tur9.pdf,deploy/материалы/mathus.ru
mathus.ru,math,8,,олимпиадные листки,задачи,SVB2026Phys8.pdf,deploy/материалы/mathus.ru
mathus.ru,math,10,,олимпиадные листки,задачи,kurchatov2018f10.pdf,deploy/материалы/mathus.ru
mathus.ru,math,9,,олимпиадные листки,задачи,vseros2014f1-9.pdf,deploy/материалы/mathus.ru
mathus.ru,math,8,,олимпиадные листки,задачи,Lom2023Math78.pdf,deploy/материалы/mathus.ru
mathus.ru,math,,,олимпиадные листки,задачи,edipole.pdf,deploy/материалы/mathus.ru
mathus.ru,math,8,,олимпиадные листки,задачи,mfo2009-8tur2.pdf,deploy/материалы/mathus.ru
mathus.ru,math,7,,олимпиадные листки,задачи,MosPhys2020tur2-7.pdf,deploy/материалы/mathus.ru
mathus.ru,math,,,олимпиадные листки,задачи,vnutren.pdf,deploy/материалы/mathus.ru
mathus.ru,math,9,,олимпиадные листки,задачи,FETT2020Math9.pdf,deploy/материалы/mathus.ru
mathus.ru,math,,,олимпиадные листки,задачи,parameter-minimax.pdf,deploy/материалы/mathus.ru
mathus.ru,math,,,олимпиадные листки,задачи,dpl.pdf,deploy/материалы/mathus.ru
mathus.ru,math,10,,олимпиадные листки,задачи,mfo2016-10tur0zaoch.pdf,deploy/материалы/mathus.ru
mathus.ru,math,9,,олимпиадные листки,задачи,FETT2021Math9.pdf,deploy/материалы/mathus.ru
mathus.ru,math,,,олимпиадные листки,задачи,mm2001-03.pdf,deploy/материалы/mathus.ru
mathus.ru,math,10,,олимпиадные листки,задачи,BIBN2022Math10.pdf,deploy/материалы/mathus.ru
mathus.ru,math,,,олимпиадные листки,задачи,Euler2025Otbor1.pdf,deploy/материалы/mathus.ru
mathus.ru,math,9,,олимпиадные листки,задачи,vp2017m9.pdf,deploy/материалы/mathus.ru
mathus.ru,math,10,,олимпиадные листки,задачи,VP2024Phys10.pdf,deploy/материалы/mathus.ru
mathus.ru,math,8,,олимпиадные листки,задачи,EH2018Phys8.pdf,deploy/материалы/mathus.ru
mathus.ru,math,,,олимпиадные листки,задачи,neravenstvoKoshi.pdf,deploy/материалы/mathus.ru
mathus.ru,math,,,олимпиадные листки,задачи,statika.pdf,deploy/материалы/mathus.ru
mathus.ru,math,10,,олимпиадные листки,задачи,FETT2020Phys10.pdf,deploy/материалы/mathus.ru
mathus.ru,math,8,,олимпиадные листки,задачи,EH2019Phys8.pdf,deploy/материалы/mathus.ru
mathus.ru,math,11,,олимпиадные листки,задачи,fizteh2015m11v2.pdf,deploy/материалы/mathus.ru
mathus.ru,math,10,,олимпиадные листки,задачи,Phystech2023Math-otbor3-10.pdf,deploy/материалы/mathus.ru
mathus.ru,math,8,,олимпиадные листки,задачи,MosPhys2026c8.pdf,deploy/материалы/mathus.ru
mathus.ru,math,10,,олимпиадные листки,задачи,Kurchatov2025Phys10.pdf,deploy/материалы/mathus.ru
mathus.ru,math,8,,олимпиадные листки,задачи,PVG2020Math78b.pdf,deploy/материалы/mathus.ru
mathus.ru,math,7,,олимпиадные листки,задачи,vseros2016m2-7.pdf,deploy/материалы/mathus.ru
mathus.ru,math,10,,олимпиадные листки,задачи,Rosatom2021Phys10v2.pdf,deploy/материалы/mathus.ru
mathus.ru,math,10,,олимпиадные листки,задачи,EH2018Phys10.pdf,deploy/материалы/mathus.ru
mathus.ru,math,,,олимпиадные листки,задачи,gaspru.pdf,deploy/материалы/mathus.ru
mathus.ru,math,8,,олимпиадные листки,задачи,mfo2010-8tur1.pdf,deploy/материалы/mathus.ru
mathus.ru,math,10,,олимпиадные листки,задачи,Phystech2019Phys10v1.pdf,deploy/материалы/mathus.ru
mathus.ru,math,10,,олимпиадные листки,задачи,KFU2019Phys10v2.pdf,deploy/материалы/mathus.ru
mathus.ru,math,11,,олимпиадные листки,задачи,Lom2019Math1011.pdf,deploy/материалы/mathus.ru
mathus.ru,math,6,,олимпиадные листки,задачи,PVG2021Math56.pdf,deploy/материалы/mathus.ru
mathus.ru,math,11,,олимпиадные листки,задачи,Phystech2023Phys-otbor4-11.pdf,deploy/материалы/mathus.ru
mathus.ru,math,10,,олимпиадные листки,задачи,kurchatov2014f10.pdf,deploy/материалы/mathus.ru
mathus.ru,math,11,,олимпиадные листки,задачи,mfo2014-11tur2.pdf,deploy/материалы/mathus.ru
mathus.ru,math,11,,олимпиадные листки,задачи,BIBN2017Phys11.pdf,deploy/материалы/mathus.ru
mathus.ru,math,6,,олимпиадные листки,задачи,ustn2011-6.pdf,deploy/материалы/mathus.ru
mathus.ru,math,,,олимпиадные листки,задачи,osnurav_mkt.pdf,deploy/материалы/mathus.ru
mathus.ru,math,10,,олимпиадные листки,задачи,vseros2009f3-10.pdf,deploy/материалы/mathus.ru
mathus.ru,math,10,,олимпиадные листки,задачи,Rosatom2020Math10v1.pdf,deploy/материалы/mathus.ru
mathus.ru,math,,,олимпиадные листки,задачи,fizteh11m2014-dolgopa.pdf,deploy/материалы/mathus.ru
mathus.ru,math,,,олимпиадные листки,задачи,mfield.pdf,deploy/материалы/mathus.ru
mathus.ru,math,,,олимпиадные листки,задачи,Planimetry_MSU.pdf,deploy/материалы/mathus.ru
mathus.ru,math,6,,олимпиадные листки,задачи,Belchonok2026Math6.pdf,deploy/материалы/mathus.ru
mathus.ru,math,,,олимпиадные листки,задачи,podobie.pdf,deploy/материалы/mathus.ru
mathus.ru,math,10,,олимпиадные листки,задачи,vseros2000f10fin.pdf,deploy/материалы/mathus.ru
mathus.ru,math,10,,олимпиадные листки,задачи,vseros2018m1-10.pdf,deploy/материалы/mathus.ru
mathus.ru,math,,,олимпиадные листки,задачи,приложение 2_учет олимпиад школьников.pdf,deploy/материалы/mathus.ru
mathus.ru,math,10,,олимпиадные листки,задачи,Phystech2021Math10.pdf,deploy/материалы/mathus.ru
mathus.ru,math,7,,олимпиадные листки,задачи,Vsesib2026Phys7.pdf,deploy/материалы/mathus.ru
mathus.ru,math,10,,олимпиадные листки,задачи,FETT2020Math10.pdf,deploy/материалы/mathus.ru
mathus.ru,math,9,,олимпиадные листки,задачи,BIBN2015Math9.pdf,deploy/материалы/mathus.ru
mathus.ru,math,10,,олимпиадные листки,задачи,Kurchatov2025Math10.pdf,deploy/материалы/mathus.ru
mathus.ru,math,5,,олимпиадные листки,задачи,5math2023.pdf,deploy/материалы/mathus.ru
mathus.ru,math,8,,олимпиадные листки,задачи,KFU2022Phys8.pdf,deploy/материалы/mathus.ru
mathus.ru,math,10,,олимпиадные листки,задачи,EH2018Math10.pdf,deploy/материалы/mathus.ru
mathus.ru,math,,,олимпиадные листки,задачи,graphs-intersect.pdf,deploy/материалы/mathus.ru
mathus.ru,math,8,,олимпиадные листки,задачи,KFU2023Phys8.pdf,deploy/материалы/mathus.ru
mathus.ru,math,,,олимпиадные листки,задачи,mm1997-05.pdf,deploy/материалы/mathus.ru
mathus.ru,math,7,,олимпиадные листки,задачи,mfo2014-7tur0zaoch4.pdf,deploy/материалы/mathus.ru
mathus.ru,math,10,,олимпиадные листки,задачи,MosPhys2020zz3-10.pdf,deploy/материалы/mathus.ru
mathus.ru,math,9,,олимпиадные листки,задачи,fizteh2016m9v3.pdf,deploy/материалы/mathus.ru
mathus.ru,math,11,,олимпиадные листки,задачи,mmo2018-11.pdf,deploy/материалы/mathus.ru
mathus.ru,math,8,,олимпиадные листки,задачи,mmo2026c8.pdf,deploy/материалы/mathus.ru
mathus.ru,math,,,олимпиадные листки,задачи,trigeqprost.pdf,deploy/материалы/mathus.ru
mathus.ru,math,11,,олимпиадные листки,задачи,BIBN2017Math11.pdf,deploy/материалы/mathus.ru
mathus.ru,math,8,,олимпиадные листки,задачи,pvg2016m7-8v2b.pdf,deploy/материалы/mathus.ru
mathus.ru,math,9,,олимпиадные листки,задачи,SVB2025MathOtbor9v2.pdf,deploy/материалы/mathus.ru
mathus.ru,math,5,,олимпиадные листки,задачи,vseros2015m1-5.pdf,deploy/материалы/mathus.ru
mathus.ru,math,9,,олимпиадные листки,задачи,EH2024Math9.pdf,deploy/материалы/mathus.ru
mathus.ru,math,,,олимпиадные листки,задачи,Euler2010Otbor2.pdf,deploy/материалы/mathus.ru
mathus.ru,math,11,,олимпиадные листки,задачи,VserosMath2022R11.pdf,deploy/материалы/mathus.ru
mathus.ru,math,6,,олимпиадные листки,задачи,ustn2013-6.pdf,deploy/материалы/mathus.ru
mathus.ru,math,11,,олимпиадные листки,задачи,Vsesib2025Math11.pdf,deploy/материалы/mathus.ru
mathus.ru,math,9,,олимпиадные листки,задачи,BIBN2021Math9.pdf,deploy/материалы/mathus.ru
mathus.ru,math,9,,олимпиадные листки,задачи,fizteh2016m9v1.pdf,deploy/материалы/mathus.ru
mathus.ru,math,7,,олимпиадные листки,задачи,vseros2015m1-7.pdf,deploy/материалы/mathus.ru
mathus.ru,math,,,олимпиадные листки,задачи,heat.pdf,deploy/материалы/mathus.ru
mathus.ru,math,9,,олимпиадные листки,задачи,BIBN2020Math9.pdf,deploy/материалы/mathus.ru
mathus.ru,math,9,,олимпиадные листки,задачи,EH2025Math9.pdf,deploy/материалы/mathus.ru
mathus.ru,math,11,,олимпиадные листки,задачи,SVB2024Phys11.pdf,deploy/материалы/mathus.ru
mathus.ru,math,9,,олимпиадные листки,задачи,VserosMath2022Z9.pdf,deploy/материалы/mathus.ru
mathus.ru,math,10,,олимпиадные листки,задачи,ITMO2019Math10.pdf,deploy/материалы/mathus.ru
mathus.ru,math,8,,олимпиадные листки,задачи,mfo2017-8tur0och.pdf,deploy/материалы/mathus.ru
mathus.ru,math,11,,олимпиадные листки,задачи,fizteh-online2016m11.pdf,deploy/материалы/mathus.ru
mathus.ru,math,9,,олимпиадные листки,задачи,mmo2024-9.pdf,deploy/материалы/mathus.ru
mathus.ru,math,,,олимпиадные листки,задачи,electrodav.pdf,deploy/материалы/mathus.ru
mathus.ru,math,,,олимпиадные листки,задачи,mm1997-07.pdf,deploy/материалы/mathus.ru
mathus.ru,math,8,,олимпиадные листки,задачи,rosatom2012f8.pdf,deploy/материалы/mathus.ru
mathus.ru,math,11,,олимпиадные листки,задачи,fizteh2011f11v.pdf,deploy/материалы/mathus.ru
mathus.ru,math,11,,олимпиадные листки,задачи,Rosatom2026Math11v1.pdf,deploy/материалы/mathus.ru
mathus.ru,math,8,,олимпиадные листки,задачи,SVB2025Math8.pdf,deploy/материалы/mathus.ru
mathus.ru,math,,,олимпиадные листки,задачи,garmod.pdf,deploy/материалы/mathus.ru
mathus.ru,math,7,,олимпиадные листки,задачи,lom7m2014.pdf,deploy/материалы/mathus.ru
mathus.ru,math,9,,олимпиадные листки,задачи,PlanimStart9.pdf,deploy/материалы/mathus.ru
mathus.ru,math,8,,олимпиадные листки,задачи,SVB2024Math8.pdf,deploy/материалы/mathus.ru
mathus.ru,math,9,,олимпиадные листки,задачи,FETT2023Phys9.pdf,deploy/материалы/mathus.ru
mathus.ru,math,10,,олимпиадные листки,задачи,MosPhys2022otbor1tur10.pdf,deploy/материалы/mathus.ru
mathus.ru,math,9,,олимпиадные листки,задачи,vp2015m9.pdf,deploy/материалы/mathus.ru
mathus.ru,math,10,,олимпиадные листки,задачи,VserosMath2020M10.pdf,deploy/материалы/mathus.ru
mathus.ru,math,4,,олимпиадные листки,задачи,Belchonok2026Math4.pdf,deploy/материалы/mathus.ru
mathus.ru,math,,,олимпиадные листки,задачи,cmass.pdf,deploy/материалы/mathus.ru
mathus.ru,math,9,,олимпиадные листки,задачи,pvg2018f7-9b14.pdf,deploy/материалы/mathus.ru
mathus.ru,math,10,,олимпиадные листки,задачи,PVG2025Math10.pdf,deploy/материалы/mathus.ru
mathus.ru,math,9,,олимпиадные листки,задачи,FETT2022Phys9.pdf,deploy/материалы/mathus.ru
mathus.ru,math,,,олимпиадные листки,задачи,triangle60.pdf,deploy/материалы/mathus.ru
mathus.ru,math,,,олимпиадные листки,задачи,gorsilar.pdf,deploy/материалы/mathus.ru
mathus.ru,math,,,олимпиадные листки,задачи,fizteh2010md.pdf,deploy/материалы/mathus.ru
mathus.ru,math,11,,олимпиадные листки,задачи,Vsesib2025Phys11.pdf,deploy/материалы/mathus.ru
mathus.ru,math,11,,олимпиадные листки,задачи,pvg2016m10-11mos.pdf,deploy/материалы/mathus.ru
mathus.ru,math,11,,олимпиадные листки,задачи,SVB2024Math11.pdf,deploy/материалы/mathus.ru
mathus.ru,math,8,,олимпиадные листки,задачи,fizteh-online2018f8.pdf,deploy/материалы/mathus.ru
mathus.ru,math,10,,олимпиадные листки,задачи,VserosMath2024S10.pdf,deploy/материалы/mathus.ru
mathus.ru,math,11,,олимпиадные листки,задачи,SAMMAT2021-11v2.pdf,deploy/материалы/mathus.ru
mathus.ru,math,7,,олимпиадные листки,задачи,geom7.pdf,deploy/материалы/mathus.ru
mathus.ru,math,10,,олимпиадные листки,задачи,VserosPhys2023M10.pdf,deploy/материалы/mathus.ru
mathus.ru,math,11,,олимпиадные листки,задачи,SVB2021Math11v2.pdf,deploy/материалы/mathus.ru
mathus.ru,math,,,олимпиадные листки,задачи,prodpp.pdf,deploy/материалы/mathus.ru
mathus.ru,math,7,,олимпиадные листки,задачи,2016 Расписание 1 этапа 2015-11-10.pdf,deploy/материалы/mathus.ru
mathus.ru,math,11,,олимпиадные листки,задачи,VserosPhys2021R11.pdf,deploy/материалы/mathus.ru
mathus.ru,math,7,,олимпиадные листки,задачи,fizteh-online2016f7.pdf,deploy/материалы/mathus.ru
mathus.ru,math,10,,олимпиадные листки,задачи,PVG2025Phys10.pdf,deploy/материалы/mathus.ru
mathus.ru,math,,,олимпиадные листки,задачи,msuRaznoe.pdf,deploy/материалы/mathus.ru
mathus.ru,math,7,,олимпиадные листки,задачи,Kurchatov2026Math7.pdf,deploy/материалы/mathus.ru
mathus.ru,math,9,,олимпиадные листки,задачи,VserosPhys2019Z9.pdf,deploy/материалы/mathus.ru
mathus.ru,math,,,олимпиадные листки,задачи,ParaKoleMIPT.pdf,deploy/материалы/mathus.ru
mathus.ru,math,11,,олимпиадные листки,задачи,pvg10-11m2013mos.pdf,deploy/материалы/mathus.ru
mathus.ru,math,9,,олимпиадные листки,задачи,Rosatom2026Math9.pdf,deploy/материалы/mathus.ru
mathus.ru,math,10,,олимпиадные листки,задачи,10phys2023.pdf,deploy/материалы/mathus.ru
mathus.ru,math,,,олимпиадные листки,задачи,maximin.pdf,deploy/материалы/mathus.ru
mathus.ru,math,10,,олимпиадные листки,задачи,FETT2018Math10.pdf,deploy/материалы/mathus.ru
mathus.ru,math,10,,олимпиадные листки,задачи,Rosatom2022Math10.pdf,deploy/материалы/mathus.ru
mathus.ru,math,7,,олимпиадные листки,задачи,Vsesib2024Math7.pdf,deploy/материалы/mathus.ru
mathus.ru,math,7,,олимпиадные листки,задачи,mp2015-7.pdf,deploy/материалы/mathus.ru
mathus.ru,math,11,,олимпиадные листки,задачи,VserosPhys2026Z11.pdf,deploy/материалы/mathus.ru
mathus.ru,math,9,,олимпиадные листки,задачи,KFU2019Phys9v2.pdf,deploy/материалы/mathus.ru
mathus.ru,math,9,,олимпиадные листки,задачи,Belchonok2026Math9v1.pdf,deploy/материалы/mathus.ru
mathus.ru,math,,,олимпиадные листки,задачи,Euler2025Otbor3.pdf,deploy/материалы/mathus.ru
mathus.ru,math,11,,олимпиадные листки,задачи,mfo2008-11tur1.pdf,deploy/материалы/mathus.ru
mathus.ru,math,,,олимпиадные листки,задачи,fizteh11m2013-viezd.pdf,deploy/материалы/mathus.ru
mathus.ru,math,7,,олимпиадные листки,задачи,Vsesib2025Math7.pdf,deploy/материалы/mathus.ru
mathus.ru,math,9,,олимпиадные листки,задачи,BIBN2016Phys9.pdf,deploy/материалы/mathus.ru
mathus.ru,math,10,,олимпиадные листки,задачи,SAMMAT2023-10.pdf,deploy/материалы/mathus.ru
mathus.ru,math,7,,олимпиадные листки,задачи,matholymp67.pdf,deploy/материалы/mathus.ru
mathus.ru,math,9,,олимпиадные листки,задачи,VserosPhys2024Z9.pdf,deploy/материалы/mathus.ru
mathus.ru,math,9,,олимпиадные листки,задачи,BIBN2017Phys9.pdf,deploy/материалы/mathus.ru
mathus.ru,math,,,олимпиадные листки,задачи,elcirc.pdf,deploy/материалы/mathus.ru
mathus.ru,math,10,,олимпиадные листки,задачи,Phystech2022Phys10v1.pdf,deploy/материалы/mathus.ru
mathus.ru,math,11,,олимпиадные листки,задачи,PVG2021Phys1011b3.pdf,deploy/материалы/mathus.ru
mathus.ru,math,9,,олимпиадные листки,задачи,turgor2017vb89.pdf,deploy/материалы/mathus.ru
mathus.ru,math,11,,олимпиадные листки,задачи,Phystech2025MathOtbor11v3.pdf,deploy/материалы/mathus.ru
mathus.ru,math,,,олимпиадные листки,задачи,ege18.pdf,deploy/материалы/mathus.ru
mathus.ru,math,10,,олимпиадные листки,задачи,mmo2025c10.pdf,deploy/материалы/mathus.ru
mathus.ru,math,8,,олимпиадные листки,задачи,Belchonok2024Math8v3.pdf,deploy/материалы/mathus.ru
mathus.ru,math,11,,олимпиадные листки,задачи,Belchonok2024Math11v2.pdf,deploy/материалы/mathus.ru
mathus.ru,math,9,,олимпиадные листки,задачи,FETT2015Math9.pdf,deploy/материалы/mathus.ru
mathus.ru,math,9,,олимпиадные листки,задачи,mfo2016-9tur1.pdf,deploy/материалы/mathus.ru
mathus.ru,math,4,,олимпиадные листки,задачи,VserosMath2021S4.pdf,deploy/материалы/mathus.ru
mathus.ru,math,10,,олимпиадные листки,задачи,EH2020Math10.pdf,deploy/материалы/mathus.ru
mathus.ru,math,11,,олимпиадные листки,задачи,vp2021m11.pdf,deploy/материалы/mathus.ru
mathus.ru,math,11,,олимпиадные листки,задачи,kurchatov2015m11.pdf,deploy/материалы/mathus.ru
mathus.ru,math,10,,олимпиадные листки,задачи,EH2015Math10v1.pdf,deploy/материалы/mathus.ru
mathus.ru,math,,,олимпиадные листки,задачи,arhimed2017z.pdf,deploy/материалы/mathus.ru
mathus.ru,math,6,,олимпиадные листки,задачи,pvg2017m5-6v3b.pdf,deploy/материалы/mathus.ru
mathus.ru,math,,,олимпиадные листки,задачи,mm2007.pdf,deploy/материалы/mathus.ru
mathus.ru,math,8,,олимпиадные листки,задачи,Rosatom2018Math8.pdf,deploy/материалы/mathus.ru
mathus.ru,math,,,олимпиадные листки,задачи,ee.pdf,deploy/материалы/mathus.ru
mathus.ru,math,10,,олимпиадные листки,задачи,Phystech2023Math10v2.pdf,deploy/материалы/mathus.ru
mathus.ru,math,8,,олимпиадные листки,задачи,Phystech2023Math-otbor1-8.pdf,deploy/материалы/mathus.ru
mathus.ru,math,6,,олимпиадные листки,задачи,Kurchatov2019Math6.pdf,deploy/материалы/mathus.ru
mathus.ru,math,11,,олимпиадные листки,задачи,mfo2014-11tur0och.pdf,deploy/материалы/mathus.ru
mathus.ru,math,8,,олимпиадные листки,задачи,pvg2018m7-8v1a.pdf,deploy/материалы/mathus.ru
mathus.ru,math,8,,олимпиадные листки,задачи,Rosatom2019Math8.pdf,deploy/материалы/mathus.ru
mathus.ru,math,10,,олимпиадные листки,задачи,vp2017m10.pdf,deploy/материалы/mathus.ru
mathus.ru,math,10,,олимпиадные листки,задачи,Rosatom2022Phys10.pdf,deploy/материалы/mathus.ru
mathus.ru,math,,,олимпиадные листки,задачи,razbipar.pdf,deploy/материалы/mathus.ru
mathus.ru,math,,,олимпиадные листки,задачи,RL.pdf,deploy/материалы/mathus.ru
mathus.ru,math,10,,олимпиадные листки,задачи,vseros2016f2-10.pdf,deploy/материалы/mathus.ru
mathus.ru,math,,,олимпиадные листки,задачи,arhimed2024.pdf,deploy/материалы/mathus.ru
mathus.ru,math,8,,олимпиадные листки,задачи,mfo2016-8tur0zaoch.pdf,deploy/материалы/mathus.ru
mathus.ru,math,11,,олимпиадные листки,задачи,pvg2014f10-11b7.pdf,deploy/материалы/mathus.ru
mathus.ru,math,,,олимпиадные листки,задачи,acpower.pdf,deploy/материалы/mathus.ru
mathus.ru,math,,,олимпиадные листки,задачи,Euler2009Otbor1.pdf,deploy/материалы/mathus.ru
mathus.ru,math,10,,олимпиадные листки,задачи,vseros2017f2-10.pdf,deploy/материалы/mathus.ru
mathus.ru,math,9,,олимпиадные листки,задачи,vseros2014f3-9.pdf,deploy/материалы/mathus.ru
mathus.ru,math,11,,олимпиадные листки,задачи,VserosMath2025Z11.pdf,deploy/материалы/mathus.ru
mathus.ru,math,11,,олимпиадные листки,задачи,VserosPhys2019M11.pdf,deploy/материалы/mathus.ru
mathus.ru,math,7,,олимпиадные листки,задачи,InnopolisOpen2022Math7.pdf,deploy/материалы/mathus.ru
mathus.ru,math,9,,олимпиадные листки,задачи,Phystech2022Math9v2.pdf,deploy/материалы/mathus.ru
mathus.ru,math,9,,олимпиадные листки,задачи,kurchatov2016f9.pdf,deploy/материалы/mathus.ru
mathus.ru,math,7,,олимпиадные листки,задачи,InnopolisOpen2023Math7.pdf,deploy/материалы/mathus.ru
mathus.ru,math,,,олимпиадные листки,задачи,emkol.pdf,deploy/материалы/mathus.ru
mathus.ru,math,6,,олимпиадные листки,задачи,VserosMath2023S6.pdf,deploy/материалы/mathus.ru
mathus.ru,math,10,,олимпиадные листки,задачи,EH2020Phys10.pdf,deploy/материалы/mathus.ru
mathus.ru,math,9,,олимпиадные листки,задачи,mmo2019-9.pdf,deploy/материалы/mathus.ru
mathus.ru,math,,,олимпиадные листки,задачи,parts.pdf,deploy/материалы/mathus.ru
mathus.ru,math,,,олимпиадные листки,задачи,fyok2020k.pdf,deploy/материалы/mathus.ru
mathus.ru,math,9,,олимпиадные листки,задачи,vseros2017f2-9.pdf,deploy/материалы/mathus.ru
mathus.ru,math,11,,олимпиадные листки,задачи,pvg2015m10-11ufa.pdf,deploy/материалы/mathus.ru
mathus.ru,math,9,,олимпиадные листки,задачи,fizteh9m2012.pdf,deploy/материалы/mathus.ru
mathus.ru,math,9,,олимпиадные листки,задачи,EH2015Math9v2.pdf,deploy/материалы/mathus.ru
mathus.ru,math,8,,олимпиадные листки,задачи,vseros2017f2-8.pdf,deploy/материалы/mathus.ru
mathus.ru,math,,,олимпиадные листки,задачи,refraction.pdf,deploy/материалы/mathus.ru
mathus.ru,math,7,,олимпиадные листки,задачи,vp2026m7.pdf,deploy/материалы/mathus.ru
mathus.ru,math,11,,олимпиадные листки,задачи,Phystech2024Phys11v2.pdf,deploy/материалы/mathus.ru
mathus.ru,math,7,,олимпиадные листки,задачи,ITMO2015Math7.pdf,deploy/материалы/mathus.ru
mathus.ru,math,9,,олимпиадные листки,задачи,fizteh9m2013.pdf,deploy/материалы/mathus.ru
mathus.ru,math,7,,олимпиадные листки,задачи,Maxwell2021Z7.pdf,deploy/материалы/mathus.ru
mathus.ru,math,8,,олимпиадные листки,задачи,mmo2019-8.pdf,deploy/материалы/mathus.ru
mathus.ru,math,8,,олимпиадные листки,задачи,fizteh8m2013.pdf,deploy/материалы/mathus.ru
mathus.ru,math,11,,олимпиадные листки,задачи,fizteh2018f11v1.pdf,deploy/материалы/mathus.ru
mathus.ru,math,8,,олимпиадные листки,задачи,kurchatov2016f8.pdf,deploy/материалы/mathus.ru
mathus.ru,math,11,,олимпиадные листки,задачи,EH2020Phys11.pdf,deploy/материалы/mathus.ru
mathus.ru,math,7,,олимпиадные листки,задачи,VserosMath2023S7.pdf,deploy/материалы/mathus.ru
mathus.ru,math,11,,олимпиадные листки,задачи,vseros1998f11zon.pdf,deploy/материалы/mathus.ru
mathus.ru,math,,,олимпиадные листки,задачи,fizteh2009md.pdf,deploy/материалы/mathus.ru
mathus.ru,math,9,,олимпиадные листки,задачи,vseros2007f9fin.pdf,deploy/материалы/mathus.ru
mathus.ru,math,10,,олимпиадные листки,задачи,VserosMath2025Z10.pdf,deploy/материалы/mathus.ru
mathus.ru,math,10,,олимпиадные листки,задачи,VserosPhys2019M10.pdf,deploy/материалы/mathus.ru
mathus.ru,math,9,,олимпиадные листки,задачи,vseros2006f9fin.pdf,deploy/материалы/mathus.ru
mathus.ru,math,,,олимпиадные листки,задачи,ea4_minimax.pdf,deploy/материалы/mathus.ru
mathus.ru,math,,,олимпиадные листки,задачи,mechanism.pdf,deploy/материалы/mathus.ru
mathus.ru,math,,,олимпиадные листки,задачи,arhimed2019.pdf,deploy/материалы/mathus.ru
mathus.ru,math,,,олимпиадные листки,задачи,plavanie.pdf,deploy/материалы/mathus.ru
mathus.ru,math,,,олимпиадные листки,задачи,mm1995-03.pdf,deploy/материалы/mathus.ru
mathus.ru,math,11,,олимпиадные листки,задачи,Phystech2025Math11v1.pdf,deploy/материалы/mathus.ru
mathus.ru,math,,,олимпиадные листки,задачи,radecay.pdf,deploy/материалы/mathus.ru
mathus.ru,math,,,олимпиадные листки,задачи,arhimed2025.pdf,deploy/материалы/mathus.ru
mathus.ru,math,,,олимпиадные листки,задачи,zarabotu.pdf,deploy/материалы/mathus.ru
mathus.ru,math,11,,олимпиадные листки,задачи,vseros2017f2-11.pdf,deploy/материалы/mathus.ru
mathus.ru,math,11,,олимпиадные листки,задачи,turgor2015ob1011.pdf,deploy/материалы/mathus.ru
mathus.ru,math,11,,олимпиадные листки,задачи,pvg2014f10-11b6.pdf,deploy/материалы/mathus.ru
mathus.ru,math,11,,олимпиадные листки,задачи,vp2017m11.pdf,deploy/материалы/mathus.ru
mathus.ru,math,8,,олимпиадные листки,задачи,urnerbook.pdf,deploy/материалы/mathus.ru
mathus.ru,math,11,,олимпиадные листки,задачи,pvg2016m10-11sochi.pdf,deploy/материалы/mathus.ru
mathus.ru,math,10,,олимпиадные листки,задачи,Belchonok2022Math10v1.pdf,deploy/материалы/mathus.ru
mathus.ru,math,11,,олимпиадные листки,задачи,vseros2016f2-11.pdf,deploy/материалы/mathus.ru
mathus.ru,math,7,,олимпиадные листки,задачи,kurchatov2018f7.pdf,deploy/материалы/mathus.ru
mathus.ru,math,7,,олимпиадные листки,задачи,Kurchatov2019Math7.pdf,deploy/материалы/mathus.ru
mathus.ru,math,9,,олимпиадные листки,задачи,Phystech2023Math-otbor1-9.pdf,deploy/материалы/mathus.ru
mathus.ru,math,,,олимпиадные листки,задачи,integral-therm.pdf,deploy/материалы/mathus.ru
mathus.ru,math,9,,олимпиадные листки,задачи,Rosatom2019Math9.pdf,deploy/материалы/mathus.ru
mathus.ru,math,10,,олимпиадные листки,задачи,Phystech2026PhysOtbor10v2.pdf,deploy/материалы/mathus.ru
mathus.ru,math,,,олимпиадные листки,задачи,mm2006.pdf,deploy/материалы/mathus.ru
mathus.ru,math,11,,олимпиадные листки,задачи,turgor2016os1011.pdf,deploy/материалы/mathus.ru
mathus.ru,math,9,,олимпиадные листки,задачи,Rosatom2018Math9.pdf,deploy/материалы/mathus.ru
mathus.ru,math,11,,олимпиадные листки,задачи,EH2020Math11.pdf,deploy/материалы/mathus.ru
mathus.ru,math,5,,олимпиадные листки,задачи,VserosMath2021S5.pdf,deploy/материалы/mathus.ru
mathus.ru,math,11,,олимпиадные листки,задачи,pvg10-11m2014ufa.pdf,deploy/материалы/mathus.ru
mathus.ru,math,8,,олимпиадные листки,задачи,FETT2015Math8.pdf,deploy/материалы/mathus.ru
mathus.ru,math,,,олимпиадные листки,задачи,isopr.pdf,deploy/материалы/mathus.ru
mathus.ru,math,9,,олимпиадные листки,задачи,KFU2020Math9.pdf,deploy/материалы/mathus.ru
mathus.ru,math,7,,олимпиадные листки,задачи,MosPhys2026otbor7.pdf,deploy/материалы/mathus.ru
mathus.ru,math,10,,олимпиадные листки,задачи,mfo2011-10tur1.pdf,deploy/материалы/mathus.ru
mathus.ru,math,7,,олимпиадные листки,задачи,VserosMath2024M7.pdf,deploy/материалы/mathus.ru
mathus.ru,math,11,,олимпиадные листки,задачи,mfo2015-11tur0zaoch1.pdf,deploy/материалы/mathus.ru
mathus.ru,math,10,,олимпиадные листки,задачи,kurchatov2015m10.pdf,deploy/материалы/mathus.ru
mathus.ru,math,10,,олимпиадные листки,задачи,vp2021m10.pdf,deploy/материалы/mathus.ru
mathus.ru,math,9,,олимпиадные листки,задачи,KFU2021Math9.pdf,deploy/материалы/mathus.ru
mathus.ru,math,11,,олимпиадные листки,задачи,mmo2025c11.pdf,deploy/материалы/mathus.ru
mathus.ru,math,8,,олимпиадные листки,задачи,Belchonok2024Math8v2.pdf,deploy/материалы/mathus.ru
mathus.ru,math,9,,олимпиадные листки,задачи,SVB2024PhysOtbor9v2.pdf,deploy/материалы/mathus.ru
mathus.ru,math,10,,олимпиадные листки,задачи,rosatom2011f10.pdf,deploy/материалы/mathus.ru
mathus.ru,math,,,олимпиадные листки,задачи,ege19.pdf,deploy/материалы/mathus.ru
mathus.ru,math,,,олимпиадные листки,задачи,vratela.pdf,deploy/материалы/mathus.ru
mathus.ru,math,9,,олимпиадные листки,задачи,mfo2018-9tur0zaoch.pdf,deploy/материалы/mathus.ru
mathus.ru,math,11,,олимпиадные листки,задачи,Phystech2025MathOtbor11v2.pdf,deploy/материалы/mathus.ru
mathus.ru,math,8,,олимпиадные листки,задачи,BIBN2017Phys8.pdf,deploy/материалы/mathus.ru
mathus.ru,math,,,олимпиадные листки,задачи,tl2010mat.pdf,deploy/материалы/mathus.ru
mathus.ru,math,8,,олимпиадные листки,задачи,mfo2009-8tur1.pdf,deploy/материалы/mathus.ru
mathus.ru,math,10,,олимпиадные листки,задачи,vseros1997f10zon.pdf,deploy/материалы/mathus.ru
mathus.ru,math,,,олимпиадные листки,задачи,plozer.pdf,deploy/материалы/mathus.ru
mathus.ru,math,8,,олимпиадные листки,задачи,BIBN2016Phys8.pdf,deploy/материалы/mathus.ru
mathus.ru,math,,,олимпиадные листки,задачи,diod.pdf,deploy/материалы/mathus.ru
mathus.ru,math,7,,олимпиадные листки,задачи,mfo2006-7.pdf,deploy/материалы/mathus.ru
mathus.ru,math,11,,олимпиадные листки,задачи,SAMMAT2023-11.pdf,deploy/материалы/mathus.ru
mathus.ru,math,,,олимпиадные листки,задачи,logner.pdf,deploy/материалы/mathus.ru
mathus.ru,math,7,,олимпиадные листки,задачи,maxwell2016t7.pdf,deploy/материалы/mathus.ru
mathus.ru,math,,,олимпиадные листки,задачи,Euler2025Otbor2.pdf,deploy/материалы/mathus.ru
mathus.ru,math,8,,олимпиадные листки,задачи,Maxwell2024R8.pdf,deploy/материалы/mathus.ru
mathus.ru,math,11,,олимпиадные листки,задачи,FETT2018Math11.pdf,deploy/материалы/mathus.ru
mathus.ru,math,10,,олимпиадные листки,задачи,VserosPhys2026Z10.pdf,deploy/материалы/mathus.ru
mathus.ru,math,6,,олимпиадные листки,задачи,mp2015-6.pdf,deploy/материалы/mathus.ru
mathus.ru,math,6,,олимпиадные листки,задачи,Kurchatov2026Math6.pdf,deploy/материалы/mathus.ru
mathus.ru,math,11,,олимпиадные листки,задачи,fizteh2015m11v1.pdf,deploy/материалы/mathus.ru
mathus.ru,math,8,,олимпиадные листки,задачи,Rosatom2026Math8.pdf,deploy/материалы/mathus.ru
mathus.ru,math,11,,олимпиадные листки,задачи,vseros2002f11fin.pdf,deploy/материалы/mathus.ru
mathus.ru,math,11,,олимпиадные листки,задачи,PVG2025Phys11.pdf,deploy/материалы/mathus.ru
mathus.ru,math,11,,олимпиадные листки,задачи,Lom2018Phys1011.pdf,deploy/материалы/mathus.ru
mathus.ru,math,,,олимпиадные листки,задачи,mehavol.pdf,deploy/материалы/mathus.ru
mathus.ru,math,8,,олимпиадные листки,задачи,Maxwell2019R8.pdf,deploy/материалы/mathus.ru
mathus.ru,math,10,,олимпиадные листки,задачи,Rosatom2021Phys10v1.pdf,deploy/материалы/mathus.ru
mathus.ru,math,8,,олимпиадные листки,задачи,PVG2020Math78a.pdf,deploy/материалы/mathus.ru
mathus.ru,math,7,,олимпиадные листки,задачи,VserosPhys2025S7.pdf,deploy/материалы/mathus.ru
mathus.ru,math,7,,олимпиадные листки,задачи,ITMO2023Phys7.pdf,deploy/материалы/mathus.ru
mathus.ru,math,10,,олимпиадные листки,задачи,mfo2018-10tur0och.pdf,deploy/материалы/mathus.ru
mathus.ru,math,10,,олимпиадные листки,задачи,VserosPhys2021R10.pdf,deploy/материалы/mathus.ru
mathus.ru,math,10,,олимпиадные листки,задачи,KFU2019Phys10v1.pdf,deploy/материалы/mathus.ru
mathus.ru,math,10,,олимпиадные листки,задачи,Phystech2019Phys10v2.pdf,deploy/материалы/mathus.ru
mathus.ru,math,11,,олимпиадные листки,задачи,VserosPhys2023M11.pdf,deploy/материалы/mathus.ru
mathus.ru,math,8,,олимпиадные листки,задачи,mfo2010-8tur2.pdf,deploy/материалы/mathus.ru
mathus.ru,math,9,,олимпиадные листки,задачи,fizteh-online2018f9.pdf,deploy/материалы/mathus.ru
mathus.ru,math,,,олимпиадные листки,задачи,mm2003-05.pdf,deploy/материалы/mathus.ru
mathus.ru,math,10,,олимпиадные листки,задачи,SVB2024Math10.pdf,deploy/материалы/mathus.ru
mathus.ru,math,7,,олимпиадные листки,задачи,VserosMath2019M7.pdf,deploy/материалы/mathus.ru
mathus.ru,math,11,,олимпиадные листки,задачи,VserosMath2024S11.pdf,deploy/материалы/mathus.ru
mathus.ru,math,,,олимпиадные листки,задачи,rays.pdf,deploy/материалы/mathus.ru
mathus.ru,math,,,олимпиадные листки,задачи,rsosh_100_2025.pdf,deploy/материалы/mathus.ru
mathus.ru,math,10,,олимпиадные листки,задачи,ommo2016-9-10.pdf,deploy/материалы/mathus.ru
mathus.ru,math,10,,олимпиадные листки,задачи,Rosatom2020Math10v2.pdf,deploy/материалы/mathus.ru
mathus.ru,math,,,олимпиадные листки,задачи,mikel.pdf,deploy/материалы/mathus.ru
mathus.ru,math,10,,олимпиадные листки,задачи,Vsesib2025Phys10.pdf,deploy/материалы/mathus.ru
mathus.ru,math,11,,олимпиадные листки,задачи,mfo2014-11tur1.pdf,deploy/материалы/mathus.ru
mathus.ru,math,7,,олимпиадные листки,задачи,maxwell2017r7.pdf,deploy/материалы/mathus.ru
mathus.ru,math,,,олимпиадные листки,задачи,plotnokar.pdf,deploy/материалы/mathus.ru
mathus.ru,math,8,,олимпиадные листки,задачи,FETT2022Phys8.pdf,deploy/материалы/mathus.ru
mathus.ru,math,7,,олимпиадные листки,задачи,MosPhys2019tur1-7.pdf,deploy/материалы/mathus.ru
mathus.ru,math,,,олимпиадные листки,задачи,integral-geom.pdf,deploy/материалы/mathus.ru
mathus.ru,math,5,,олимпиадные листки,задачи,Belchonok2026Math5.pdf,deploy/материалы/mathus.ru
mathus.ru,math,11,,олимпиадные листки,задачи,VserosMath2020M11.pdf,deploy/материалы/mathus.ru
mathus.ru,math,8,,олимпиадные листки,задачи,vp2015m8.pdf,deploy/материалы/mathus.ru
mathus.ru,math,11,,олимпиадные листки,задачи,MosPhys2022otbor1tur11.pdf,deploy/материалы/mathus.ru
mathus.ru,math,8,,олимпиадные листки,задачи,FETT2023Phys8.pdf,deploy/материалы/mathus.ru
mathus.ru,math,11,,олимпиадные листки,задачи,PVG2025Math11.pdf,deploy/материалы/mathus.ru
mathus.ru,math,9,,олимпиадные листки,задачи,pvg2018f7-9b15.pdf,deploy/материалы/mathus.ru
mathus.ru,math,9,,олимпиадные листки,задачи,SVB2024Math9.pdf,deploy/материалы/mathus.ru
mathus.ru,math,7,,олимпиадные листки,задачи,VserosPhys2022M7.pdf,deploy/материалы/mathus.ru
mathus.ru,math,9,,олимпиадные листки,задачи,SVB2025Math9.pdf,deploy/материалы/mathus.ru
mathus.ru,math,,,олимпиадные листки,задачи,peremass.pdf,deploy/материалы/mathus.ru
mathus.ru,math,,,олимпиадные листки,задачи,Москва.pdf,deploy/материалы/mathus.ru
mathus.ru,math,9,,олимпиадные листки,задачи,rosatom2012f9.pdf,deploy/материалы/mathus.ru
mathus.ru,math,11,,олимпиадные листки,задачи,ITMO2019Math11.pdf,deploy/материалы/mathus.ru
mathus.ru,math,8,,олимпиадные листки,задачи,mmo2024-8.pdf,deploy/материалы/mathus.ru
mathus.ru,math,10,,олимпиадные листки,задачи,fizteh-online2016m10.pdf,deploy/материалы/mathus.ru
mathus.ru,math,8,,олимпиадные листки,задачи,EH2025Math8.pdf,deploy/материалы/mathus.ru
mathus.ru,math,8,,олимпиадные листки,задачи,BIBN2020Math8.pdf,deploy/материалы/mathus.ru
mathus.ru,math,6,,олимпиадные листки,задачи,vseros2015m1-6.pdf,deploy/материалы/mathus.ru
mathus.ru,math,8,,олимпиадные листки,задачи,pvg2016m7-8v2a.pdf,deploy/материалы/mathus.ru
mathus.ru,math,10,,олимпиадные листки,задачи,SVB2024Phys10.pdf,deploy/материалы/mathus.ru
mathus.ru,math,9,,олимпиадные листки,задачи,SVB2025MathOtbor9v1.pdf,deploy/материалы/mathus.ru
mathus.ru,math,10,,олимпиадные листки,задачи,Rosatom2017Math10.pdf,deploy/материалы/mathus.ru
mathus.ru,math,,,олимпиадные листки,задачи,mmzt14.pdf,deploy/материалы/mathus.ru
mathus.ru,math,8,,олимпиадные листки,задачи,BIBN2021Math8.pdf,deploy/материалы/mathus.ru
mathus.ru,math,10,,олимпиадные листки,задачи,Vsesib2025Math10.pdf,deploy/материалы/mathus.ru
mathus.ru,math,7,,олимпиадные листки,задачи,ustn2013-7.pdf,deploy/материалы/mathus.ru
mathus.ru,math,10,,олимпиадные листки,задачи,VserosMath2022R10.pdf,deploy/материалы/mathus.ru
mathus.ru,math,,,олимпиадные листки,задачи,Euler2010Otbor3.pdf,deploy/материалы/mathus.ru
mathus.ru,math,,,олимпиадные листки,задачи,mm1999-03.pdf,deploy/материалы/mathus.ru
mathus.ru,math,8,,олимпиадные листки,задачи,EH2024Math8.pdf,deploy/материалы/mathus.ru
mathus.ru,math,,,олимпиадные листки,задачи,vosh.pdf,deploy/материалы/mathus.ru
mathus.ru,math,10,,олимпиадные листки,задачи,VserosPhys2019R10.pdf,deploy/материалы/mathus.ru
mathus.ru,math,11,,олимпиадные листки,задачи,vseros2010f4-11.pdf,deploy/материалы/mathus.ru
mathus.ru,math,11,,олимпиадные листки,задачи,MosPhys2023tur1-11.pdf,deploy/материалы/mathus.ru
mathus.ru,math,11,,олимпиадные листки,задачи,Rosatom2018Math11v3.pdf,deploy/материалы/mathus.ru
mathus.ru,math,,,олимпиадные листки,задачи,floor.pdf,deploy/материалы/mathus.ru
mathus.ru,math,11,,олимпиадные листки,задачи,MosPhys2026c11.pdf,deploy/материалы/mathus.ru
mathus.ru,math,9,,олимпиадные листки,задачи,vseros2018m1-9.pdf,deploy/материалы/mathus.ru
mathus.ru,math,11,,олимпиадные листки,задачи,vseros2011f4-11.pdf,deploy/материалы/mathus.ru
mathus.ru,math,7,,олимпиадные листки,задачи,mfo2014-7tur0zaoch3.pdf,deploy/материалы/mathus.ru
mathus.ru,math,11,,олимпиадные листки,задачи,PVG2019Phys1011b8.pdf,deploy/материалы/mathus.ru
mathus.ru,math,10,,олимпиадные листки,задачи,vp2015m10.pdf,deploy/материалы/mathus.ru
mathus.ru,math,8,,олимпиадные листки,задачи,Kurchatov2023Math8.pdf,deploy/материалы/mathus.ru
mathus.ru,math,10,,олимпиадные листки,задачи,SVB2019Math10v2.pdf,deploy/материалы/mathus.ru
mathus.ru,math,7,,олимпиадные листки,задачи,maxwell2012t7.pdf,deploy/материалы/mathus.ru
mathus.ru,math,,,олимпиадные листки,задачи,sumprod.pdf,deploy/материалы/mathus.ru
mathus.ru,math,8,,олимпиадные листки,задачи,Belchonok2021Math8v3.pdf,deploy/материалы/mathus.ru
mathus.ru,math,8,,олимпиадные листки,задачи,pvg2016m7-8v3a.pdf,deploy/материалы/mathus.ru
mathus.ru,math,,,олимпиадные листки,задачи,mm1999-07.pdf,deploy/материалы/mathus.ru
mathus.ru,math,8,,олимпиадные листки,задачи,Maxwell2020R8.pdf,deploy/материалы/mathus.ru
mathus.ru,math,,,олимпиадные листки,задачи,LogVUN.pdf,deploy/материалы/mathus.ru
mathus.ru,math,8,,олимпиадные листки,задачи,Kurchatov2022Math8.pdf,deploy/материалы/mathus.ru
mathus.ru,math,6,,олимпиадные листки,задачи,mp2011-6.pdf,deploy/материалы/mathus.ru
mathus.ru,math,11,,олимпиадные листки,задачи,fizteh-online2018m11.pdf,deploy/материалы/mathus.ru
mathus.ru,math,11,,олимпиадные листки,задачи,fizteh2011f11d.pdf,deploy/материалы/mathus.ru
mathus.ru,math,,,олимпиадные листки,задачи,Euler2023Otbor1.pdf,deploy/материалы/mathus.ru
mathus.ru,math,10,,олимпиадные листки,задачи,BIBN2024Math10.pdf,deploy/материалы/mathus.ru
mathus.ru,math,8,,олимпиадные листки,задачи,SVB2020Math8v2.pdf,deploy/материалы/mathus.ru
mathus.ru,math,5,,олимпиадные листки,задачи,VserosMath2025S5.pdf,deploy/материалы/mathus.ru
mathus.ru,math,7,,олимпиадные листки,задачи,VserosMath2020M7.pdf,deploy/материалы/mathus.ru
mathus.ru,math,5,,олимпиадные листки,задачи,Belchonok2020Math5v2.pdf,deploy/материалы/mathus.ru
mathus.ru,math,8,,олимпиадные листки,задачи,Lom2025Math78.pdf,deploy/материалы/mathus.ru
mathus.ru,math,9,,олимпиадные листки,задачи,Belchonok2023Math9v1.pdf,deploy/материалы/mathus.ru
mathus.ru,math,7,,олимпиадные листки,задачи,fizteh-lyc2015f7.pdf,deploy/материалы/mathus.ru
mathus.ru,math,7,,олимпиадные листки,задачи,lom7m2011.pdf,deploy/материалы/mathus.ru
mathus.ru,math,11,,олимпиадные листки,задачи,Belchonok2021Math11v2.pdf,deploy/материалы/mathus.ru
mathus.ru,math,,,олимпиадные листки,задачи,fizteh2010mv.pdf,deploy/материалы/mathus.ru
mathus.ru,math,,,олимпиадные листки,задачи,MIPTmath1998v1.pdf,deploy/материалы/mathus.ru
mathus.ru,math,9,,олимпиадные листки,задачи,SAMMAT2022-9.pdf,deploy/материалы/mathus.ru
mathus.ru,math,,,олимпиадные листки,задачи,davlenie.pdf,deploy/материалы/mathus.ru
mathus.ru,math,,,олимпиадные листки,задачи,gidrop.pdf,deploy/материалы/mathus.ru
mathus.ru,math,6,,олимпиадные листки,задачи,Belchonok2022Math6v2.pdf,deploy/материалы/mathus.ru
mathus.ru,math,10,,олимпиадные листки,задачи,Phystech2026Math10v2.pdf,deploy/материалы/mathus.ru
mathus.ru,math,7,,олимпиадные листки,задачи,vseros2014m1-7.pdf,deploy/материалы/mathus.ru
mathus.ru,math,11,,олимпиадные листки,задачи,VserosPhys2024Z11.pdf,deploy/материалы/mathus.ru
mathus.ru,math,9,,олимпиадные листки,задачи,fizteh2017m9v1.pdf,deploy/материалы/mathus.ru
mathus.ru,math,,,олимпиадные листки,задачи,gmt.pdf,deploy/материалы/mathus.ru
mathus.ru,math,9,,олимпиадные листки,задачи,Phystech2022Phys9v1.pdf,deploy/материалы/mathus.ru
mathus.ru,math,9,,олимпиадные листки,задачи,kurchatov2015m9.pdf,deploy/материалы/mathus.ru
mathus.ru,math,7,,олимпиадные листки,задачи,vp2022m7.pdf,deploy/материалы/mathus.ru
mathus.ru,math,6,,олимпиадные листки,задачи,EH2020Math6.pdf,deploy/материалы/mathus.ru
mathus.ru,math,9,,олимпиадные листки,задачи,PVG2019Phys79b18.pdf,deploy/материалы/mathus.ru
mathus.ru,math,7,,олимпиадные листки,задачи,Maxwell2025Z7.pdf,deploy/материалы/mathus.ru
mathus.ru,math,6,,олимпиадные листки,задачи,EH2021Math6.pdf,deploy/материалы/mathus.ru
mathus.ru,math,10,,олимпиадные листки,задачи,BIBN2024Phys10.pdf,deploy/материалы/mathus.ru
mathus.ru,math,,,олимпиадные листки,задачи,count2ways.pdf,deploy/материалы/mathus.ru
mathus.ru,math,10,,олимпиадные листки,задачи,SVB2025MathOtbor10v1.pdf,deploy/материалы/mathus.ru
mathus.ru,math,9,,олимпиадные листки,задачи,MVO2015Math9.pdf,deploy/материалы/mathus.ru
mathus.ru,math,8,,олимпиадные листки,задачи,Vsesib2017Phys8.pdf,deploy/материалы/mathus.ru
mathus.ru,math,11,,олимпиадные листки,задачи,vp2023m11.pdf,deploy/материалы/mathus.ru
mathus.ru,math,8,,олимпиадные листки,задачи,Vsesib2016Phys8.pdf,deploy/материалы/mathus.ru
mathus.ru,math,11,,олимпиадные листки,задачи,kurchatov2017m11.pdf,deploy/материалы/mathus.ru
mathus.ru,math,11,,олимпиадные листки,задачи,vseros1993f11zon.pdf,deploy/материалы/mathus.ru
mathus.ru,math,10,,олимпиадные листки,задачи,fizteh2015f10v3.pdf,deploy/материалы/mathus.ru
mathus.ru,math,6,,олимпиадные листки,задачи,Belchonok2018Math6v1.pdf,deploy/материалы/mathus.ru
mathus.ru,math,10,,олимпиадные листки,задачи,VserosPhys2021M10.pdf,deploy/материалы/mathus.ru
mathus.ru,math,10,,олимпиадные листки,задачи,Kurchatov2023Math10.pdf,deploy/материалы/mathus.ru
mathus.ru,math,9,,олимпиадные листки,задачи,vseros2015f3-9.pdf,deploy/материалы/mathus.ru
mathus.ru,math,9,,олимпиадные листки,задачи,rosatom2016f9.pdf,deploy/материалы/mathus.ru
mathus.ru,math,10,,олимпиадные листки,задачи,MVO2019Math10.pdf,deploy/материалы/mathus.ru
mathus.ru,math,9,,олимпиадные листки,задачи,Phystech2025PhysOtbor9v1.pdf,deploy/материалы/mathus.ru
mathus.ru,math,8,,олимпиадные листки,задачи,mmo2020-8.pdf,deploy/материалы/mathus.ru
mathus.ru,math,10,,олимпиадные листки,задачи,SVB2023Math10otbor.pdf,deploy/материалы/mathus.ru
mathus.ru,math,11,,олимпиадные листки,задачи,MosPhys2026otbor11.pdf,deploy/материалы/mathus.ru
mathus.ru,math,7,,олимпиадные листки,задачи,ustn2017-7.pdf,deploy/материалы/mathus.ru
mathus.ru,math,11,,олимпиадные листки,задачи,SVB2023Math11otbor.pdf,deploy/материалы/mathus.ru
mathus.ru,math,10,,олимпиадные листки,задачи,FETT2026Math10.pdf,deploy/материалы/mathus.ru
mathus.ru,math,,,олимпиадные листки,задачи,razbipg.pdf,deploy/материалы/mathus.ru
mathus.ru,math,,,олимпиадные листки,задачи,euler2017r.pdf,deploy/материалы/mathus.ru
mathus.ru,math,10,,олимпиадные листки,задачи,VserosMath2026S10.pdf,deploy/материалы/mathus.ru
mathus.ru,math,,,олимпиадные листки,задачи,ege17a.pdf,deploy/материалы/mathus.ru
mathus.ru,math,10,,олимпиадные листки,задачи,vseros2006f10fin.pdf,deploy/материалы/mathus.ru
mathus.ru,math,,,олимпиадные листки,задачи,ege21.pdf,deploy/материалы/mathus.ru
mathus.ru,math,,,олимпиадные листки,задачи,vgspace.pdf,deploy/материалы/mathus.ru
mathus.ru,math,9,,олимпиадные листки,задачи,vseros2016f2-9.pdf,deploy/материалы/mathus.ru
mathus.ru,math,,,олимпиадные листки,задачи,graphs-count.pdf,deploy/материалы/mathus.ru
mathus.ru,math,7,,олимпиадные листки,задачи,mp2008-7.pdf,deploy/материалы/mathus.ru
mathus.ru,math,11,,олимпиадные листки,задачи,VserosPhys2023R11.pdf,deploy/материалы/mathus.ru
mathus.ru,math,,,олимпиадные листки,задачи,msuArea.pdf,deploy/материалы/mathus.ru
mathus.ru,math,7,,олимпиадные листки,задачи,VserosPhys2026M7.pdf,deploy/материалы/mathus.ru
mathus.ru,math,11,,олимпиадные листки,задачи,MosPhys2023otbor1tur11.pdf,deploy/материалы/mathus.ru
mathus.ru,math,10,,олимпиадные листки,задачи,Kurchatov2023Phys10.pdf,deploy/материалы/mathus.ru
mathus.ru,math,,,олимпиадные листки,задачи,isslefun.pdf,deploy/материалы/mathus.ru
mathus.ru,math,10,,олимпиадные листки,задачи,MVO2019Phys10.pdf,deploy/материалы/mathus.ru
mathus.ru,math,7,,олимпиадные листки,задачи,KFU2025Math7.pdf,deploy/материалы/mathus.ru
mathus.ru,math,11,,олимпиадные листки,задачи,Rosatom2023Math11v1.pdf,deploy/материалы/mathus.ru
mathus.ru,math,7,,олимпиадные листки,задачи,MosPhys2019tur0zaoch7.pdf,deploy/материалы/mathus.ru
mathus.ru,math,7,,олимпиадные листки,задачи,mp1999-7.pdf,deploy/материалы/mathus.ru
mathus.ru,math,7,,олимпиадные листки,задачи,KFU2024Math7.pdf,deploy/материалы/mathus.ru
mathus.ru,math,10,,олимпиадные листки,задачи,vp2019m10.pdf,deploy/материалы/mathus.ru
mathus.ru,math,11,,олимпиадные листки,задачи,mfo2017-11tur0och.pdf,deploy/материалы/mathus.ru
mathus.ru,math,10,,олимпиадные листки,задачи,MosPhys2022tur2-10.pdf,deploy/материалы/mathus.ru
mathus.ru,math,,,олимпиадные листки,задачи,nucleus.pdf,deploy/материалы/mathus.ru
mathus.ru,math,,,олимпиадные листки,задачи,mm1995-07.pdf,deploy/материалы/mathus.ru
mathus.ru,math,7,,олимпиадные листки,задачи,vseros2009f3-7.pdf,deploy/материалы/mathus.ru
mathus.ru,math,11,,олимпиадные листки,задачи,VserosMath2020R11.pdf,deploy/материалы/mathus.ru
mathus.ru,math,10,,олимпиадные листки,задачи,VP2022Phys10.pdf,deploy/материалы/mathus.ru
mathus.ru,math,10,,олимпиадные листки,задачи,mfo2008-10tur1.pdf,deploy/материалы/mathus.ru
mathus.ru,math,7,,олимпиадные листки,задачи,fizteh-online2015m7.pdf,deploy/материалы/mathus.ru
mathus.ru,math,,,олимпиадные листки,задачи,Euler2009Otbor4.pdf,deploy/материалы/mathus.ru
mathus.ru,math,,,олимпиадные листки,задачи,sm.pdf,deploy/материалы/mathus.ru
mathus.ru,math,11,,олимпиадные листки,задачи,pvg2014f10-11b2.pdf,deploy/материалы/mathus.ru
mathus.ru,math,,,олимпиадные листки,задачи,magnipotok.pdf,deploy/материалы/mathus.ru
mathus.ru,math,,,олимпиадные листки,задачи,arhimed2021.pdf,deploy/материалы/mathus.ru
mathus.ru,math,11,,олимпиадные листки,задачи,lom2015m10-11.pdf,deploy/материалы/mathus.ru
mathus.ru,math,10,,олимпиадные листки,задачи,FETT2026Phys10.pdf,deploy/материалы/mathus.ru
mathus.ru,math,8,,олимпиадные листки,задачи,MosPhys2023tur2-8.pdf,deploy/материалы/mathus.ru
mathus.ru,math,9,,олимпиадные листки,задачи,MVO2022Phys9.pdf,deploy/материалы/mathus.ru
mathus.ru,math,10,,олимпиадные листки,задачи,VserosMath2022M10.pdf,deploy/материалы/mathus.ru
mathus.ru,math,8,,олимпиадные листки,задачи,Vsesib2020Math8.pdf,deploy/материалы/mathus.ru
mathus.ru,math,11,,олимпиадные листки,задачи,InnopolisOpen2020Math11.pdf,deploy/материалы/mathus.ru
mathus.ru,math,,,олимпиадные листки,задачи,isoprocesses.pdf,deploy/материалы/mathus.ru
mathus.ru,math,9,,олимпиадные листки,задачи,MVO2023Phys9.pdf,deploy/материалы/mathus.ru
mathus.ru,math,7,,олимпиадные листки,задачи,nodinok.pdf,deploy/материалы/mathus.ru
mathus.ru,math,9,,олимпиадные листки,задачи,Belchonok2019Math9v2.pdf,deploy/материалы/mathus.ru
mathus.ru,math,11,,олимпиадные листки,задачи,Rosatom2022Phys11v2.pdf,deploy/материалы/mathus.ru
mathus.ru,math,8,,олимпиадные листки,задачи,Vsesib2021Math8.pdf,deploy/материалы/mathus.ru
mathus.ru,math,8,,олимпиадные листки,задачи,mfo2016-8tur1.pdf,deploy/материалы/mathus.ru
mathus.ru,math,10,,олимпиадные листки,задачи,MissVip2019Math10.pdf,deploy/материалы/mathus.ru
mathus.ru,math,,,олимпиадные листки,задачи,vzv.pdf,deploy/материалы/mathus.ru
mathus.ru,math,9,,олимпиадные листки,задачи,turgor2016vb89.pdf,deploy/материалы/mathus.ru
mathus.ru,math,11,,олимпиадные листки,задачи,MissVip2023Math11v2.pdf,deploy/материалы/mathus.ru
mathus.ru,math,10,,олимпиадные листки,задачи,VserosPhys2025S10.pdf,deploy/материалы/mathus.ru
mathus.ru,math,7,,олимпиадные листки,задачи,VserosPhys2021S7.pdf,deploy/материалы/mathus.ru
mathus.ru,math,11,,олимпиадные листки,задачи,VserosPhys2025S11.pdf,deploy/материалы/mathus.ru
mathus.ru,math,7,,олимпиадные листки,задачи,EH2016Phys7.pdf,deploy/материалы/mathus.ru
mathus.ru,math,11,,олимпиадные листки,задачи,fizteh2018f11v4.pdf,deploy/материалы/mathus.ru
mathus.ru,math,9,,олимпиадные листки,задачи,vseros2005f9okr.pdf,deploy/материалы/mathus.ru
mathus.ru,math,,,олимпиадные листки,задачи,estex.pdf,deploy/материалы/mathus.ru
mathus.ru,math,7,,олимпиадные листки,задачи,EH2017Phys7.pdf,deploy/материалы/mathus.ru
mathus.ru,math,11,,олимпиадные листки,задачи,mfo2011-11tur1.pdf,deploy/материалы/mathus.ru
mathus.ru,math,8,,олимпиадные листки,задачи,SVB2025PhysOtbor8v2.pdf,deploy/материалы/mathus.ru
mathus.ru,math,11,,олимпиадные листки,задачи,MissVip2019Math11.pdf,deploy/материалы/mathus.ru
mathus.ru,math,9,,олимпиадные листки,задачи,vseros2004f9okr.pdf,deploy/материалы/mathus.ru
mathus.ru,math,,,олимпиадные листки,задачи,fizteh2009mv.pdf,deploy/материалы/mathus.ru
mathus.ru,math,11,,олимпиадные листки,задачи,rosatom2013f11obn.pdf,deploy/материалы/mathus.ru
mathus.ru,math,5,,олимпиадные листки,задачи,FETT2025Math5.pdf,deploy/материалы/mathus.ru
mathus.ru,math,9,,олимпиадные листки,задачи,Vsesib2021Math9.pdf,deploy/материалы/mathus.ru
mathus.ru,math,11,,олимпиадные листки,задачи,Rosatom2022Phys11v3.pdf,deploy/материалы/mathus.ru
mathus.ru,math,9,,олимпиадные листки,задачи,Belchonok2019Math9v3.pdf,deploy/материалы/mathus.ru
mathus.ru,math,11,,олимпиадные листки,задачи,VserosMath2022M11.pdf,deploy/материалы/mathus.ru
mathus.ru,math,,,олимпиадные листки,задачи,combun1.pdf,deploy/материалы/mathus.ru
mathus.ru,math,10,,олимпиадные листки,задачи,InnopolisOpen2020Math10.pdf,deploy/материалы/mathus.ru
mathus.ru,math,5,,олимпиадные листки,задачи,FETT2024Math5.pdf,deploy/материалы/mathus.ru
mathus.ru,math,,,олимпиадные листки,задачи,trigarc.pdf,deploy/материалы/mathus.ru
mathus.ru,math,9,,олимпиадные листки,задачи,Vsesib2020Math9.pdf,deploy/материалы/mathus.ru
mathus.ru,math,11,,олимпиадные листки,задачи,pvg2014f10-11b3.pdf,deploy/материалы/mathus.ru
mathus.ru,math,10,,олимпиадные листки,задачи,SVB2022Math10v1.pdf,deploy/материалы/mathus.ru
mathus.ru,math,9,,олимпиадные листки,задачи,MosPhys2023tur2-9.pdf,deploy/материалы/mathus.ru
mathus.ru,math,11,,олимпиадные листки,задачи,FETT2026Phys11.pdf,deploy/материалы/mathus.ru
mathus.ru,math,,,олимпиадные листки,задачи,arhimed2020.pdf,deploy/материалы/mathus.ru
mathus.ru,math,9,,олимпиадные листки,задачи,SVB2018Math9v2.pdf,deploy/материалы/mathus.ru
mathus.ru,math,,,олимпиадные листки,задачи,even.pdf,deploy/материалы/mathus.ru
mathus.ru,math,10,,олимпиадные листки,задачи,VserosMath2020R10.pdf,deploy/материалы/mathus.ru
mathus.ru,math,10,,олимпиадные листки,задачи,Belchonok2022Math10v4.pdf,deploy/материалы/mathus.ru
mathus.ru,math,4,,олимпиадные листки,задачи,VserosMath2018S4.pdf,deploy/материалы/mathus.ru
mathus.ru,math,11,,олимпиадные листки,задачи,VP2022Phys11.pdf,deploy/материалы/mathus.ru
mathus.ru,math,11,,олимпиадные листки,задачи,MosPhys2022tur2-11.pdf,deploy/материалы/mathus.ru
mathus.ru,math,6,,олимпиадные листки,задачи,KFU2024Math6.pdf,deploy/материалы/mathus.ru
mathus.ru,math,11,,олимпиадные листки,задачи,vp2019m11.pdf,deploy/материалы/mathus.ru
mathus.ru,math,6,,олимпиадные листки,задачи,mp1999-6.pdf,deploy/материалы/mathus.ru
mathus.ru,math,9,,олимпиадные листки,задачи,MissVip2020Math9.pdf,deploy/материалы/mathus.ru
mathus.ru,math,6,,олимпиадные листки,задачи,KFU2025Math6.pdf,deploy/материалы/mathus.ru
mathus.ru,math,11,,олимпиадные листки,задачи,MVO2019Phys11.pdf,deploy/материалы/mathus.ru
mathus.ru,math,11,,олимпиадные листки,задачи,Kurchatov2023Phys11.pdf,deploy/материалы/mathus.ru
mathus.ru,math,,,олимпиадные листки,задачи,teorema-turana.pdf,deploy/материалы/mathus.ru
mathus.ru,math,9,,олимпиадные листки,задачи,MissVip2021Math9.pdf,deploy/материалы/mathus.ru
mathus.ru,math,9,,олимпиадные листки,задачи,mfo2009-9tur1.pdf,deploy/материалы/mathus.ru
mathus.ru,math,9,,олимпиадные листки,задачи,mfo2018-9tur0och.pdf,deploy/материалы/mathus.ru
mathus.ru,math,,,олимпиадные листки,задачи,atnuc.pdf,deploy/материалы/mathus.ru
mathus.ru,math,,,олимпиадные листки,задачи,planilom.pdf,deploy/материалы/mathus.ru
mathus.ru,math,10,,олимпиадные листки,задачи,MosPhys2023otbor1tur10.pdf,deploy/материалы/mathus.ru
mathus.ru,math,9,,олимпиадные листки,задачи,9math2023.pdf,deploy/материалы/mathus.ru
mathus.ru,math,,,олимпиадные листки,задачи,teploma.pdf,deploy/материалы/mathus.ru
mathus.ru,math,,,олимпиадные листки,задачи,Stereometry_MSU.pdf,deploy/материалы/mathus.ru
mathus.ru,math,6,,олимпиадные листки,задачи,mp2008-6.pdf,deploy/материалы/mathus.ru
mathus.ru,math,,,олимпиадные листки,задачи,msuPokazUra.pdf,deploy/материалы/mathus.ru
mathus.ru,math,11,,олимпиадные листки,задачи,vseros1995f11fin.pdf,deploy/материалы/mathus.ru
mathus.ru,math,10,,олимпиадные листки,задачи,VserosPhys2023R10.pdf,deploy/материалы/mathus.ru
mathus.ru,math,,,олимпиадные листки,задачи,arhimed2016z.pdf,deploy/материалы/mathus.ru
mathus.ru,math,6,,олимпиадные листки,задачи,pvg2017m5-6v2b.pdf,deploy/материалы/mathus.ru
mathus.ru,math,9,,олимпиадные листки,задачи,vp2011m9.pdf,deploy/материалы/mathus.ru
mathus.ru,math,7,,олимпиадные листки,задачи,rosatom2018f7.pdf,deploy/материалы/mathus.ru
mathus.ru,math,10,,олимпиадные листки,задачи,rosatom2017f10v2.pdf,deploy/материалы/mathus.ru
mathus.ru,math,,,олимпиадные листки,задачи,silatren.pdf,deploy/материалы/mathus.ru
mathus.ru,math,,,олимпиадные листки,задачи,Euler2016Otbor1.pdf,deploy/материалы/mathus.ru
mathus.ru,math,,,олимпиадные листки,задачи,ege20.pdf,deploy/материалы/mathus.ru
mathus.ru,math,8,,олимпиадные листки,задачи,vseros2016f2-8.pdf,deploy/материалы/mathus.ru
mathus.ru,math,,,олимпиадные листки,задачи,KTKU.pdf,deploy/материалы/mathus.ru
mathus.ru,math,,,олимпиадные листки,задачи,mm2001-05.pdf,deploy/материалы/mathus.ru
mathus.ru,math,11,,олимпиадные листки,задачи,FETT2026Math11.pdf,deploy/материалы/mathus.ru
mathus.ru,math,6,,олимпиадные листки,задачи,ustn2017-6.pdf,deploy/материалы/mathus.ru
mathus.ru,math,11,,олимпиадные листки,задачи,VserosMath2026S11.pdf,deploy/материалы/mathus.ru
mathus.ru,math,10,,олимпиадные листки,задачи,MosPhys2026otbor10.pdf,deploy/материалы/mathus.ru
mathus.ru,math,6,,олимпиадные листки,задачи,Lom2023Math56.pdf,deploy/материалы/mathus.ru
mathus.ru,math,11,,олимпиадные листки,задачи,ommo2016-11.pdf,deploy/материалы/mathus.ru
mathus.ru,math,9,,олимпиадные листки,задачи,VserosMath2026Z9.pdf,deploy/материалы/mathus.ru
mathus.ru,math,,,олимпиадные листки,задачи,parameter-necess.pdf,deploy/материалы/mathus.ru
mathus.ru,math,9,,олимпиадные листки,задачи,geom9mmo.pdf,deploy/материалы/mathus.ru
mathus.ru,math,9,,олимпиадные листки,задачи,mmo2020-9.pdf,deploy/материалы/mathus.ru
mathus.ru,math,10,,олимпиадные листки,задачи,fizteh2015f10v2.pdf,deploy/материалы/mathus.ru
mathus.ru,math,11,,олимпиадные листки,задачи,MVO2019Math11.pdf,deploy/материалы/mathus.ru
mathus.ru,math,8,,олимпиадные листки,задачи,rosatom2016f8.pdf,deploy/материалы/mathus.ru
mathus.ru,math,11,,олимпиадные листки,задачи,Kurchatov2023Math11.pdf,deploy/материалы/mathus.ru
mathus.ru,math,11,,олимпиадные листки,задачи,VserosPhys2021M11.pdf,deploy/материалы/mathus.ru
mathus.ru,math,,,олимпиадные листки,задачи,trigangles.pdf,deploy/материалы/mathus.ru
mathus.ru,math,9,,олимпиадные листки,задачи,Lom2025Phys79.pdf,deploy/материалы/mathus.ru
mathus.ru,math,7,,олимпиадные листки,задачи,Belchonok2020Math7v1.pdf,deploy/материалы/mathus.ru
mathus.ru,math,9,,олимпиадные листки,задачи,Vsesib2016Phys9.pdf,deploy/материалы/mathus.ru
mathus.ru,math,10,,олимпиадные листки,задачи,kurchatov2017m10.pdf,deploy/материалы/mathus.ru
mathus.ru,math,10,,олимпиадные листки,задачи,vseros2004f10okr.pdf,deploy/материалы/mathus.ru
mathus.ru,math,9,,олимпиадные листки,задачи,ussr1992f9fin.pdf,deploy/материалы/mathus.ru
mathus.ru,math,10,,олимпиадные листки,задачи,vp2023m10.pdf,deploy/материалы/mathus.ru
mathus.ru,math,,,олимпиадные листки,задачи,parameter-intro.pdf,deploy/материалы/mathus.ru
mathus.ru,math,9,,олимпиадные листки,задачи,Vsesib2017Phys9.pdf,deploy/материалы/mathus.ru
mathus.ru,math,10,,олимпиадные листки,задачи,rosatom2013f10.pdf,deploy/материалы/mathus.ru
mathus.ru,math,7,,олимпиадные листки,задачи,EH2021Math7.pdf,deploy/материалы/mathus.ru
mathus.ru,math,,,олимпиадные листки,задачи,logcalc.pdf,deploy/материалы/mathus.ru
mathus.ru,math,7,,олимпиадные листки,задачи,BIBN2024Math7.pdf,deploy/материалы/mathus.ru
mathus.ru,math,,,олимпиадные листки,задачи,eye.pdf,deploy/материалы/mathus.ru
mathus.ru,math,11,,олимпиадные листки,задачи,BIBN2024Phys11.pdf,deploy/материалы/mathus.ru
mathus.ru,math,7,,олимпиадные листки,задачи,BIBN2025Math7.pdf,deploy/материалы/mathus.ru
mathus.ru,math,,,олимпиадные листки,задачи,dailinet.pdf,deploy/материалы/mathus.ru
mathus.ru,math,9,,олимпиадные листки,задачи,PVG2019Phys79b19.pdf,deploy/материалы/mathus.ru
mathus.ru,math,7,,олимпиадные листки,задачи,EH2020Math7.pdf,deploy/материалы/mathus.ru
mathus.ru,math,,,олимпиадные листки,задачи,tables.pdf,deploy/материалы/mathus.ru
mathus.ru,math,8,,олимпиадные листки,задачи,SVB2024MathOtbor8v1.pdf,deploy/материалы/mathus.ru
mathus.ru,math,8,,олимпиадные листки,задачи,kurchatov2015m8.pdf,deploy/материалы/mathus.ru
mathus.ru,math,6,,олимпиадные листки,задачи,Belchonok2022Math6v3.pdf,deploy/материалы/mathus.ru
mathus.ru,math,8,,олимпиадные листки,задачи,PVG2021Math78.pdf,deploy/материалы/mathus.ru
mathus.ru,math,10,,олимпиадные листки,задачи,VserosPhys2024Z10.pdf,deploy/материалы/mathus.ru
mathus.ru,math,10,,олимпиадные листки,задачи,vseros2000f10zon.pdf,deploy/материалы/mathus.ru
mathus.ru,math,6,,олимпиадные листки,задачи,vseros2014m1-6.pdf,deploy/материалы/mathus.ru
mathus.ru,math,,,олимпиадные листки,задачи,tl2012mat.pdf,deploy/материалы/mathus.ru
mathus.ru,math,8,,олимпиадные листки,задачи,SAMMAT2022-8.pdf,deploy/материалы/mathus.ru
mathus.ru,math,,,олимпиадные листки,задачи,profact.pdf,deploy/материалы/mathus.ru
mathus.ru,math,8,,олимпиадные листки,задачи,mfo2017-8tur0zaoch.pdf,deploy/материалы/mathus.ru
mathus.ru,math,5,,олимпиадные листки,задачи,Belchonok2020Math5v3.pdf,deploy/материалы/mathus.ru
mathus.ru,math,,,олимпиадные листки,задачи,vvpp.pdf,deploy/материалы/mathus.ru
mathus.ru,math,,,олимпиадные листки,задачи,slau.pdf,deploy/материалы/mathus.ru
mathus.ru,math,4,,олимпиадные листки,задачи,VserosMath2025S4.pdf,deploy/материалы/mathus.ru
mathus.ru,math,11,,олимпиадные листки,задачи,Phystech2020Math11v1.pdf,deploy/материалы/mathus.ru
mathus.ru,math,7,,олимпиадные листки,задачи,maxwell2017f7.pdf,deploy/материалы/mathus.ru
mathus.ru,math,,,олимпиадные листки,задачи,splot.pdf,deploy/материалы/mathus.ru
mathus.ru,math,11,,олимпиадные листки,задачи,geom11mmo.pdf,deploy/материалы/mathus.ru
mathus.ru,math,11,,олимпиадные листки,задачи,BIBN2024Math11.pdf,deploy/материалы/mathus.ru
mathus.ru,math,11,,олимпиадные листки,задачи,Rosatom2019Phys11v1.pdf,deploy/материалы/mathus.ru
mathus.ru,math,9,,олимпиадные листки,задачи,Kurchatov2022Math9.pdf,deploy/материалы/mathus.ru
mathus.ru,math,10,,олимпиадные листки,задачи,mfo2014-10tur1.pdf,deploy/материалы/mathus.ru
mathus.ru,math,11,,олимпиадные листки,задачи,Phystech2021Phys11v2.pdf,deploy/материалы/mathus.ru
mathus.ru,math,,,олимпиадные листки,задачи,duality.pdf,deploy/материалы/mathus.ru
mathus.ru,math,7,,олимпиадные листки,задачи,Rosatom2022Math7.pdf,deploy/материалы/mathus.ru
mathus.ru,math,,,олимпиадные листки,задачи,emw.pdf,deploy/материалы/mathus.ru
mathus.ru,math,10,,олимпиадные листки,задачи,fizteh-online2018m10.pdf,deploy/материалы/mathus.ru
mathus.ru,math,7,,олимпиадные листки,задачи,mp2011-7.pdf,deploy/материалы/mathus.ru
mathus.ru,math,8,,олимпиадные листки,задачи,Belchonok2021Math8v2.pdf,deploy/материалы/mathus.ru
mathus.ru,math,10,,олимпиадные листки,задачи,SVB2019Math10v3.pdf,deploy/материалы/mathus.ru
mathus.ru,math,9,,олимпиадные листки,задачи,Kurchatov2023Math9.pdf,deploy/материалы/mathus.ru
mathus.ru,math,10,,олимпиадные листки,задачи,fizteh2018m10v2.pdf,deploy/материалы/mathus.ru
mathus.ru,math,11,,олимпиадные листки,задачи,vp2015m11.pdf,deploy/материалы/mathus.ru
mathus.ru,math,,,олимпиадные листки,задачи,geomextr.pdf,deploy/материалы/mathus.ru
mathus.ru,math,,,олимпиадные листки,задачи,skoriz.pdf,deploy/материалы/mathus.ru
mathus.ru,math,7,,олимпиадные листки,задачи,Rosatom2023Math7.pdf,deploy/материалы/mathus.ru
mathus.ru,math,8,,олимпиадные листки,задачи,vseros2018m1-8.pdf,deploy/материалы/mathus.ru
mathus.ru,math,10,,олимпиадные листки,задачи,MosPhys2026c10.pdf,deploy/материалы/mathus.ru
mathus.ru,math,9,,олимпиадные листки,задачи,mfo2010-9tur2.pdf,deploy/материалы/mathus.ru
mathus.ru,math,11,,олимпиадные листки,задачи,Rosatom2018Math11v2.pdf,deploy/материалы/mathus.ru
mathus.ru,math,,,олимпиадные листки,задачи,mm1997-03.pdf,deploy/материалы/mathus.ru
mathus.ru,math,7,,олимпиадные листки,задачи,mfo2014-7tur0zaoch2.pdf,deploy/материалы/mathus.ru
mathus.ru,math,10,,олимпиадные листки,задачи,vseros2011f4-10.pdf,deploy/материалы/mathus.ru
mathus.ru,math,9,,олимпиадные листки,задачи,SVB2022Math9v1.pdf,deploy/материалы/mathus.ru
mathus.ru,math,,,олимпиадные листки,задачи,Mpr2007-6.1.pdf,deploy/материалы/mathus.ru
mathus.ru,math,11,,олимпиадные листки,задачи,VserosPhys2019R11.pdf,deploy/материалы/mathus.ru
mathus.ru,math,10,,олимпиадные листки,задачи,vseros2010f4-10.pdf,deploy/материалы/mathus.ru
mathus.ru,math,10,,олимпиадные листки,задачи,mmo2016-10.pdf,deploy/материалы/mathus.ru
mathus.ru,math,,,олимпиадные листки,задачи,msuOpiSfera.pdf,deploy/материалы/mathus.ru
mathus.ru,math,,,олимпиадные листки,задачи,obhodgrafov.pdf,deploy/материалы/mathus.ru
mathus.ru,math,,,олимпиадные листки,задачи,Neraven.pdf,deploy/материалы/mathus.ru
mathus.ru,math,8,,олимпиадные листки,задачи,kurchatov2017m8.pdf,deploy/материалы/mathus.ru
mathus.ru,math,,,олимпиадные листки,задачи,radicalos.pdf,deploy/материалы/mathus.ru
mathus.ru,math,,,олимпиадные листки,задачи,chains-sets.pdf,deploy/материалы/mathus.ru
mathus.ru,math,,,олимпиадные листки,задачи,neconserva.pdf,deploy/материалы/mathus.ru
mathus.ru,math,8,,олимпиадные листки,задачи,pvg2016m7-8v3b.pdf,deploy/материалы/mathus.ru
mathus.ru,math,,,олимпиадные листки,задачи,Euler2010Otbor4.pdf,deploy/материалы/mathus.ru
mathus.ru,math,,,олимпиадные листки,задачи,graphs-tree.pdf,deploy/материалы/mathus.ru
mathus.ru,math,10,,олимпиадные листки,задачи,SVB2019Math10v1.pdf,deploy/материалы/mathus.ru
mathus.ru,math,11,,олимпиадные листки,задачи,fizteh-online2015f11.pdf,deploy/материалы/mathus.ru
mathus.ru,math,8,,олимпиадные листки,задачи,SVB2020Math8v1.pdf,deploy/материалы/mathus.ru
mathus.ru,math,,,олимпиадные листки,задачи,Euler2023Otbor2.pdf,deploy/материалы/mathus.ru
mathus.ru,math,11,,олимпиадные листки,задачи,Vsesib2016Math11.pdf,deploy/материалы/mathus.ru
mathus.ru,math,9,,олимпиадные листки,задачи,VserosMath2019Z9.pdf,deploy/материалы/mathus.ru
mathus.ru,math,,,олимпиадные листки,задачи,trigurparam.pdf,deploy/материалы/mathus.ru
mathus.ru,math,9,,олимпиадные листки,задачи,vseros2017f4-9.pdf,deploy/материалы/mathus.ru
mathus.ru,math,11,,олимпиадные листки,задачи,Rosatom2019Phys11v3.pdf,deploy/материалы/mathus.ru
mathus.ru,math,8,,олимпиадные листки,задачи,mfo2018-8tur0zaoch.pdf,deploy/материалы/mathus.ru
mathus.ru,math,9,,олимпиадные листки,задачи,Belchonok2023Math9v2.pdf,deploy/материалы/mathus.ru
mathus.ru,math,11,,олимпиадные листки,задачи,MVO2021Math11.pdf,deploy/материалы/mathus.ru
mathus.ru,math,7,,олимпиадные листки,задачи,lom7m2012.pdf,deploy/материалы/mathus.ru
mathus.ru,math,7,,олимпиадные листки,задачи,Rosatom2016Math7.pdf,deploy/материалы/mathus.ru
mathus.ru,math,5,,олимпиадные листки,задачи,Belchonok2020Math5v1.pdf,deploy/материалы/mathus.ru
mathus.ru,math,7,,олимпиадные листки,задачи,Rosatom2017Math7.pdf,deploy/материалы/mathus.ru
mathus.ru,math,6,,олимпиадные листки,задачи,VserosMath2025S6.pdf,deploy/материалы/mathus.ru
mathus.ru,math,11,,олимпиадные листки,задачи,MissVip2021Math11.pdf,deploy/материалы/mathus.ru
mathus.ru,math,9,,олимпиадные листки,задачи,VserosPhys2022Z9.pdf,deploy/материалы/mathus.ru
mathus.ru,math,,,олимпиадные листки,задачи,MIPTmath1998v2.pdf,deploy/материалы/mathus.ru
mathus.ru,math,11,,олимпиадные листки,задачи,Belchonok2021Math11v1.pdf,deploy/материалы/mathus.ru
mathus.ru,math,7,,олимпиадные листки,задачи,vseros2010f3-7.pdf,deploy/материалы/mathus.ru
mathus.ru,math,9,,олимпиадные листки,задачи,fizteh2017m9v2.pdf,deploy/материалы/mathus.ru
mathus.ru,math,9,,олимпиадные листки,задачи,Phystech2022Phys9v2.pdf,deploy/материалы/mathus.ru
mathus.ru,math,7,,олимпиадные листки,задачи,mp2013-7.pdf,deploy/материалы/mathus.ru
mathus.ru,math,11,,олимпиадные листки,задачи,pvg2018f10-11b7.pdf,deploy/материалы/mathus.ru
mathus.ru,math,9,,олимпиадные листки,задачи,Vsesib2022Phys9.pdf,deploy/материалы/mathus.ru
mathus.ru,math,6,,олимпиадные листки,задачи,Belchonok2022Math6v1.pdf,deploy/материалы/mathus.ru
mathus.ru,math,9,,олимпиадные листки,задачи,Vsesib2023Phys9.pdf,deploy/материалы/mathus.ru
mathus.ru,math,10,,олимпиадные листки,задачи,Phystech2026Math10v1.pdf,deploy/материалы/mathus.ru
mathus.ru,math,,,олимпиадные листки,задачи,nerav.pdf,deploy/материалы/mathus.ru
mathus.ru,math,11,,олимпиадные листки,задачи,Vsesib2016Phys11.pdf,deploy/материалы/mathus.ru
mathus.ru,math,,,олимпиадные листки,задачи,Prob.pdf,deploy/материалы/mathus.ru
mathus.ru,math,11,,олимпиадные листки,задачи,kombinatorika.pdf,deploy/материалы/mathus.ru
mathus.ru,math,6,,олимпиадные листки,задачи,lom2016m5-6.pdf,deploy/материалы/mathus.ru
mathus.ru,math,5,,олимпиадные листки,задачи,EH2021Math5.pdf,deploy/материалы/mathus.ru
mathus.ru,math,11,,олимпиадные листки,задачи,SVB2017Math11.pdf,deploy/материалы/mathus.ru
mathus.ru,math,5,,олимпиадные листки,задачи,EH2020Math5.pdf,deploy/материалы/mathus.ru
mathus.ru,math,11,,олимпиадные листки,задачи,mmo2020-11.pdf,deploy/материалы/mathus.ru
mathus.ru,math,7,,олимпиадные листки,задачи,vseros2013f2-7.pdf,deploy/материалы/mathus.ru
mathus.ru,math,11,,олимпиадные листки,задачи,vseros2015f3-11.pdf,deploy/материалы/mathus.ru
mathus.ru,math,,,олимпиадные листки,задачи,fizteh2010f.pdf,deploy/материалы/mathus.ru
mathus.ru,math,11,,олимпиадные листки,задачи,vseros2017m4-11.pdf,deploy/материалы/mathus.ru
mathus.ru,math,11,,олимпиадные листки,задачи,MVO2021Phys11.pdf,deploy/материалы/mathus.ru
mathus.ru,math,11,,олимпиадные листки,задачи,vseros2014f3-11.pdf,deploy/материалы/mathus.ru
mathus.ru,math,11,,олимпиадные листки,задачи,vseros2016m4-11.pdf,deploy/материалы/mathus.ru
mathus.ru,math,10,,олимпиадные листки,задачи,SVB2025MathOtbor10v2.pdf,deploy/материалы/mathus.ru
mathus.ru,math,,,олимпиадные листки,задачи,lpa.pdf,deploy/материалы/mathus.ru
mathus.ru,math,,,олимпиадные листки,задачи,euler2017f.pdf,deploy/материалы/mathus.ru
mathus.ru,math,,,олимпиадные листки,задачи,aconst.pdf,deploy/материалы/mathus.ru
mathus.ru,math,,,олимпиадные листки,задачи,fizteh2008m.pdf,deploy/материалы/mathus.ru
mathus.ru,math,9,,олимпиадные листки,задачи,Phystech2025PhysOtbor9v2.pdf,deploy/материалы/mathus.ru
mathus.ru,math,6,,олимпиадные листки,задачи,Belchonok2018Math6v2.pdf,deploy/материалы/mathus.ru
mathus.ru,math,,,олимпиадные листки,задачи,DVImath2025v8.pdf,deploy/материалы/mathus.ru
mathus.ru,math,,,олимпиадные листки,задачи,galilei.pdf,deploy/материалы/mathus.ru
mathus.ru,math,,,олимпиадные листки,задачи,mm2001-07.pdf,deploy/материалы/mathus.ru
mathus.ru,math,11,,олимпиадные листки,задачи,kurchatov2016f11.pdf,deploy/материалы/mathus.ru
mathus.ru,math,11,,олимпиадные листки,задачи,PVG2023Math11.pdf,deploy/материалы/mathus.ru
mathus.ru,math,,,олимпиадные листки,задачи,famp.pdf,deploy/материалы/mathus.ru
mathus.ru,math,10,,олимпиадные листки,задачи,SVB2022Phys10.pdf,deploy/материалы/mathus.ru
mathus.ru,math,9,,олимпиадные листки,задачи,Kurchatov2021Phys9.pdf,deploy/материалы/mathus.ru
mathus.ru,math,7,,олимпиадные листки,задачи,Rosatom2021Phys7.pdf,deploy/материалы/mathus.ru
mathus.ru,math,9,,олимпиадные листки,задачи,Kurchatov2020Phys9.pdf,deploy/материалы/mathus.ru
mathus.ru,math,7,,олимпиадные листки,задачи,Rosatom2020Phys7.pdf,deploy/материалы/mathus.ru
mathus.ru,math,,,олимпиадные листки,задачи,Euler2016Otbor3.pdf,deploy/материалы/mathus.ru
mathus.ru,math,,,олимпиадные листки,задачи,Euler2019Z.pdf,deploy/материалы/mathus.ru
mathus.ru,math,10,,олимпиадные листки,задачи,Vsesib2023Math10.pdf,deploy/материалы/mathus.ru
mathus.ru,math,,,олимпиадные листки,задачи,BrusDos.pdf,deploy/материалы/mathus.ru
mathus.ru,math,8,,олимпиадные листки,задачи,ITMO2025Math8.pdf,deploy/материалы/mathus.ru
mathus.ru,math,11,,олимпиадные листки,задачи,Phystech2023Math-otbor1-11.pdf,deploy/материалы/mathus.ru
mathus.ru,math,,,олимпиадные листки,задачи,mnogogranniki.pdf,deploy/материалы/mathus.ru
mathus.ru,math,,,олимпиадные листки,задачи,vah.pdf,deploy/материалы/mathus.ru
mathus.ru,math,8,,олимпиадные листки,задачи,ITMO2024Math8.pdf,deploy/материалы/mathus.ru
mathus.ru,math,9,,олимпиадные листки,задачи,VserosMath2024Z9.pdf,deploy/материалы/mathus.ru
mathus.ru,math,9,,олимпиадные листки,задачи,Vsesib2015Math9.pdf,deploy/материалы/mathus.ru
mathus.ru,math,,,олимпиадные листки,задачи,properehod.pdf,deploy/материалы/mathus.ru
mathus.ru,math,9,,олимпиадные листки,задачи,mmo2022-9.pdf,deploy/материалы/mathus.ru
mathus.ru,math,11,,олимпиадные листки,задачи,Rosatom2023Math11v2.pdf,deploy/материалы/mathus.ru
mathus.ru,math,8,,олимпиадные листки,задачи,rosatom2014f8.pdf,deploy/материалы/mathus.ru
mathus.ru,math,8,,олимпиадные листки,задачи,vseros2015f1-8.pdf,deploy/материалы/mathus.ru
mathus.ru,math,,,олимпиадные листки,задачи,invariant.pdf,deploy/материалы/mathus.ru
mathus.ru,math,,,олимпиадные листки,задачи,arhimed2022.pdf,deploy/материалы/mathus.ru
mathus.ru,math,7,,олимпиадные листки,задачи,EH2022Phys7.pdf,deploy/материалы/mathus.ru
mathus.ru,math,6,,олимпиадные листки,задачи,ustn2015-6.pdf,deploy/материалы/mathus.ru
mathus.ru,math,11,,олимпиадные листки,задачи,vseros2004f11fin.pdf,deploy/материалы/mathus.ru
mathus.ru,math,11,,олимпиадные листки,задачи,pvg2014f10-11b1.pdf,deploy/материалы/mathus.ru
mathus.ru,math,7,,олимпиадные листки,задачи,EH2023Phys7.pdf,deploy/материалы/mathus.ru
mathus.ru,math,10,,олимпиадные листки,задачи,mfo2008-10tur2.pdf,deploy/материалы/mathus.ru
mathus.ru,math,11,,олимпиадные листки,задачи,MosPhys2020zz1-11.pdf,deploy/материалы/mathus.ru
mathus.ru,math,7,,олимпиадные листки,задачи,BIBN2026Phys7.pdf,deploy/материалы/mathus.ru
mathus.ru,math,11,,олимпиадные листки,задачи,MosPhys2019tur1-11.pdf,deploy/материалы/mathus.ru
mathus.ru,math,11,,олимпиадные листки,задачи,PVG2023Phys11.pdf,deploy/материалы/mathus.ru
mathus.ru,math,9,,олимпиадные листки,задачи,Belchonok2019Math9v1.pdf,deploy/материалы/mathus.ru
mathus.ru,math,9,,олимпиадные листки,задачи,vp2013m9.pdf,deploy/материалы/mathus.ru
mathus.ru,math,11,,олимпиадные листки,задачи,Rosatom2022Phys11v1.pdf,deploy/материалы/mathus.ru
mathus.ru,math,11,,олимпиадные листки,задачи,lom2018m10-11.pdf,deploy/материалы/mathus.ru
mathus.ru,math,8,,олимпиадные листки,задачи,MosPhys2025otbor8.pdf,deploy/материалы/mathus.ru
mathus.ru,math,11,,олимпиадные листки,задачи,vseros2018m3-11.pdf,deploy/материалы/mathus.ru
mathus.ru,math,7,,олимпиадные листки,задачи,FETT2025Math7.pdf,deploy/материалы/mathus.ru
mathus.ru,math,9,,олимпиадные листки,задачи,fizteh9m2014.pdf,deploy/материалы/mathus.ru
mathus.ru,math,7,,олимпиадные листки,задачи,FETT2024Math7.pdf,deploy/материалы/mathus.ru
mathus.ru,math,10,,олимпиадные листки,задачи,Vsesib2023Phys10.pdf,deploy/материалы/mathus.ru
mathus.ru,math,8,,олимпиадные листки,задачи,fizteh8m2014.pdf,deploy/материалы/mathus.ru
mathus.ru,math,8,,олимпиадные листки,задачи,pvg2015m8.pdf,deploy/материалы/mathus.ru
mathus.ru,math,,,олимпиадные листки,задачи,linplast.pdf,deploy/материалы/mathus.ru
mathus.ru,math,11,,олимпиадные листки,задачи,MissVip2023Math11v1.pdf,deploy/материалы/mathus.ru
mathus.ru,math,8,,олимпиадные листки,задачи,mfo2016-8tur2.pdf,deploy/материалы/mathus.ru
mathus.ru,math,9,,олимпиадные листки,задачи,Lom2026Math9.pdf,deploy/материалы/mathus.ru
mathus.ru,math,,,олимпиадные листки,задачи,hydrostatics.pdf,deploy/материалы/mathus.ru
mathus.ru,math,10,,олимпиадные листки,задачи,vseros1997f10fin.pdf,deploy/материалы/mathus.ru
mathus.ru,math,11,,олимпиадные листки,задачи,mfo2011-11tur2.pdf,deploy/материалы/mathus.ru
mathus.ru,math,8,,олимпиадные листки,задачи,SVB2025PhysOtbor8v1.pdf,deploy/материалы/mathus.ru
mathus.ru,math,7,,олимпиадные листки,задачи,VserosPhys2024M7.pdf,deploy/материалы/mathus.ru
mathus.ru,math,11,,олимпиадные листки,задачи,Vsesib2023Phys11.pdf,deploy/материалы/mathus.ru
mathus.ru,math,,,олимпиадные листки,задачи,combun2.pdf,deploy/материалы/mathus.ru
mathus.ru,math,,,олимпиадные листки,задачи,sigmalambda.pdf,deploy/материалы/mathus.ru
mathus.ru,math,6,,олимпиадные листки,задачи,FETT2024Math6.pdf,deploy/материалы/mathus.ru
mathus.ru,math,9,,олимпиадные листки,задачи,pvg2015m9.pdf,deploy/материалы/mathus.ru
mathus.ru,math,,,олимпиадные листки,задачи,trigurap.pdf,deploy/материалы/mathus.ru
mathus.ru,math,6,,олимпиадные листки,задачи,FETT2025Math6.pdf,deploy/материалы/mathus.ru
mathus.ru,math,10,,олимпиадные листки,задачи,vseros2018m3-10.pdf,deploy/материалы/mathus.ru
mathus.ru,math,9,,олимпиадные листки,задачи,MosPhys2025otbor9.pdf,deploy/материалы/mathus.ru
mathus.ru,math,8,,олимпиадные листки,задачи,vp2013m8.pdf,deploy/материалы/mathus.ru
mathus.ru,math,10,,олимпиадные листки,задачи,MosPhys2019tur1-10.pdf,deploy/материалы/mathus.ru
mathus.ru,math,,,олимпиадные листки,задачи,rk.pdf,deploy/материалы/mathus.ru
mathus.ru,math,10,,олимпиадные листки,задачи,MosPhys2020zz1-10.pdf,deploy/материалы/mathus.ru
mathus.ru,math,10,,олимпиадные листки,задачи,PVG2023Phys10.pdf,deploy/материалы/mathus.ru
mathus.ru,math,9,,олимпиадные листки,задачи,SVB2018Math9v1.pdf,deploy/материалы/mathus.ru
mathus.ru,math,10,,олимпиадные листки,задачи,SVB2022Math10v2.pdf,deploy/материалы/mathus.ru
mathus.ru,math,11,,олимпиадные листки,задачи,pvg2017m10-11mos.pdf,deploy/материалы/mathus.ru
mathus.ru,math,7,,олимпиадные листки,задачи,ustn2015-7.pdf,deploy/материалы/mathus.ru
mathus.ru,math,,,олимпиадные листки,задачи,arhimed2023.pdf,deploy/материалы/mathus.ru
mathus.ru,math,,,олимпиадные листки,задачи,superposition.pdf,deploy/материалы/mathus.ru
mathus.ru,math,9,,олимпиадные листки,задачи,MVO2016Phys9.pdf,deploy/материалы/mathus.ru
mathus.ru,math,9,,олимпиадные листки,задачи,mfo2009-9tur2.pdf,deploy/материалы/mathus.ru
mathus.ru,math,5,,олимпиадные листки,задачи,KFU2025Math5.pdf,deploy/материалы/mathus.ru
mathus.ru,math,9,,олимпиадные листки,задачи,vseros2015f1-9.pdf,deploy/материалы/mathus.ru
mathus.ru,math,,,олимпиадные листки,задачи,sosf.pdf,deploy/материалы/mathus.ru
mathus.ru,math,9,,олимпиадные листки,задачи,rosatom2014f9.pdf,deploy/материалы/mathus.ru
mathus.ru,math,9,,олимпиадные листки,задачи,MVO2017Phys9.pdf,deploy/материалы/mathus.ru
mathus.ru,math,,,олимпиадные листки,задачи,mm1995-05.pdf,deploy/материалы/mathus.ru
mathus.ru,math,8,,олимпиадные листки,задачи,mmo2022-8.pdf,deploy/материалы/mathus.ru
mathus.ru,math,,,олимпиадные листки,задачи,combinafig.pdf,deploy/материалы/mathus.ru
mathus.ru,math,5,,олимпиадные листки,задачи,KFU2024Math5.pdf,deploy/материалы/mathus.ru
mathus.ru,math,8,,олимпиадные листки,задачи,Vsesib2015Math8.pdf,deploy/материалы/mathus.ru
mathus.ru,math,10,,олимпиадные листки,задачи,Phystech2023Math-otbor1-10.pdf,deploy/материалы/mathus.ru
mathus.ru,math,9,,олимпиадные листки,задачи,ITMO2024Math9.pdf,deploy/материалы/mathus.ru
mathus.ru,math,7,,олимпиадные листки,задачи,VserosPhys2023S7.pdf,deploy/материалы/mathus.ru
mathus.ru,math,,,олимпиадные листки,задачи,trigsum.pdf,deploy/материалы/mathus.ru
mathus.ru,math,9,,олимпиадные листки,задачи,ITMO2025Math9.pdf,deploy/материалы/mathus.ru
mathus.ru,math,8,,олимпиадные листки,задачи,Kurchatov2020Phys8.pdf,deploy/материалы/mathus.ru
mathus.ru,math,11,,олимпиадные листки,задачи,Vsesib2023Math11.pdf,deploy/материалы/mathus.ru
mathus.ru,math,,,олимпиадные листки,задачи,Euler2016Otbor2.pdf,deploy/материалы/mathus.ru
mathus.ru,math,,,олимпиадные листки,задачи,tuy2014m-sl.pdf,deploy/материалы/mathus.ru
mathus.ru,math,8,,олимпиадные листки,задачи,Kurchatov2021Phys8.pdf,deploy/материалы/mathus.ru
mathus.ru,math,10,,олимпиадные листки,задачи,rosatom2017f10v1.pdf,deploy/материалы/mathus.ru
mathus.ru,math,6,,олимпиадные листки,задачи,pvg2017m5-6v2a.pdf,deploy/материалы/mathus.ru
mathus.ru,math,9,,олимпиадные листки,задачи,MuhaVelo.pdf,deploy/материалы/mathus.ru
mathus.ru,math,,,олимпиадные листки,задачи,moteploper.pdf,deploy/материалы/mathus.ru
mathus.ru,math,,,олимпиадные листки,задачи,fizteh11m2011-dolgopa.pdf,deploy/материалы/mathus.ru
mathus.ru,math,10,,олимпиадные листки,задачи,PVG2023Math10.pdf,deploy/материалы/mathus.ru
mathus.ru,math,8,,олимпиадные листки,задачи,8phys2023.pdf,deploy/материалы/mathus.ru
mathus.ru,math,10,,олимпиадные листки,задачи,kurchatov2016f10.pdf,deploy/материалы/mathus.ru
mathus.ru,math,,,олимпиадные листки,задачи,neupru.pdf,deploy/материалы/mathus.ru
mathus.ru,math,,,олимпиадные листки,задачи,newrilaw.pdf,deploy/материалы/mathus.ru
mathus.ru,math,7,,олимпиадные листки,задачи,fizteh-online2017m7.pdf,deploy/материалы/mathus.ru
mathus.ru,math,11,,олимпиадные листки,задачи,pvg2010m10-11mos.pdf,deploy/материалы/mathus.ru
mathus.ru,math,11,,олимпиадные листки,задачи,pvg2015m10-11brn.pdf,deploy/материалы/mathus.ru
mathus.ru,math,11,,олимпиадные листки,задачи,SVB2024MathOtbor11v1.pdf,deploy/материалы/mathus.ru
mathus.ru,math,9,,олимпиадные листки,задачи,provse9phys.pdf,deploy/материалы/mathus.ru
mathus.ru,math,,,олимпиадные листки,задачи,graphs.pdf,deploy/материалы/mathus.ru
mathus.ru,math,11,,олимпиадные листки,задачи,vseros1998f11fin.pdf,deploy/материалы/mathus.ru
mathus.ru,math,,,олимпиадные листки,задачи,ea1_kvaner.pdf,deploy/материалы/mathus.ru
mathus.ru,math,8,,олимпиадные листки,задачи,matholymp8.pdf,deploy/материалы/mathus.ru
mathus.ru,math,10,,олимпиадные листки,задачи,fizteh2015f10v1.pdf,deploy/материалы/mathus.ru
mathus.ru,math,,,олимпиадные листки,задачи,Rosatom2017Math9.1.pdf,deploy/материалы/mathus.ru
mathus.ru,math,,,олимпиадные листки,задачи,logun.pdf,deploy/материалы/mathus.ru
mathus.ru,math,8,,олимпиадные листки,задачи,mfo2016-8tur0och.pdf,deploy/материалы/mathus.ru
mathus.ru,math,,,олимпиадные листки,задачи,modulner.pdf,deploy/материалы/mathus.ru
mathus.ru,math,10,,олимпиадные листки,задачи,vseros2014f3-10.pdf,deploy/материалы/mathus.ru
mathus.ru,math,,,олимпиадные листки,задачи,msu4tOkr.pdf,deploy/материалы/mathus.ru
mathus.ru,math,7,,олимпиадные листки,задачи,VserosMath2022M7.pdf,deploy/материалы/mathus.ru
mathus.ru,math,10,,олимпиадные листки,задачи,vseros2016m4-10.pdf,deploy/материалы/mathus.ru
mathus.ru,math,,,олимпиадные листки,задачи,diffraction.pdf,deploy/материалы/mathus.ru
mathus.ru,math,10,,олимпиадные листки,задачи,vseros2015f3-10.pdf,deploy/материалы/mathus.ru
mathus.ru,math,7,,олимпиадные листки,задачи,Belchonok2020Math7v2.pdf,deploy/материалы/mathus.ru
mathus.ru,math,11,,олимпиадные листки,задачи,ussr92m11.pdf,deploy/материалы/mathus.ru
mathus.ru,math,10,,олимпиадные листки,задачи,MVO2021Phys10.pdf,deploy/материалы/mathus.ru
mathus.ru,math,10,,олимпиадные листки,задачи,vseros2017m4-10.pdf,deploy/материалы/mathus.ru
mathus.ru,math,9,,олимпиадные листки,задачи,Phystech2024Phys-otbor2-9.pdf,deploy/материалы/mathus.ru
mathus.ru,math,10,,олимпиадные листки,задачи,mmo2020-10.pdf,deploy/материалы/mathus.ru
mathus.ru,math,10,,олимпиадные листки,задачи,SVB2017Math10.pdf,deploy/материалы/mathus.ru
mathus.ru,math,10,,олимпиадные листки,задачи,Rosatom2024Phys10.pdf,deploy/материалы/mathus.ru
mathus.ru,math,10,,олимпиадные листки,задачи,Vsesib2016Phys10.pdf,deploy/материалы/mathus.ru
mathus.ru,math,,,олимпиадные листки,задачи,ravnovesie.pdf,deploy/материалы/mathus.ru
mathus.ru,math,,,олимпиадные листки,задачи,proc.pdf,deploy/материалы/mathus.ru
mathus.ru,math,9,,олимпиадные листки,задачи,MVO2021Math9.pdf,deploy/материалы/mathus.ru
mathus.ru,math,5,,олимпиадные листки,задачи,vseros2014m1-5.pdf,deploy/материалы/mathus.ru
mathus.ru,math,9,,олимпиадные листки,задачи,mfo2016-9tur0zaoch.pdf,deploy/материалы/mathus.ru
mathus.ru,math,8,,олимпиадные листки,задачи,Maxwell2022R8.pdf,deploy/материалы/mathus.ru
mathus.ru,math,8,,олимпиадные листки,задачи,Vsesib2023Phys8.pdf,deploy/материалы/mathus.ru
mathus.ru,math,9,,олимпиадные листки,задачи,MVO2020Math9.pdf,deploy/материалы/mathus.ru
mathus.ru,math,,,олимпиадные листки,задачи,mm2003-03.pdf,deploy/материалы/mathus.ru
mathus.ru,math,,,олимпиадные листки,задачи,simediana.pdf,deploy/материалы/mathus.ru
mathus.ru,math,,,олимпиадные листки,задачи,donera.pdf,deploy/материалы/mathus.ru
mathus.ru,math,11,,олимпиадные листки,задачи,pvg2018f10-11b6.pdf,deploy/материалы/mathus.ru
mathus.ru,math,8,,олимпиадные листки,задачи,Vsesib2022Phys8.pdf,deploy/материалы/mathus.ru
mathus.ru,math,8,,олимпиадные листки,задачи,SVB2024MathOtbor8v2.pdf,deploy/материалы/mathus.ru
mathus.ru,math,6,,олимпиадные листки,задачи,mp2013-6.pdf,deploy/материалы/mathus.ru
mathus.ru,math,,,олимпиадные листки,задачи,2zt.pdf,deploy/материалы/mathus.ru
mathus.ru,math,,,олимпиадные листки,задачи,e0r0.pdf,deploy/материалы/mathus.ru
mathus.ru,math,10,,олимпиадные листки,задачи,MissVip2021Math10.pdf,deploy/материалы/mathus.ru
mathus.ru,math,9,,олимпиадные листки,задачи,vseros2018m3-9.pdf,deploy/материалы/mathus.ru
mathus.ru,math,,,олимпиадные листки,задачи,pribor.pdf,deploy/материалы/mathus.ru
mathus.ru,math,,,олимпиадные листки,задачи,metiz.pdf,deploy/материалы/mathus.ru
mathus.ru,math,,,олимпиадные листки,задачи,ravnobedren.pdf,deploy/материалы/mathus.ru
mathus.ru,math,10,,олимпиадные листки,задачи,sav10m2010.pdf,deploy/материалы/mathus.ru
mathus.ru,math,7,,олимпиадные листки,задачи,VserosMath2025S7.pdf,deploy/материалы/mathus.ru
mathus.ru,math,7,,олимпиадные листки,задачи,vseros2017m2-7.pdf,deploy/материалы/mathus.ru
mathus.ru,math,9,,олимпиадные листки,задачи,Lom2019Math9.pdf,deploy/материалы/mathus.ru
mathus.ru,math,11,,олимпиадные листки,задачи,Phystech2020Math11v2.pdf,deploy/материалы/mathus.ru
mathus.ru,math,7,,олимпиадные листки,задачи,lom7m2013.pdf,deploy/материалы/mathus.ru
mathus.ru,math,11,,олимпиадные листки,задачи,sav11m2010.pdf,deploy/материалы/mathus.ru
mathus.ru,math,10,,олимпиадные листки,задачи,MVO2021Math10.pdf,deploy/материалы/mathus.ru
mathus.ru,math,11,,олимпиадные листки,задачи,vseros2006f11okr.pdf,deploy/материалы/mathus.ru
mathus.ru,math,,,олимпиадные листки,задачи,stereommo.pdf,deploy/материалы/mathus.ru
mathus.ru,math,7,,олимпиадные листки,задачи,vp2020m7.pdf,deploy/материалы/mathus.ru
mathus.ru,math,10,,олимпиадные листки,задачи,Rosatom2024Math10.pdf,deploy/материалы/mathus.ru
mathus.ru,math,11,,олимпиадные листки,задачи,Rosatom2019Phys11v2.pdf,deploy/материалы/mathus.ru
mathus.ru,math,,,олимпиадные листки,задачи,Trig.pdf,deploy/материалы/mathus.ru
mathus.ru,math,10,,олимпиадные листки,задачи,fizteh-online2015f10.pdf,deploy/материалы/mathus.ru
mathus.ru,math,10,,олимпиадные листки,задачи,Vsesib2016Math10.pdf,deploy/материалы/mathus.ru
mathus.ru,math,,,олимпиадные листки,задачи,motion.pdf,deploy/материалы/mathus.ru
mathus.ru,math,,,олимпиадные листки,задачи,Euler2023Otbor3.pdf,deploy/материалы/mathus.ru
mathus.ru,math,7,,олимпиадные листки,задачи,BIBN2019Phys7.pdf,deploy/материалы/mathus.ru
mathus.ru,math,,,олимпиадные листки,задачи,mm1999-05.pdf,deploy/материалы/mathus.ru
mathus.ru,math,,,олимпиадные листки,задачи,Euler2021R.pdf,deploy/материалы/mathus.ru
mathus.ru,math,,,олимпиадные листки,задачи,et2_minimax.pdf,deploy/материалы/mathus.ru
mathus.ru,math,8,,олимпиадные листки,задачи,Belchonok2021Math8v1.pdf,deploy/материалы/mathus.ru
mathus.ru,math,10,,олимпиадные листки,задачи,fizteh2018m10v1.pdf,deploy/материалы/mathus.ru
mathus.ru,math,,,олимпиадные листки,задачи,metod-intervalov.pdf,deploy/материалы/mathus.ru
mathus.ru,math,9,,олимпиадные листки,задачи,kurchatov2017m9.pdf,deploy/материалы/mathus.ru
mathus.ru,math,7,,олимпиадные листки,задачи,VserosPhys2019M7.pdf,deploy/материалы/mathus.ru
mathus.ru,math,7,,олимпиадные листки,задачи,BIBN2018Phys7.pdf,deploy/материалы/mathus.ru
mathus.ru,math,,,олимпиадные листки,задачи,apollo.pdf,deploy/материалы/mathus.ru
mathus.ru,math,11,,олимпиадные листки,задачи,Phystech2021Phys11v1.pdf,deploy/материалы/mathus.ru
mathus.ru,math,10,,олимпиадные листки,задачи,mfo2014-10tur2.pdf,deploy/материалы/mathus.ru
mathus.ru,math,9,,олимпиадные листки,задачи,SVB2022Math9v2.pdf,deploy/материалы/mathus.ru
mathus.ru,math,9,,олимпиадные листки,задачи,turgor2015os89.pdf,deploy/материалы/mathus.ru
mathus.ru,math,,,олимпиадные листки,задачи,effusion.pdf,deploy/материалы/mathus.ru
mathus.ru,math,7,,олимпиадные листки,задачи,mfo2014-7tur0zaoch1.pdf,deploy/материалы/mathus.ru
mathus.ru,math,11,,олимпиадные листки,задачи,mmo2016-11.pdf,deploy/материалы/mathus.ru
mathus.ru,math,9,,олимпиадные листки,задачи,mfo2010-9tur1.pdf,deploy/материалы/mathus.ru
mathus.ru,math,,,олимпиадные листки,задачи,Euler2023Z.pdf,deploy/материалы/mathus.ru
mathus.ru,math,11,,олимпиадные листки,задачи,Rosatom2018Math11v1.pdf,deploy/материалы/mathus.ru
mathus.ru,math,,,олимпиадные листки,задачи,pereslu.pdf,deploy/материалы/mathus.ru
mathus.ru,math,,,олимпиадные листки,задачи,raskras.pdf,deploy/материалы/mathus.ru
mathus.ru,math,7,,олимпиадные листки,задачи,mfo2015-7tur2.pdf,deploy/материалы/mathus.ru
mathus.ru,math,,,олимпиадные листки,задачи,dostraivanie.pdf,deploy/материалы/mathus.ru
mathus.ru,math,,,олимпиадные листки,задачи,msuProgress.pdf,deploy/материалы/mathus.ru
mathus.ru,math,5,,олимпиадные листки,задачи,fizteh-lyc2015m5.pdf,deploy/материалы/mathus.ru
mathus.ru,math,,,олимпиадные листки,задачи,Kurchatov2021Math11.6.pdf,deploy/материалы/mathus.ru
mathus.ru,math,,,олимпиадные листки,задачи,ppa.pdf,deploy/материалы/mathus.ru
mathus.ru,math,11,,олимпиадные листки,задачи,BIBN2023Math11.pdf,deploy/материалы/mathus.ru
mathus.ru,math,9,,олимпиадные листки,задачи,vseros2014f2-9.pdf,deploy/материалы/mathus.ru
mathus.ru,math,9,,олимпиадные листки,задачи,geom9vseros.pdf,deploy/материалы/mathus.ru
mathus.ru,math,9,,олимпиадные листки,задачи,pvg2016m9v2a.pdf,deploy/материалы/mathus.ru
mathus.ru,math,,,олимпиадные листки,задачи,dynpend.pdf,deploy/материалы/mathus.ru
mathus.ru,math,11,,олимпиадные листки,задачи,pvg10-11m2012ufa.pdf,deploy/материалы/mathus.ru
mathus.ru,math,11,,олимпиадные листки,задачи,rosatom2011f11spb.pdf,deploy/материалы/mathus.ru
mathus.ru,math,6,,олимпиадные листки,задачи,VserosMath2022S6.pdf,deploy/материалы/mathus.ru
mathus.ru,math,,,олимпиадные листки,задачи,msuVpiSfera.pdf,deploy/материалы/mathus.ru
mathus.ru,math,9,,олимпиадные листки,задачи,pvg2017m9v2a.pdf,deploy/материалы/mathus.ru
mathus.ru,math,9,,олимпиадные листки,задачи,kurchatov2017f9.pdf,deploy/материалы/mathus.ru
mathus.ru,math,11,,олимпиадные листки,задачи,turgor2016vs1011.pdf,deploy/материалы/mathus.ru
mathus.ru,math,,,олимпиадные листки,задачи,Vse2022S6.5.pdf,deploy/материалы/mathus.ru
mathus.ru,math,,,олимпиадные листки,задачи,teploobmen.pdf,deploy/материалы/mathus.ru
mathus.ru,math,9,,олимпиадные листки,задачи,mmo2018-9.pdf,deploy/материалы/mathus.ru
mathus.ru,math,7,,олимпиадные листки,задачи,MosPhys2021zz1-7.pdf,deploy/материалы/mathus.ru
mathus.ru,math,9,,олимпиадные листки,задачи,mfo2017-9tur2.pdf,deploy/материалы/mathus.ru
mathus.ru,math,11,,олимпиадные листки,задачи,ITMO2020Math11.pdf,deploy/материалы/mathus.ru
mathus.ru,math,11,,олимпиадные листки,задачи,KFU2021Phys11.pdf,deploy/материалы/mathus.ru
mathus.ru,math,7,,олимпиадные листки,задачи,mfo2018-7tur1.pdf,deploy/материалы/mathus.ru
mathus.ru,math,8,,олимпиадные листки,задачи,EH2015Math8v2.pdf,deploy/материалы/mathus.ru
mathus.ru,math,,,олимпиадные листки,задачи,reb.pdf,deploy/материалы/mathus.ru
mathus.ru,math,7,,олимпиадные листки,задачи,MosPhys2020zz1-7.pdf,deploy/материалы/mathus.ru
mathus.ru,math,9,,олимпиадные листки,задачи,vseros2017f3-9.pdf,deploy/материалы/mathus.ru
mathus.ru,math,11,,олимпиадные листки,задачи,vseros2015m3-11.pdf,deploy/материалы/mathus.ru
mathus.ru,math,10,,олимпиадные листки,задачи,vseros2003f10okr.pdf,deploy/материалы/mathus.ru
mathus.ru,math,7,,олимпиадные листки,задачи,vseros2018f2-7.pdf,deploy/материалы/mathus.ru
mathus.ru,math,7,,олимпиадные листки,задачи,mp2014-7.pdf,deploy/материалы/mathus.ru
mathus.ru,math,9,,олимпиадные листки,задачи,MissVip2019Math9.pdf,deploy/материалы/mathus.ru
mathus.ru,math,11,,олимпиадные листки,задачи,vseros2017f4-11.pdf,deploy/материалы/mathus.ru
mathus.ru,math,10,,олимпиадные листки,задачи,mfo2013-10tur2.pdf,deploy/материалы/mathus.ru
mathus.ru,math,9,,олимпиадные листки,задачи,Lom2022Phys79.pdf,deploy/материалы/mathus.ru
mathus.ru,math,11,,олимпиадные листки,задачи,rosatom2011f11mos.pdf,deploy/материалы/mathus.ru
mathus.ru,math,,,олимпиадные листки,задачи,atomol.pdf,deploy/материалы/mathus.ru
mathus.ru,math,11,,олимпиадные листки,задачи,vp2011m11.pdf,deploy/материалы/mathus.ru
mathus.ru,math,11,,олимпиадные листки,задачи,vseros2014m3-11.pdf,deploy/материалы/mathus.ru
mathus.ru,math,11,,олимпиадные листки,задачи,pvg2015f10-11b9.pdf,deploy/материалы/mathus.ru
mathus.ru,math,9,,олимпиадные листки,задачи,MissVip2018Math9.pdf,deploy/материалы/mathus.ru
mathus.ru,math,11,,олимпиадные листки,задачи,vseros2016f4-11.pdf,deploy/материалы/mathus.ru
mathus.ru,math,11,,олимпиадные листки,задачи,BIBN2023Phys11.pdf,deploy/материалы/mathus.ru
mathus.ru,math,8,,олимпиадные листки,задачи,Kurchatov2024Math8.pdf,deploy/материалы/mathus.ru
mathus.ru,math,11,,олимпиадные листки,задачи,turgor2015vb1011.pdf,deploy/материалы/mathus.ru
mathus.ru,math,,,олимпиадные листки,задачи,msuElemCalc.pdf,deploy/материалы/mathus.ru
mathus.ru,math,9,,олимпиадные листки,задачи,lom2015m9.pdf,deploy/материалы/mathus.ru
mathus.ru,math,8,,олимпиадные листки,задачи,Kurchatov2025Math8.pdf,deploy/материалы/mathus.ru
mathus.ru,math,11,,олимпиадные листки,задачи,Phystech2022Phys11v1.pdf,deploy/материалы/mathus.ru
mathus.ru,math,9,,олимпиадные листки,задачи,VserosPhys2025Z9.pdf,deploy/материалы/mathus.ru
mathus.ru,math,10,,олимпиадные листки,задачи,Belchonok2024Math10v2.pdf,deploy/материалы/mathus.ru
mathus.ru,math,9,,олимпиадные листки,задачи,Vsesib2018Math9.pdf,deploy/материалы/mathus.ru
mathus.ru,math,10,,олимпиадные листки,задачи,VserosMath2023Z10.pdf,deploy/материалы/mathus.ru
mathus.ru,math,11,,олимпиадные листки,задачи,EH2015Math11v1.pdf,deploy/материалы/mathus.ru
mathus.ru,math,,,олимпиадные листки,задачи,uglitr.pdf,deploy/материалы/mathus.ru
mathus.ru,math,4,,олимпиадные листки,задачи,VserosMath2020S4.pdf,deploy/материалы/mathus.ru
mathus.ru,math,9,,олимпиадные листки,задачи,Vsesib2019Math9.pdf,deploy/материалы/mathus.ru
mathus.ru,math,11,,олимпиадные листки,задачи,lom10-11m2012.pdf,deploy/материалы/mathus.ru
mathus.ru,math,8,,олимпиадные листки,задачи,PVG2026Math78.pdf,deploy/материалы/mathus.ru
mathus.ru,math,,,олимпиадные листки,задачи,srednie.pdf,deploy/материалы/mathus.ru
mathus.ru,math,11,,олимпиадные листки,задачи,Phystech2023Math11v2.pdf,deploy/материалы/mathus.ru
mathus.ru,math,11,,олимпиадные листки,задачи,Phystech2026PhysOtbor11v3.pdf,deploy/материалы/mathus.ru
mathus.ru,math,11,,олимпиадные листки,задачи,KFU2021Math11.pdf,deploy/материалы/mathus.ru
mathus.ru,math,,,олимпиадные листки,задачи,stereovec.pdf,deploy/материалы/mathus.ru
mathus.ru,math,6,,олимпиадные листки,задачи,FETT2017Math6.pdf,deploy/материалы/mathus.ru
mathus.ru,math,7,,олимпиадные листки,задачи,KFU2022Math7.pdf,deploy/материалы/mathus.ru
mathus.ru,math,11,,олимпиадные листки,задачи,mfo2014-11tur0zaoch2.pdf,deploy/материалы/mathus.ru
mathus.ru,math,8,,олимпиадные листки,задачи,mmo2025c8.pdf,deploy/материалы/mathus.ru
mathus.ru,math,11,,олимпиадные листки,задачи,Rosatom2020Math11v3.pdf,deploy/материалы/mathus.ru
mathus.ru,math,10,,олимпиадные листки,задачи,VserosMath2024R10.pdf,deploy/материалы/mathus.ru
mathus.ru,math,7,,олимпиадные листки,задачи,KFU2023Math7.pdf,deploy/материалы/mathus.ru
mathus.ru,math,10,,олимпиадные листки,задачи,SAMMAT2021-10v2.pdf,deploy/материалы/mathus.ru
mathus.ru,math,5,,олимпиадные листки,задачи,vseros2015m2-5.pdf,deploy/материалы/mathus.ru
mathus.ru,math,6,,олимпиадные листки,задачи,FETT2016Math6.pdf,deploy/материалы/mathus.ru
mathus.ru,math,7,,олимпиадные листки,задачи,pvg7m2013.pdf,deploy/материалы/mathus.ru
mathus.ru,math,,,олимпиадные листки,задачи,svt.pdf,deploy/материалы/mathus.ru
mathus.ru,math,11,,олимпиадные листки,задачи,EH2019Math11.pdf,deploy/материалы/mathus.ru
mathus.ru,math,,,олимпиадные листки,задачи,rasse.pdf,deploy/материалы/mathus.ru
mathus.ru,math,11,,олимпиадные листки,задачи,MosPhys2021zz3-11.pdf,deploy/материалы/mathus.ru
mathus.ru,math,10,,олимпиадные листки,задачи,BIBN2016Math10.pdf,deploy/материалы/mathus.ru
mathus.ru,math,10,,олимпиадные листки,задачи,SVB2021Math10v2.pdf,deploy/материалы/mathus.ru
mathus.ru,math,11,,олимпиадные листки,задачи,fizteh2013f11d.pdf,deploy/материалы/mathus.ru
mathus.ru,math,,,олимпиадные листки,задачи,Euler2011Otbor1.pdf,deploy/материалы/mathus.ru
mathus.ru,math,11,,олимпиадные листки,задачи,VserosPhys2021S11.pdf,deploy/материалы/mathus.ru
mathus.ru,math,11,,олимпиадные листки,задачи,FETT2021Math11.pdf,deploy/материалы/mathus.ru
mathus.ru,math,11,,олимпиадные листки,задачи,Lom2017Phys1011.pdf,deploy/материалы/mathus.ru
mathus.ru,math,9,,олимпиадные листки,задачи,MVO2024Phys9.pdf,deploy/материалы/mathus.ru
mathus.ru,math,6,,олимпиадные листки,задачи,Lom2024Math56.pdf,deploy/материалы/mathus.ru
mathus.ru,math,11,,олимпиадные листки,задачи,mfo2016-11tur2.pdf,deploy/материалы/mathus.ru
mathus.ru,math,8,,олимпиадные листки,задачи,Vsesib2026Math8.pdf,deploy/материалы/mathus.ru
mathus.ru,math,,,олимпиадные листки,задачи,MIPTphys2008v2.pdf,deploy/материалы/mathus.ru
mathus.ru,math,11,,олимпиадные листки,задачи,VserosMath2026M11.pdf,deploy/материалы/mathus.ru
mathus.ru,math,11,,олимпиадные листки,задачи,Kurchatov2024Math11.pdf,deploy/материалы/mathus.ru
mathus.ru,math,9,,олимпиадные листки,задачи,Phystech2025MathOtbor9v2.pdf,deploy/материалы/mathus.ru
mathus.ru,math,10,,олимпиадные листки,задачи,ITMO2015Math10.pdf,deploy/материалы/mathus.ru
mathus.ru,math,,,олимпиадные листки,задачи,mro.pdf,deploy/материалы/mathus.ru
mathus.ru,math,11,,олимпиадные листки,задачи,fizteh2012f11v.pdf,deploy/материалы/mathus.ru
mathus.ru,math,6,,олимпиадные листки,задачи,ustn2012-6.pdf,deploy/материалы/mathus.ru
mathus.ru,math,11,,олимпиадные листки,задачи,VserosMath2022S11.pdf,deploy/материалы/mathus.ru
mathus.ru,math,11,,олимпиадные листки,задачи,EH2019Phys11.pdf,deploy/материалы/mathus.ru
mathus.ru,math,8,,олимпиадные листки,задачи,Lom2017Phys78.pdf,deploy/материалы/mathus.ru
mathus.ru,math,11,,олимпиадные листки,задачи,vseros2018f3-11.pdf,deploy/материалы/mathus.ru
mathus.ru,math,9,,олимпиадные листки,задачи,VserosMath2023Z9.pdf,deploy/материалы/mathus.ru
mathus.ru,math,9,,олимпиадные листки,задачи,fizteh9f2014.pdf,deploy/материалы/mathus.ru
mathus.ru,math,9,,олимпиадные листки,задачи,ITMO2017Math9.pdf,deploy/материалы/mathus.ru
mathus.ru,math,10,,олимпиадные листки,задачи,BIBN2016Phys10.pdf,deploy/материалы/mathus.ru
mathus.ru,math,8,,олимпиадные листки,задачи,rosatom2013f8.pdf,deploy/материалы/mathus.ru
mathus.ru,math,11,,олимпиадные листки,задачи,ommo2012.pdf,deploy/материалы/mathus.ru
mathus.ru,math,9,,олимпиадные листки,задачи,ITMO2016Math9.pdf,deploy/материалы/mathus.ru
mathus.ru,math,8,,олимпиадные листки,задачи,fizteh8f2014.pdf,deploy/материалы/mathus.ru
mathus.ru,math,10,,олимпиадные листки,задачи,Eng2025otbor10.pdf,deploy/материалы/mathus.ru
mathus.ru,math,11,,олимпиадные листки,задачи,VserosPhys2025M11.pdf,deploy/материалы/mathus.ru
mathus.ru,math,11,,олимпиадные листки,задачи,VserosMath2019Z11.pdf,deploy/материалы/mathus.ru
mathus.ru,math,8,,олимпиадные листки,задачи,MosPhys2025c8.pdf,deploy/материалы/mathus.ru
mathus.ru,math,11,,олимпиадные листки,задачи,FETT2021Phys11.pdf,deploy/материалы/mathus.ru
mathus.ru,math,9,,олимпиадные листки,задачи,MosPhys2024tur2-9.pdf,deploy/материалы/mathus.ru
mathus.ru,math,,,олимпиадные листки,задачи,mforce.pdf,deploy/материалы/mathus.ru
mathus.ru,math,7,,олимпиадные листки,задачи,EH2018Math7.pdf,deploy/материалы/mathus.ru
mathus.ru,math,7,,олимпиадные листки,задачи,EH2019Math7.pdf,deploy/материалы/mathus.ru
mathus.ru,math,,,олимпиадные листки,задачи,fizteh11m2012-dolgopa.pdf,deploy/материалы/mathus.ru
mathus.ru,math,11,,олимпиадные листки,задачи,VP2025Phys11.pdf,deploy/материалы/mathus.ru
mathus.ru,math,,,олимпиадные листки,задачи,soprosred.pdf,deploy/материалы/mathus.ru
mathus.ru,math,7,,олимпиадные листки,задачи,vseros2016m1-7.pdf,deploy/материалы/mathus.ru
mathus.ru,math,,,олимпиадные листки,задачи,MIPTmath2008v4.pdf,deploy/материалы/mathus.ru
mathus.ru,math,9,,олимпиадные листки,задачи,vp2014m9.pdf,deploy/материалы/mathus.ru
mathus.ru,math,,,олимпиадные листки,задачи,rilur.pdf,deploy/материалы/mathus.ru
mathus.ru,math,9,,олимпиадные листки,задачи,PVG2020Math9b.pdf,deploy/материалы/mathus.ru
mathus.ru,math,11,,олимпиадные листки,задачи,Kurchatov2024Phys11.pdf,deploy/материалы/mathus.ru
mathus.ru,math,,,олимпиадные листки,задачи,radioactivity.pdf,deploy/материалы/mathus.ru
mathus.ru,math,9,,олимпиадные листки,задачи,PVG2019Math9v1a.pdf,deploy/материалы/mathus.ru
mathus.ru,math,,,олимпиадные листки,задачи,prolla.pdf,deploy/материалы/mathus.ru
mathus.ru,math,10,,олимпиадные листки,задачи,Kurchatov2024Phys10.pdf,deploy/материалы/mathus.ru
mathus.ru,math,8,,олимпиадные листки,задачи,vp2014m8.pdf,deploy/материалы/mathus.ru
mathus.ru,math,10,,олимпиадные листки,задачи,VP2025Phys10.pdf,deploy/материалы/mathus.ru
mathus.ru,math,11,,олимпиадные листки,задачи,Rosatom2017Math11z5.pdf,deploy/материалы/mathus.ru
mathus.ru,math,6,,олимпиадные листки,задачи,EH2019Math6.pdf,deploy/материалы/mathus.ru
mathus.ru,math,6,,олимпиадные листки,задачи,vseros2016m1-6.pdf,deploy/материалы/mathus.ru
mathus.ru,math,,,олимпиадные листки,задачи,numner.pdf,deploy/материалы/mathus.ru
mathus.ru,math,7,,олимпиадные листки,задачи,VserosPhys2023M7.pdf,deploy/материалы/mathus.ru
mathus.ru,math,4,,олимпиадные листки,задачи,KombiVero_FT.pdf,deploy/материалы/mathus.ru
mathus.ru,math,8,,олимпиадные листки,задачи,MosPhys2024tur2-8.pdf,deploy/материалы/mathus.ru
mathus.ru,math,10,,олимпиадные листки,задачи,FETT2021Phys10.pdf,deploy/материалы/mathus.ru
mathus.ru,math,9,,олимпиадные листки,задачи,MosPhys2025c9.pdf,deploy/материалы/mathus.ru
mathus.ru,math,9,,олимпиадные листки,задачи,PVG2020Phys79b16.pdf,deploy/материалы/mathus.ru
mathus.ru,math,,,олимпиадные листки,задачи,graphys.pdf,deploy/материалы/mathus.ru
mathus.ru,math,,,олимпиадные листки,задачи,TZ.pdf,deploy/материалы/mathus.ru
mathus.ru,math,11,,олимпиадные листки,задачи,ommo2013.pdf,deploy/материалы/mathus.ru
mathus.ru,math,9,,олимпиадные листки,задачи,rosatom2013f9.pdf,deploy/материалы/mathus.ru
mathus.ru,math,11,,олимпиадные листки,задачи,BIBN2016Phys11.pdf,deploy/материалы/mathus.ru
mathus.ru,math,10,,олимпиадные листки,задачи,VserosPhys2025M10.pdf,deploy/материалы/mathus.ru
mathus.ru,math,10,,олимпиадные листки,задачи,VserosMath2019Z10.pdf,deploy/материалы/mathus.ru
mathus.ru,math,11,,олимпиадные листки,задачи,Eng2025otbor11.pdf,deploy/материалы/mathus.ru
mathus.ru,math,8,,олимпиадные листки,задачи,ITMO2016Math8.pdf,deploy/материалы/mathus.ru
mathus.ru,math,,,олимпиадные листки,задачи,otnodvi.pdf,deploy/материалы/mathus.ru
mathus.ru,math,10,,олимпиадные листки,задачи,vseros2018f3-10.pdf,deploy/материалы/mathus.ru
mathus.ru,math,8,,олимпиадные листки,задачи,ITMO2017Math8.pdf,deploy/материалы/mathus.ru
mathus.ru,math,9,,олимпиадные листки,задачи,InnopolisOpen2020Math9.pdf,deploy/материалы/mathus.ru
mathus.ru,math,8,,олимпиадные листки,задачи,lom2018m7-8.pdf,deploy/материалы/mathus.ru
mathus.ru,math,8,,олимпиадные листки,задачи,mfo2011-8tur1.pdf,deploy/материалы/mathus.ru
mathus.ru,math,10,,олимпиадные листки,задачи,EH2019Phys10.pdf,deploy/материалы/mathus.ru
mathus.ru,math,8,,олимпиадные листки,задачи,SVB2025MathOtbor8v1.pdf,deploy/материалы/mathus.ru
mathus.ru,math,,,олимпиадные листки,задачи,triangle120.pdf,deploy/материалы/mathus.ru
mathus.ru,math,,,олимпиадные листки,задачи,Z_RA.pdf,deploy/материалы/mathus.ru
mathus.ru,math,9,,олимпиадные листки,задачи,InnopolisOpen2021Math9.pdf,deploy/материалы/mathus.ru
mathus.ru,math,8,,олимпиадные листки,задачи,Belchonok2022Math5v4.pdf,deploy/материалы/mathus.ru
mathus.ru,math,10,,олимпиадные листки,задачи,VserosMath2022S10.pdf,deploy/материалы/mathus.ru
mathus.ru,math,7,,олимпиадные листки,задачи,ustn2012-7.pdf,deploy/материалы/mathus.ru
mathus.ru,math,10,,олимпиадные листки,задачи,Kurchatov2024Math10.pdf,deploy/материалы/mathus.ru
mathus.ru,math,10,,олимпиадные листки,задачи,VserosMath2026M10.pdf,deploy/материалы/mathus.ru
mathus.ru,math,10,,олимпиадные листки,задачи,fizteh2015m10v1.pdf,deploy/материалы/mathus.ru
mathus.ru,math,11,,олимпиадные листки,задачи,ITMO2015Math11.pdf,deploy/материалы/mathus.ru
mathus.ru,math,9,,олимпиадные листки,задачи,vseros2002f9okr.pdf,deploy/материалы/mathus.ru
mathus.ru,math,9,,олимпиадные листки,задачи,pvg7-9m2012.pdf,deploy/материалы/mathus.ru
mathus.ru,math,7,,олимпиадные листки,задачи,BIBN2015Phys7.pdf,deploy/материалы/mathus.ru
mathus.ru,math,,,олимпиадные листки,задачи,PloMno.pdf,deploy/материалы/mathus.ru
mathus.ru,math,9,,олимпиадные листки,задачи,vseros2003f9okr.pdf,deploy/материалы/mathus.ru
mathus.ru,math,11,,олимпиадные листки,задачи,Rosatom2021Phys11v1.pdf,deploy/материалы/mathus.ru
mathus.ru,math,8,,олимпиадные листки,задачи,maxwell2018r8.pdf,deploy/материалы/mathus.ru
mathus.ru,math,11,,олимпиадные листки,задачи,mfo2007-11tur1.pdf,deploy/материалы/mathus.ru
mathus.ru,math,,,олимпиадные листки,задачи,MIPTphys2008v3.pdf,deploy/материалы/mathus.ru
mathus.ru,math,9,,олимпиадные листки,задачи,Vsesib2026Math9.pdf,deploy/материалы/mathus.ru
mathus.ru,math,5,,олимпиадные листки,задачи,FETT2022Math5.pdf,deploy/материалы/mathus.ru
mathus.ru,math,7,,олимпиадные листки,задачи,VserosPhys2024S7.pdf,deploy/материалы/mathus.ru
mathus.ru,math,10,,олимпиадные листки,задачи,VserosPhys2021S10.pdf,deploy/материалы/mathus.ru
mathus.ru,math,10,,олимпиадные листки,задачи,vseros2001f10fin.pdf,deploy/материалы/mathus.ru
mathus.ru,math,5,,олимпиадные листки,задачи,FETT2023Math5.pdf,deploy/материалы/mathus.ru
mathus.ru,math,10,,олимпиадные листки,задачи,FETT2021Math10.pdf,deploy/материалы/mathus.ru
mathus.ru,math,10,,олимпиадные листки,задачи,MosPhys2021zz3-10.pdf,deploy/материалы/mathus.ru
mathus.ru,math,11,,олимпиадные листки,задачи,pvg2017f10-11b1.pdf,deploy/материалы/mathus.ru
mathus.ru,math,,,олимпиадные листки,задачи,pridir.pdf,deploy/материалы/mathus.ru
mathus.ru,math,,,олимпиадные листки,задачи,politrop.pdf,deploy/материалы/mathus.ru
mathus.ru,math,8,,олимпиадные листки,задачи,pvg2017m7-8v1a.pdf,deploy/материалы/mathus.ru
mathus.ru,math,11,,олимпиадные листки,задачи,BIBN2016Math11.pdf,deploy/материалы/mathus.ru
mathus.ru,math,11,,олимпиадные листки,задачи,KFU2019Phys11v1.pdf,deploy/материалы/mathus.ru
mathus.ru,math,,,олимпиадные листки,задачи,pyramid.pdf,deploy/материалы/mathus.ru
mathus.ru,math,11,,олимпиадные листки,задачи,Phystech2019Phys11v2.pdf,deploy/материалы/mathus.ru
mathus.ru,math,6,,олимпиадные листки,задачи,pvg2018m5-6v3b.pdf,deploy/материалы/mathus.ru
mathus.ru,math,7,,олимпиадные листки,задачи,FETT2016Math7.pdf,deploy/материалы/mathus.ru
mathus.ru,math,6,,олимпиадные листки,задачи,KFU2023Math6.pdf,deploy/материалы/mathus.ru
mathus.ru,math,11,,олимпиадные листки,задачи,VserosMath2024R11.pdf,deploy/материалы/mathus.ru
mathus.ru,math,10,,олимпиадные листки,задачи,EH2019Math10.pdf,deploy/материалы/mathus.ru
mathus.ru,math,,,олимпиадные листки,задачи,combinations.pdf,deploy/материалы/mathus.ru
mathus.ru,math,9,,олимпиадные листки,задачи,mmo2025c9.pdf,deploy/материалы/mathus.ru
mathus.ru,math,11,,олимпиадные листки,задачи,mfo2014-11tur0zaoch3.pdf,deploy/материалы/mathus.ru
mathus.ru,math,6,,олимпиадные листки,задачи,KFU2022Math6.pdf,deploy/материалы/mathus.ru
mathus.ru,math,7,,олимпиадные листки,задачи,FETT2017Math7.pdf,deploy/материалы/mathus.ru
mathus.ru,math,11,,олимпиадные листки,задачи,Rosatom2020Math11v2.pdf,deploy/материалы/mathus.ru
mathus.ru,math,,,олимпиадные листки,задачи,provse10phys.pdf,deploy/материалы/mathus.ru
mathus.ru,math,11,,олимпиадные листки,задачи,Phystech2026PhysOtbor11v2.pdf,deploy/материалы/mathus.ru
mathus.ru,math,10,,олимпиадные листки,задачи,KFU2021Math10.pdf,deploy/материалы/mathus.ru
mathus.ru,math,,,олимпиадные листки,задачи,tolstolin.pdf,deploy/материалы/mathus.ru
mathus.ru,math,11,,олимпиадные листки,задачи,VserosMath2023Z11.pdf,deploy/материалы/mathus.ru
mathus.ru,math,7,,олимпиадные листки,задачи,VserosMath2025M7.pdf,deploy/материалы/mathus.ru
mathus.ru,math,11,,олимпиадные листки,задачи,lom10-11m2013.pdf,deploy/материалы/mathus.ru
mathus.ru,math,8,,олимпиадные листки,задачи,Vsesib2019Math8.pdf,deploy/материалы/mathus.ru
mathus.ru,math,5,,олимпиадные листки,задачи,VserosMath2020S5.pdf,deploy/материалы/mathus.ru
mathus.ru,math,8,,олимпиадные листки,задачи,SVB2024PhysOtbor8v2.pdf,deploy/материалы/mathus.ru
mathus.ru,math,9,,олимпиадные листки,задачи,Belchonok2024Math9v2.pdf,deploy/материалы/mathus.ru
mathus.ru,math,10,,олимпиадные листки,задачи,Phystech2025MathOtbor10v2.pdf,deploy/материалы/mathus.ru
mathus.ru,math,8,,олимпиадные листки,задачи,Vsesib2018Math8.pdf,deploy/материалы/mathus.ru
mathus.ru,math,,,олимпиадные листки,задачи,grafik.pdf,deploy/материалы/mathus.ru
mathus.ru,math,9,,олимпиадные листки,задачи,Kurchatov2025Math9.pdf,deploy/материалы/mathus.ru
mathus.ru,math,7,,олимпиадные листки,задачи,Rosatom2025Math7.pdf,deploy/материалы/mathus.ru
mathus.ru,math,7,,олимпиадные листки,задачи,mfo2007-7.pdf,deploy/материалы/mathus.ru
mathus.ru,math,9,,олимпиадные листки,задачи,Kurchatov2024Math9.pdf,deploy/материалы/mathus.ru
mathus.ru,math,10,,олимпиадные листки,задачи,BIBN2023Phys10.pdf,deploy/материалы/mathus.ru
mathus.ru,math,7,,олимпиадные листки,задачи,Rosatom2024Math7.pdf,deploy/материалы/mathus.ru
mathus.ru,math,8,,олимпиадные листки,задачи,lom2015m8.pdf,deploy/материалы/mathus.ru
mathus.ru,math,9,,олимпиадные листки,задачи,vseros2018m4-9.pdf,deploy/материалы/mathus.ru
mathus.ru,math,10,,олимпиадные листки,задачи,vseros2014m3-10.pdf,deploy/материалы/mathus.ru
mathus.ru,math,11,,олимпиадные листки,задачи,pvg2015f10-11b8.pdf,deploy/материалы/mathus.ru
mathus.ru,math,10,,олимпиадные листки,задачи,vp2011m10.pdf,deploy/материалы/mathus.ru
mathus.ru,math,8,,олимпиадные листки,задачи,Maxwell2025R8.pdf,deploy/материалы/mathus.ru
mathus.ru,math,10,,олимпиадные листки,задачи,vseros2016f4-10.pdf,deploy/материалы/mathus.ru
mathus.ru,math,,,олимпиадные листки,задачи,priko.pdf,deploy/материалы/mathus.ru
mathus.ru,math,6,,олимпиадные листки,задачи,mp2014-6.pdf,deploy/материалы/mathus.ru
mathus.ru,math,,,олимпиадные листки,задачи,gravitation.pdf,deploy/материалы/mathus.ru
mathus.ru,math,10,,олимпиадные листки,задачи,vseros2015m3-10.pdf,deploy/материалы/mathus.ru
mathus.ru,math,11,,олимпиадные листки,задачи,vseros1994f11zon.pdf,deploy/материалы/mathus.ru
mathus.ru,math,7,,олимпиадные листки,задачи,VserosPhys2019S7.pdf,deploy/материалы/mathus.ru
mathus.ru,math,10,,олимпиадные листки,задачи,vseros2017f4-10.pdf,deploy/материалы/mathus.ru
mathus.ru,math,10,,олимпиадные листки,задачи,Phystech2024Phys10v2.pdf,deploy/материалы/mathus.ru
mathus.ru,math,10,,олимпиадные листки,задачи,KFU2021Phys10.pdf,deploy/материалы/mathus.ru
mathus.ru,math,,,олимпиадные листки,задачи,msuTeoremaMenelaya.pdf,deploy/материалы/mathus.ru
mathus.ru,math,10,,олимпиадные листки,задачи,ITMO2020Math10.pdf,deploy/материалы/mathus.ru
mathus.ru,math,,,олимпиадные листки,задачи,perzater.pdf,deploy/материалы/mathus.ru
mathus.ru,math,7,,олимпиадные листки,задачи,mfo2017-7tur0och.pdf,deploy/материалы/mathus.ru
mathus.ru,math,8,,олимпиадные листки,задачи,mmo2018-8.pdf,deploy/материалы/mathus.ru
mathus.ru,math,7,,олимпиадные листки,задачи,BIBN2023Math7.pdf,deploy/материалы/mathus.ru
mathus.ru,math,9,,олимпиадные листки,задачи,fizteh2018f9v2.pdf,deploy/материалы/mathus.ru
mathus.ru,math,7,,олимпиадные листки,задачи,VserosMath2022S7.pdf,deploy/материалы/mathus.ru
mathus.ru,math,9,,олимпиадные листки,задачи,PVG2026Phys79.pdf,deploy/материалы/mathus.ru
mathus.ru,math,,,олимпиадные листки,задачи,ravnouskor.pdf,deploy/материалы/mathus.ru
mathus.ru,math,,,олимпиадные листки,задачи,param57.pdf,deploy/материалы/mathus.ru
mathus.ru,math,10,,олимпиадные листки,задачи,fizteh2018f10v1.pdf,deploy/материалы/mathus.ru
mathus.ru,math,8,,олимпиадные листки,задачи,kurchatov2017f8.pdf,deploy/материалы/mathus.ru
mathus.ru,math,7,,олимпиадные листки,задачи,BIBN2022Math7.pdf,deploy/материалы/mathus.ru
mathus.ru,math,8,,олимпиадные листки,задачи,vseros2014f2-8.pdf,deploy/материалы/mathus.ru
mathus.ru,math,9,,олимпиадные листки,задачи,pvg2017f7-9b14.pdf,deploy/материалы/mathus.ru
mathus.ru,math,10,,олимпиадные листки,задачи,Phystech2025Math10v1.pdf,deploy/материалы/mathus.ru
mathus.ru,math,,,олимпиадные листки,задачи,Euler2024Otbor1.pdf,deploy/материалы/mathus.ru
mathus.ru,math,10,,олимпиадные листки,задачи,BIBN2023Math10.pdf,deploy/материалы/mathus.ru
mathus.ru,math,,,олимпиадные листки,задачи,flor.pdf,deploy/материалы/mathus.ru
mathus.ru,math,9,,олимпиадные листки,задачи,mfo2014-9tur0zaoch1.pdf,deploy/материалы/mathus.ru
mathus.ru,math,9,,олимпиадные листки,задачи,Phystech2020Math9v1.pdf,deploy/материалы/mathus.ru
mathus.ru,math,6,,олимпиадные листки,задачи,Belchonok2025Math6v1.pdf,deploy/материалы/mathus.ru
mathus.ru,math,8,,олимпиадные листки,задачи,Lom2022Math78.pdf,deploy/материалы/mathus.ru
mathus.ru,math,11,,олимпиадные листки,задачи,Belchonok2022Math11v1.pdf,deploy/материалы/mathus.ru
mathus.ru,math,9,,олимпиадные листки,задачи,Phystech2025Phys9v2.pdf,deploy/материалы/mathus.ru
mathus.ru,math,8,,олимпиадные листки,задачи,mfo2008-8tur2.pdf,deploy/материалы/mathus.ru
mathus.ru,math,7,,олимпиадные листки,задачи,MosPhys2021tur2-7.pdf,deploy/материалы/mathus.ru
mathus.ru,math,,,олимпиадные листки,задачи,sfersloy.pdf,deploy/материалы/mathus.ru
mathus.ru,math,7,,олимпиадные листки,задачи,BIBN2017Math7.pdf,deploy/материалы/mathus.ru
mathus.ru,math,6,,олимпиадные листки,задачи,fizteh-lyc2015m6.pdf,deploy/материалы/mathus.ru
mathus.ru,math,9,,олимпиадные листки,задачи,mfo2014-9tur0zaoch3.pdf,deploy/материалы/mathus.ru
mathus.ru,math,7,,олимпиадные листки,задачи,mfo2015-7tur1.pdf,deploy/материалы/mathus.ru
mathus.ru,math,7,,олимпиадные листки,задачи,maxwell2015t7.pdf,deploy/материалы/mathus.ru
mathus.ru,math,6,,олимпиадные листки,задачи,mp2016-6.pdf,deploy/материалы/mathus.ru
mathus.ru,math,,,олимпиадные листки,задачи,Euler2026R.pdf,deploy/материалы/mathus.ru
mathus.ru,math,7,,олимпиадные листки,задачи,BIBN2016Math7.pdf,deploy/материалы/mathus.ru
mathus.ru,math,11,,олимпиадные листки,задачи,Belchonok2022Math11v3.pdf,deploy/материалы/mathus.ru
mathus.ru,math,11,,олимпиадные листки,задачи,Phystech2024Math-otbor3-11.pdf,deploy/материалы/mathus.ru
mathus.ru,math,10,,олимпиадные листки,задачи,FETT2019Math10.pdf,deploy/материалы/mathus.ru
mathus.ru,math,9,,олимпиадные листки,задачи,Vsesib2025Phys9.pdf,deploy/материалы/mathus.ru
mathus.ru,math,11,,олимпиадные листки,задачи,pvg2015m10-11cheb.pdf,deploy/материалы/mathus.ru
mathus.ru,math,,,олимпиадные листки,задачи,Euler2024Z.pdf,deploy/материалы/mathus.ru
mathus.ru,math,10,,олимпиадные листки,задачи,Rosatom2023Math10.pdf,deploy/материалы/mathus.ru
mathus.ru,math,9,,олимпиадные листки,задачи,vseros1997f9fin.pdf,deploy/материалы/mathus.ru
mathus.ru,math,,,олимпиадные листки,задачи,Euler2024Otbor3.pdf,deploy/материалы/mathus.ru
mathus.ru,math,9,,олимпиадные листки,задачи,vseros1996f9fin.pdf,deploy/материалы/mathus.ru
mathus.ru,math,9,,олимпиадные листки,задачи,Vsesib2024Phys9.pdf,deploy/материалы/mathus.ru
mathus.ru,math,,,олимпиадные листки,задачи,fizteh11m2012-viezd.pdf,deploy/материалы/mathus.ru
mathus.ru,math,,,олимпиадные листки,задачи,planiommo.pdf,deploy/материалы/mathus.ru
mathus.ru,math,8,,олимпиадные листки,задачи,Kurchatov2019Phys8.pdf,deploy/материалы/mathus.ru
mathus.ru,math,6,,олимпиадные листки,задачи,ustn2009-6.pdf,deploy/материалы/mathus.ru
mathus.ru,math,,,олимпиадные листки,задачи,algorithms.pdf,deploy/материалы/mathus.ru
mathus.ru,math,9,,олимпиадные листки,задачи,Lom2017Phys9.pdf,deploy/материалы/mathus.ru
mathus.ru,math,5,,олимпиадные листки,задачи,VserosMath2022S5.pdf,deploy/материалы/mathus.ru
mathus.ru,math,9,,олимпиадные листки,задачи,pvg2017m9v2b.pdf,deploy/материалы/mathus.ru
mathus.ru,math,11,,олимпиадные листки,задачи,pvg2017m10-11eka.pdf,deploy/материалы/mathus.ru
mathus.ru,math,,,олимпиадные листки,задачи,poreke.pdf,deploy/материалы/mathus.ru
mathus.ru,math,9,,олимпиадные листки,задачи,pvg2016m9v2b.pdf,deploy/материалы/mathus.ru
mathus.ru,math,,,олимпиадные листки,задачи,teplo.pdf,deploy/материалы/mathus.ru
mathus.ru,math,11,,олимпиадные листки,задачи,vseros2012f3-11.pdf,deploy/материалы/mathus.ru
mathus.ru,math,,,олимпиадные листки,задачи,tangens.pdf,deploy/материалы/mathus.ru
mathus.ru,math,10,,олимпиадные листки,задачи,fizteh-lyc2015m10.pdf,deploy/материалы/mathus.ru
mathus.ru,math,,,олимпиадные листки,задачи,dirihle.pdf,deploy/материалы/mathus.ru
mathus.ru,math,7,,олимпиадные листки,задачи,mfo2018-7tur2.pdf,deploy/материалы/mathus.ru
mathus.ru,math,9,,олимпиадные листки,задачи,Phystech2023Math-otbor2-9.pdf,deploy/материалы/mathus.ru
mathus.ru,math,8,,олимпиадные листки,задачи,EH2015Math8v1.pdf,deploy/материалы/mathus.ru
mathus.ru,math,10,,олимпиадные листки,задачи,mmo2024-10.pdf,deploy/материалы/mathus.ru
mathus.ru,math,10,,олимпиадные листки,задачи,EH2021Math10.pdf,deploy/материалы/mathus.ru
mathus.ru,math,9,,олимпиадные листки,задачи,mfo2017-9tur1.pdf,deploy/материалы/mathus.ru
mathus.ru,math,11,,олимпиадные листки,задачи,vseros2013f3-11.pdf,deploy/материалы/mathus.ru
mathus.ru,math,11,,олимпиадные листки,задачи,pvg2015m10-11stv.pdf,deploy/материалы/mathus.ru
mathus.ru,math,,,олимпиадные листки,задачи,diodcap.pdf,deploy/материалы/mathus.ru
mathus.ru,math,10,,олимпиадные листки,задачи,mfo2013-10tur1.pdf,deploy/материалы/mathus.ru
mathus.ru,math,11,,олимпиадные листки,задачи,bac_spec_olymp_2_2025.pdf,deploy/материалы/mathus.ru
mathus.ru,math,,,олимпиадные листки,задачи,lastnumber.pdf,deploy/материалы/mathus.ru
mathus.ru,math,10,,олимпиадные листки,задачи,Rosatom2023Phys10.pdf,deploy/материалы/mathus.ru
mathus.ru,math,,,олимпиадные листки,задачи,DVImath2018.pdf,deploy/материалы/mathus.ru
mathus.ru,math,11,,олимпиадные листки,задачи,Phystech2022Phys11v2.pdf,deploy/материалы/mathus.ru
mathus.ru,math,11,,олимпиадные листки,задачи,vseros2014m1-10-11.pdf,deploy/материалы/mathus.ru
mathus.ru,math,10,,олимпиадные листки,задачи,FETT2019Phys10.pdf,deploy/материалы/mathus.ru
mathus.ru,math,11,,олимпиадные листки,задачи,mmo2012-11.pdf,deploy/материалы/mathus.ru
mathus.ru,math,,,олимпиадные листки,задачи,avtoprobka.pdf,deploy/материалы/mathus.ru
mathus.ru,math,7,,олимпиадные листки,задачи,VserosMath2020S7.pdf,deploy/материалы/mathus.ru
mathus.ru,math,11,,олимпиадные листки,задачи,lom10-11m2011.pdf,deploy/материалы/mathus.ru
mathus.ru,math,8,,олимпиадные листки,задачи,kurchatov2015f8.pdf,deploy/материалы/mathus.ru
mathus.ru,math,11,,олимпиадные листки,задачи,EH2015Math11v2.pdf,deploy/материалы/mathus.ru
mathus.ru,math,10,,олимпиадные листки,задачи,Belchonok2024Math10v1.pdf,deploy/материалы/mathus.ru
mathus.ru,math,7,,олимпиадные листки,задачи,vp2025m7.pdf,deploy/материалы/mathus.ru
mathus.ru,math,10,,олимпиадные листки,задачи,Eng2023-10.pdf,deploy/материалы/mathus.ru
mathus.ru,math,8,,олимпиадные листки,задачи,vseros2017f1-8.pdf,deploy/материалы/mathus.ru
mathus.ru,math,9,,олимпиадные листки,задачи,mfo2015-9tur0och.pdf,deploy/материалы/mathus.ru
mathus.ru,math,7,,олимпиадные листки,задачи,Maxwell2022Z7.pdf,deploy/материалы/mathus.ru
mathus.ru,math,10,,олимпиадные листки,задачи,EH2021Phys10.pdf,deploy/материалы/mathus.ru
mathus.ru,math,8,,олимпиадные листки,задачи,MosPhys2022otbor2tur8.pdf,deploy/материалы/mathus.ru
mathus.ru,math,11,,олимпиадные листки,задачи,Phystech2023Math11v1.pdf,deploy/материалы/mathus.ru
mathus.ru,math,10,,олимпиадные листки,задачи,ITMO2018Math10.pdf,deploy/материалы/mathus.ru
mathus.ru,math,,,олимпиадные листки,задачи,emfield.pdf,deploy/материалы/mathus.ru
mathus.ru,math,5,,олимпиадные листки,задачи,FETT2016Math5.pdf,deploy/материалы/mathus.ru
mathus.ru,math,6,,олимпиадные листки,задачи,vseros2015m2-6.pdf,deploy/материалы/mathus.ru
mathus.ru,math,10,,олимпиадные листки,задачи,SAMMAT2021-10v1.pdf,deploy/материалы/mathus.ru
mathus.ru,math,,,олимпиадные листки,задачи,crt.pdf,deploy/материалы/mathus.ru
mathus.ru,math,5,,олимпиадные листки,задачи,FETT2017Math5.pdf,deploy/материалы/mathus.ru
mathus.ru,math,7,,олимпиадные листки,задачи,Belchonok2022Math7v4.pdf,deploy/материалы/mathus.ru
mathus.ru,math,7,,олимпиадные листки,задачи,ustn2010-7.pdf,deploy/материалы/mathus.ru
mathus.ru,math,11,,олимпиадные листки,задачи,mfo2014-11tur0zaoch1.pdf,deploy/материалы/mathus.ru
mathus.ru,math,,,олимпиадные листки,задачи,evrika.pdf,deploy/материалы/mathus.ru
mathus.ru,math,9,,олимпиадные листки,задачи,vseros2015f4-9.pdf,deploy/материалы/mathus.ru
mathus.ru,math,11,,олимпиадные листки,задачи,Vsesib2024Math11.pdf,deploy/материалы/mathus.ru
mathus.ru,math,7,,олимпиадные листки,задачи,EH2025Phys7.pdf,deploy/материалы/mathus.ru
mathus.ru,math,10,,олимпиадные листки,задачи,SVB2021Math10v1.pdf,deploy/материалы/mathus.ru
mathus.ru,math,,,олимпиадные листки,задачи,KoshiTrig04.pdf,deploy/материалы/mathus.ru
mathus.ru,math,7,,олимпиадные листки,задачи,BIBN2020Phys7.pdf,deploy/материалы/mathus.ru
mathus.ru,math,,,олимпиадные листки,задачи,Euler2011Otbor2.pdf,deploy/материалы/mathus.ru
mathus.ru,math,9,,олимпиадные листки,задачи,rosatom2011f9.pdf,deploy/материалы/mathus.ru
mathus.ru,math,7,,олимпиадные листки,задачи,vp2018m7.pdf,deploy/материалы/mathus.ru
mathus.ru,math,,,олимпиадные листки,задачи,lom2007m.pdf,deploy/материалы/mathus.ru
mathus.ru,math,11,,олимпиадные листки,задачи,pvg2017f10-11b3.pdf,deploy/материалы/mathus.ru
mathus.ru,math,7,,олимпиадные листки,задачи,BIBN2021Phys7.pdf,deploy/материалы/mathus.ru
mathus.ru,math,,,олимпиадные листки,задачи,primenumbers.pdf,deploy/материалы/mathus.ru
mathus.ru,math,7,,олимпиадные листки,задачи,EH2024Phys7.pdf,deploy/материалы/mathus.ru
mathus.ru,math,11,,олимпиадные листки,задачи,Rosatom2016Math11.pdf,deploy/материалы/mathus.ru
mathus.ru,math,11,,олимпиадные листки,задачи,SVB2025Phys11.pdf,deploy/материалы/mathus.ru
mathus.ru,math,11,,олимпиадные листки,задачи,mfo2016-11tur1.pdf,deploy/материалы/mathus.ru
mathus.ru,math,7,,олимпиадные листки,задачи,MosPhys2019tur0och7.pdf,deploy/материалы/mathus.ru
mathus.ru,math,7,,олимпиадные листки,задачи,FETT2022Math7.pdf,deploy/материалы/mathus.ru
mathus.ru,math,,,олимпиадные листки,задачи,MIPTphys2008v1.pdf,deploy/материалы/mathus.ru
mathus.ru,math,,,олимпиадные листки,задачи,c.pdf,deploy/материалы/mathus.ru
mathus.ru,math,11,,олимпиадные листки,задачи,Rosatom2021Phys11v3.pdf,deploy/материалы/mathus.ru
mathus.ru,math,10,,олимпиадные листки,задачи,PVG2024Math10.pdf,deploy/материалы/mathus.ru
mathus.ru,math,7,,олимпиадные листки,задачи,VserosPhys2021M7.pdf,deploy/материалы/mathus.ru
mathus.ru,math,,,олимпиадные листки,задачи,silaupr.pdf,deploy/материалы/mathus.ru
mathus.ru,math,7,,олимпиадные листки,задачи,FETT2023Math7.pdf,deploy/материалы/mathus.ru
mathus.ru,math,9,,олимпиадные листки,задачи,Phystech2025MathOtbor9v1.pdf,deploy/материалы/mathus.ru
mathus.ru,math,7,,олимпиадные листки,задачи,MosPhys2019tur2-7.pdf,deploy/материалы/mathus.ru
mathus.ru,math,10,,олимпиадные листки,задачи,fizteh2015m10v3.pdf,deploy/материалы/mathus.ru
mathus.ru,math,,,олимпиадные листки,задачи,halleffect.pdf,deploy/материалы/mathus.ru
mathus.ru,math,,,олимпиадные листки,задачи,introGraph.pdf,deploy/материалы/mathus.ru
mathus.ru,math,9,,олимпиадные листки,задачи,Lom2020Math9.pdf,deploy/материалы/mathus.ru
mathus.ru,math,9,,олимпиадные листки,задачи,Lom2021Math9.pdf,deploy/материалы/mathus.ru
mathus.ru,math,8,,олимпиадные листки,задачи,vp2016m8.pdf,deploy/материалы/mathus.ru
mathus.ru,math,11,,олимпиадные листки,задачи,Rosatom2017Math11v4.pdf,deploy/материалы/mathus.ru
mathus.ru,math,,,олимпиадные листки,задачи,irraner.pdf,deploy/материалы/mathus.ru
mathus.ru,math,10,,олимпиадные листки,задачи,KFU2019Math10.pdf,deploy/материалы/mathus.ru
mathus.ru,math,11,,олимпиадные листки,задачи,Lom2020Math11.pdf,deploy/материалы/mathus.ru
mathus.ru,math,,,олимпиадные листки,задачи,olymp_benefits.pdf,deploy/материалы/mathus.ru
mathus.ru,math,,,олимпиадные листки,задачи,parameter-relextr.pdf,deploy/материалы/mathus.ru
mathus.ru,math,9,,олимпиадные листки,задачи,MVO2018Math9.pdf,deploy/материалы/mathus.ru
mathus.ru,math,11,,олимпиадные листки,задачи,pvg10-11m2012tom.pdf,deploy/материалы/mathus.ru
mathus.ru,math,,,олимпиадные листки,задачи,polnotrazh.pdf,deploy/материалы/mathus.ru
mathus.ru,math,11,,олимпиадные листки,задачи,Vsesib2024Phys11.pdf,deploy/материалы/mathus.ru
mathus.ru,math,,,олимпиадные листки,задачи,fizteh2009fv.pdf,deploy/материалы/mathus.ru
mathus.ru,math,11,,олимпиадные листки,задачи,ommo2011.pdf,deploy/материалы/mathus.ru
mathus.ru,math,11,,олимпиадные листки,задачи,SVB2025Math11.pdf,deploy/материалы/mathus.ru
mathus.ru,math,9,,олимпиадные листки,задачи,MVO2019Math9.pdf,deploy/материалы/mathus.ru
mathus.ru,math,11,,олимпиадные листки,задачи,Phystech2023Phys-otbor2-11.pdf,deploy/материалы/mathus.ru
mathus.ru,math,10,,олимпиадные листки,задачи,PVG2024Phys10.pdf,deploy/материалы/mathus.ru
mathus.ru,math,9,,олимпиадные листки,задачи,Kurchatov2026Phys9.pdf,deploy/материалы/mathus.ru
mathus.ru,math,7,,олимпиадные листки,задачи,Rosatom2026Phys7.pdf,deploy/материалы/mathus.ru
mathus.ru,math,,,олимпиадные листки,задачи,mhb.pdf,deploy/материалы/mathus.ru
mathus.ru,math,7,,олимпиадные листки,задачи,VserosPhys2026S7.pdf,deploy/материалы/mathus.ru
mathus.ru,math,,,олимпиадные листки,задачи,vecmech.pdf,deploy/материалы/mathus.ru
mathus.ru,math,8,,олимпиадные листки,задачи,ITMO2022Math8.pdf,deploy/материалы/mathus.ru
mathus.ru,math,,,олимпиадные листки,задачи,quantumphysics.pdf,deploy/материалы/mathus.ru
mathus.ru,math,9,,олимпиадные листки,задачи,PVG2020Math9a.pdf,deploy/материалы/mathus.ru
mathus.ru,math,8,,олимпиадные листки,задачи,ITMO2023Math8.pdf,deploy/материалы/mathus.ru
mathus.ru,math,9,,олимпиадные листки,задачи,ITMO2023Math9.pdf,deploy/материалы/mathus.ru
mathus.ru,math,,,олимпиадные листки,задачи,raventre.pdf,deploy/материалы/mathus.ru
mathus.ru,math,9,,олимпиадные листки,задачи,ITMO2022Math9.pdf,deploy/материалы/mathus.ru
mathus.ru,math,7,,олимпиадные листки,задачи,comb1.pdf,deploy/материалы/mathus.ru
mathus.ru,math,7,,олимпиадные листки,задачи,fizteh-online2015f7.pdf,deploy/материалы/mathus.ru
mathus.ru,math,11,,олимпиадные листки,задачи,vseros2003f11fin.pdf,deploy/материалы/mathus.ru
mathus.ru,math,5,,олимпиадные листки,задачи,vseros2016m1-5.pdf,deploy/материалы/mathus.ru
mathus.ru,math,8,,олимпиадные листки,задачи,Kurchatov2026Phys8.pdf,deploy/материалы/mathus.ru
mathus.ru,math,11,,олимпиадные листки,задачи,PVG2024Phys11.pdf,deploy/материалы/mathus.ru
mathus.ru,math,5,,олимпиадные листки,задачи,EH2019Math5.pdf,deploy/материалы/mathus.ru
mathus.ru,math,10,,олимпиадные листки,задачи,SVB2025Math10.pdf,deploy/материалы/mathus.ru
mathus.ru,math,,,олимпиадные листки,задачи,linliq.pdf,deploy/материалы/mathus.ru
mathus.ru,math,10,,олимпиадные листки,задачи,Phystech2023Phys-otbor2-10.pdf,deploy/материалы/mathus.ru
mathus.ru,math,,,олимпиадные листки,задачи,masspru.pdf,deploy/материалы/mathus.ru
mathus.ru,math,11,,олимпиадные листки,задачи,ommo2010.pdf,deploy/материалы/mathus.ru
mathus.ru,math,10,,олимпиадные листки,задачи,Vsesib2024Phys10.pdf,deploy/материалы/mathus.ru
mathus.ru,math,9,,олимпиадные листки,задачи,vseros2000f9zon.pdf,deploy/материалы/mathus.ru
mathus.ru,math,,,олимпиадные листки,задачи,truzhi.pdf,deploy/материалы/mathus.ru
mathus.ru,math,10,,олимпиадные листки,задачи,Lom2020Math10.pdf,deploy/материалы/mathus.ru
mathus.ru,math,11,,олимпиадные листки,задачи,KFU2019Math11.pdf,deploy/материалы/mathus.ru
mathus.ru,math,9,,олимпиадные листки,задачи,vseros2001f9zon.pdf,deploy/материалы/mathus.ru
mathus.ru,math,8,,олимпиадные листки,задачи,mfo2011-8tur2.pdf,deploy/материалы/mathus.ru
mathus.ru,math,8,,олимпиадные листки,задачи,SVB2025MathOtbor8v2.pdf,deploy/материалы/mathus.ru
mathus.ru,math,,,олимпиадные листки,задачи,upru.pdf,deploy/материалы/mathus.ru
mathus.ru,math,9,,олимпиадные листки,задачи,vp2016m9.pdf,deploy/материалы/mathus.ru
mathus.ru,math,10,,олимпиадные листки,задачи,fizteh2015m10v2.pdf,deploy/материалы/mathus.ru
mathus.ru,math,,,олимпиадные листки,задачи,u.pdf,deploy/материалы/mathus.ru
mathus.ru,math,9,,олимпиадные листки,задачи,turgor2017os89.pdf,deploy/материалы/mathus.ru
mathus.ru,math,6,,олимпиадные листки,задачи,FETT2023Math6.pdf,deploy/материалы/mathus.ru
mathus.ru,math,8,,олимпиадные листки,задачи,mfo2015-8tur0zaoch.pdf,deploy/материалы/mathus.ru
mathus.ru,math,,,олимпиадные листки,задачи,180.pdf,deploy/материалы/mathus.ru
mathus.ru,math,,,олимпиадные листки,задачи,trigform.pdf,deploy/материалы/mathus.ru
mathus.ru,math,,,олимпиадные листки,задачи,ves.pdf,deploy/материалы/mathus.ru
mathus.ru,math,11,,олимпиадные листки,задачи,Rosatom2021Phys11v2.pdf,deploy/материалы/mathus.ru
mathus.ru,math,11,,олимпиадные листки,задачи,mfo2007-11tur2.pdf,deploy/материалы/mathus.ru
mathus.ru,math,6,,олимпиадные листки,задачи,FETT2022Math6.pdf,deploy/материалы/mathus.ru
mathus.ru,math,10,,олимпиадные листки,задачи,ussr84m10.pdf,deploy/материалы/mathus.ru
mathus.ru,math,11,,олимпиадные листки,задачи,PVG2024Math11.pdf,deploy/материалы/mathus.ru
mathus.ru,math,6,,олимпиадные листки,задачи,pvg2018m5-6v3a.pdf,deploy/материалы/mathus.ru
mathus.ru,math,11,,олимпиадные листки,задачи,Phystech2019Phys11v1.pdf,deploy/материалы/mathus.ru
mathus.ru,math,,,олимпиадные листки,задачи,circuits.pdf,deploy/материалы/mathus.ru
mathus.ru,math,10,,олимпиадные листки,задачи,SVB2025Phys10.pdf,deploy/материалы/mathus.ru
mathus.ru,math,10,,олимпиадные листки,задачи,Rosatom2016Math10.pdf,deploy/материалы/mathus.ru
mathus.ru,math,9,,олимпиадные листки,задачи,VserosMath2021Z9.pdf,deploy/материалы/mathus.ru
mathus.ru,math,8,,олимпиадные листки,задачи,rosatom2011f8.pdf,deploy/материалы/mathus.ru
mathus.ru,math,,,олимпиадные листки,задачи,Euler2011Otbor3.pdf,deploy/материалы/mathus.ru
mathus.ru,math,10,,олимпиадные листки,задачи,Vsesib2024Math10.pdf,deploy/материалы/mathus.ru
mathus.ru,math,11,,олимпиадные листки,задачи,KFU2019Phys11v2.pdf,deploy/материалы/mathus.ru
mathus.ru,math,11,,олимпиадные листки,задачи,pvg2017f10-11b2.pdf,deploy/материалы/mathus.ru
mathus.ru,math,8,,олимпиадные листки,задачи,pvg2017m7-8v1b.pdf,deploy/материалы/mathus.ru
mathus.ru,math,11,,олимпиадные листки,задачи,Rosatom2020Math11v1.pdf,deploy/материалы/mathus.ru
mathus.ru,math,,,олимпиадные листки,задачи,msuKasaOkr.pdf,deploy/материалы/mathus.ru
mathus.ru,math,5,,олимпиадные листки,задачи,KFU2022Math5.pdf,deploy/материалы/mathus.ru
mathus.ru,math,6,,олимпиадные листки,задачи,ustn2010-6.pdf,deploy/материалы/mathus.ru
mathus.ru,math,11,,олимпиадные листки,задачи,ITMO2018Math11.pdf,deploy/материалы/mathus.ru
mathus.ru,math,7,,олимпиадные листки,задачи,vseros2015m2-7.pdf,deploy/материалы/mathus.ru
mathus.ru,math,5,,олимпиадные листки,задачи,KFU2023Math5.pdf,deploy/материалы/mathus.ru
mathus.ru,math,,,олимпиадные листки,задачи,sum.pdf,deploy/материалы/mathus.ru
mathus.ru,math,,,олимпиадные листки,задачи,grav.pdf,deploy/материалы/mathus.ru
mathus.ru,math,10,,олимпиадные листки,задачи,ussr88m10.pdf,deploy/материалы/mathus.ru
mathus.ru,math,9,,олимпиадные листки,задачи,MosPhys2022otbor2tur9.pdf,deploy/материалы/mathus.ru
mathus.ru,math,,,олимпиадные листки,задачи,plokon.pdf,deploy/материалы/mathus.ru
mathus.ru,math,7,,олимпиадные листки,задачи,MosPhys2021zz3-7.pdf,deploy/материалы/mathus.ru
mathus.ru,math,11,,олимпиадные листки,задачи,EH2021Phys11.pdf,deploy/материалы/mathus.ru
mathus.ru,math,11,,олимпиадные листки,задачи,vseros1999f11zon.pdf,deploy/материалы/mathus.ru
mathus.ru,math,,,олимпиадные листки,задачи,Rosatom2022Math11.4.pdf,deploy/материалы/mathus.ru
mathus.ru,math,,,олимпиадные листки,задачи,elenag.pdf,deploy/материалы/mathus.ru
mathus.ru,math,11,,олимпиадные листки,задачи,rosatom2017f11v4.pdf,deploy/материалы/mathus.ru
mathus.ru,math,,,олимпиадные листки,задачи,sferizer.pdf,deploy/материалы/mathus.ru
mathus.ru,math,7,,олимпиадные листки,задачи,MosPhys2020zz3-7.pdf,deploy/материалы/mathus.ru
mathus.ru,math,9,,олимпиадные листки,задачи,vseros2017f1-9.pdf,deploy/материалы/mathus.ru
mathus.ru,math,11,,олимпиадные листки,задачи,Eng2023-11.pdf,deploy/материалы/mathus.ru
mathus.ru,math,11,,олимпиадные листки,задачи,Phystech2026PhysOtbor11v1.pdf,deploy/материалы/mathus.ru
mathus.ru,math,8,,олимпиадные листки,задачи,SVB2024PhysOtbor8v1.pdf,deploy/материалы/mathus.ru
mathus.ru,math,9,,олимпиадные листки,задачи,Belchonok2024Math9v1.pdf,deploy/материалы/mathus.ru
mathus.ru,math,11,,олимпиадные листки,задачи,turn.pdf,deploy/материалы/mathus.ru
mathus.ru,math,10,,олимпиадные листки,задачи,Phystech2025MathOtbor10v1.pdf,deploy/материалы/mathus.ru
mathus.ru,math,6,,олимпиадные листки,задачи,VserosMath2020S6.pdf,deploy/материалы/mathus.ru
mathus.ru,math,9,,олимпиадные листки,задачи,kurchatov2015f9.pdf,deploy/материалы/mathus.ru
mathus.ru,math,,,олимпиадные листки,задачи,trigonur.pdf,deploy/материалы/mathus.ru
mathus.ru,math,10,,олимпиадные листки,задачи,mmo2012-10.pdf,deploy/материалы/mathus.ru
mathus.ru,math,,,олимпиадные листки,задачи,Planimetry.pdf,deploy/материалы/mathus.ru
mathus.ru,math,,,олимпиадные листки,задачи,rabener.pdf,deploy/материалы/mathus.ru
mathus.ru,math,9,,олимпиадные листки,задачи,vseros2008f9okr.pdf,deploy/материалы/mathus.ru
mathus.ru,math,7,,олимпиадные листки,задачи,MosPhys2023otbor2tur7.pdf,deploy/материалы/mathus.ru
mathus.ru,math,11,,олимпиадные листки,задачи,FETT2019Phys11.pdf,deploy/материалы/mathus.ru
mathus.ru,math,11,,олимпиадные листки,задачи,MosPhys2024tur1-11.pdf,deploy/материалы/mathus.ru
mathus.ru,math,,,олимпиадные листки,задачи,DVImath2019.pdf,deploy/материалы/mathus.ru
mathus.ru,math,10,,олимпиадные листки,задачи,vseros2013f3-10.pdf,deploy/материалы/mathus.ru
mathus.ru,math,11,,олимпиадные листки,задачи,EH2021Math11.pdf,deploy/материалы/mathus.ru
mathus.ru,math,11,,олимпиадные листки,задачи,fizteh-lyc2015m11.pdf,deploy/материалы/mathus.ru
mathus.ru,math,10,,олимпиадные листки,задачи,vseros2012f3-10.pdf,deploy/материалы/mathus.ru
mathus.ru,math,11,,олимпиадные листки,задачи,mmo2024-11.pdf,deploy/материалы/mathus.ru
mathus.ru,math,10,,олимпиадные листки,задачи,Phystech2024Phys10v1.pdf,deploy/материалы/mathus.ru
mathus.ru,math,8,,олимпиадные листки,задачи,Phystech2023Math-otbor2-8.pdf,deploy/материалы/mathus.ru
mathus.ru,math,,,олимпиадные листки,задачи,log.pdf,deploy/материалы/mathus.ru
mathus.ru,math,10,,олимпиадные листки,задачи,fizteh2018f10v2.pdf,deploy/материалы/mathus.ru
mathus.ru,math,7,,олимпиадные листки,задачи,ustn2009-7.pdf,deploy/материалы/mathus.ru
mathus.ru,math,9,,олимпиадные листки,задачи,Kurchatov2019Phys9.pdf,deploy/материалы/mathus.ru
mathus.ru,math,9,,олимпиадные листки,задачи,fizteh2018f9v1.pdf,deploy/материалы/mathus.ru
mathus.ru,math,11,,олимпиадные листки,задачи,turgor2017os1011.pdf,deploy/материалы/mathus.ru
mathus.ru,math,4,,олимпиадные листки,задачи,VserosMath2022S4.pdf,deploy/материалы/mathus.ru
mathus.ru,math,7,,олимпиадные листки,задачи,Rosatom2019Phys7.pdf,deploy/материалы/mathus.ru
mathus.ru,math,10,,олимпиадные листки,задачи,mfo2015-10tur0och.pdf,deploy/материалы/mathus.ru
mathus.ru,math,,,олимпиадные листки,задачи,Euler2024Otbor2.pdf,deploy/материалы/mathus.ru
mathus.ru,math,,,олимпиадные листки,задачи,orgr.pdf,deploy/материалы/mathus.ru
mathus.ru,math,8,,олимпиадные листки,задачи,Vsesib2024Phys8.pdf,deploy/материалы/mathus.ru
mathus.ru,math,9,,олимпиадные листки,задачи,pvg2017f7-9b17.pdf,deploy/материалы/mathus.ru
mathus.ru,math,10,,олимпиадные листки,задачи,Phystech2025Math10v2.pdf,deploy/материалы/mathus.ru
mathus.ru,math,9,,олимпиадные листки,задачи,lom2017m9.pdf,deploy/материалы/mathus.ru
mathus.ru,math,9,,олимпиадные листки,задачи,pvg2015f7-9.pdf,deploy/материалы/mathus.ru
mathus.ru,math,8,,олимпиадные листки,задачи,PVG2019Math78v1a.pdf,deploy/материалы/mathus.ru
mathus.ru,math,11,,олимпиадные листки,задачи,FETT2019Math11.pdf,deploy/материалы/mathus.ru
mathus.ru,math,11,,олимпиадные листки,задачи,pvg2010m10-11nnov.pdf,deploy/материалы/mathus.ru
mathus.ru,math,8,,олимпиадные листки,задачи,Vsesib2025Phys8.pdf,deploy/материалы/mathus.ru
mathus.ru,math,8,,олимпиадные листки,задачи,mfo2008-8tur1.pdf,deploy/материалы/mathus.ru
mathus.ru,math,9,,олимпиадные листки,задачи,Phystech2025Phys9v1.pdf,deploy/материалы/mathus.ru
mathus.ru,math,,,олимпиадные листки,задачи,OtaNodNok.pdf,deploy/материалы/mathus.ru
mathus.ru,math,7,,олимпиадные листки,задачи,mp2016-7.pdf,deploy/материалы/mathus.ru
mathus.ru,math,7,,олимпиадные листки,задачи,maxwell2016fin7.pdf,deploy/материалы/mathus.ru
mathus.ru,math,11,,олимпиадные листки,задачи,Belchonok2022Math11v2.pdf,deploy/материалы/mathus.ru
mathus.ru,math,10,,олимпиадные листки,задачи,vseros1996f10zon.pdf,deploy/материалы/mathus.ru
mathus.ru,math,6,,олимпиадные листки,задачи,Belchonok2025Math6v2.pdf,deploy/материалы/mathus.ru
mathus.ru,math,7,,олимпиадные листки,задачи,fizteh-lyc2015m7.pdf,deploy/материалы/mathus.ru
mathus.ru,math,,,олимпиадные листки,задачи,raspad.pdf,deploy/материалы/mathus.ru
mathus.ru,math,,,олимпиадные листки,задачи,volsurf.pdf,deploy/материалы/mathus.ru
mathus.ru,math,9,,олимпиадные листки,задачи,mfo2014-9tur0zaoch2.pdf,deploy/материалы/mathus.ru
mathus.ru,math,9,,олимпиадные листки,задачи,Phystech2020Math9v2.pdf,deploy/материалы/mathus.ru
mathus.ru,math,9,,олимпиадные листки,задачи,FETT2019Math9.pdf,deploy/материалы/mathus.ru
mathus.ru,math,9,,олимпиадные листки,задачи,mmo2023-9.pdf,deploy/материалы/mathus.ru
mathus.ru,math,9,,олимпиадные листки,задачи,VserosMath2025Z9.pdf,deploy/материалы/mathus.ru
mathus.ru,math,9,,олимпиадные листки,задачи,VP2024Phys9.pdf,deploy/материалы/mathus.ru
mathus.ru,math,8,,олимпиадные листки,задачи,rosatom2015f8.pdf,deploy/материалы/mathus.ru
mathus.ru,math,9,,олимпиадные листки,задачи,FETT2018Math9.pdf,deploy/материалы/mathus.ru
mathus.ru,math,10,,олимпиадные листки,задачи,vseros2007f10fin.pdf,deploy/материалы/mathus.ru
mathus.ru,math,9,,олимпиадные листки,задачи,VP2025Phys9.pdf,deploy/материалы/mathus.ru
mathus.ru,math,10,,олимпиадные листки,задачи,MVO2018Math10.pdf,deploy/материалы/mathus.ru
mathus.ru,math,11,,олимпиадные листки,задачи,mfo2013-11tur1.pdf,deploy/материалы/mathus.ru
mathus.ru,math,10,,олимпиадные листки,задачи,Kurchatov2022Math10.pdf,deploy/материалы/mathus.ru
mathus.ru,math,8,,олимпиадные листки,задачи,Rosatom2015Math8.pdf,deploy/материалы/mathus.ru
mathus.ru,math,6,,олимпиадные листки,задачи,ustn2014-6.pdf,deploy/материалы/mathus.ru
mathus.ru,math,6,,олимпиадные листки,задачи,VserosMath2019S6.pdf,deploy/материалы/mathus.ru
mathus.ru,math,,,олимпиадные листки,задачи,minimax.pdf,deploy/материалы/mathus.ru
mathus.ru,math,9,,олимпиадные листки,задачи,vp2012m9.pdf,deploy/материалы/mathus.ru
mathus.ru,math,8,,олимпиадные листки,задачи,Belchonok2019Math8v1.pdf,deploy/материалы/mathus.ru
mathus.ru,math,8,,олимпиадные листки,задачи,vseros2016f1-8.pdf,deploy/материалы/mathus.ru
mathus.ru,math,,,олимпиадные листки,задачи,arifmedey.pdf,deploy/материалы/mathus.ru
mathus.ru,math,11,,олимпиадные листки,задачи,MosPhys2020tur2-11.pdf,deploy/материалы/mathus.ru
mathus.ru,math,,,олимпиадные листки,задачи,z255.pdf,deploy/материалы/mathus.ru
mathus.ru,math,10,,олимпиадные листки,задачи,MissVip2023Math10v1.pdf,deploy/материалы/mathus.ru
mathus.ru,math,11,,олимпиадные листки,задачи,urnervol.pdf,deploy/материалы/mathus.ru
mathus.ru,math,,,олимпиадные листки,задачи,elgas.pdf,deploy/материалы/mathus.ru
mathus.ru,math,,,олимпиадные листки,задачи,delimost.pdf,deploy/материалы/mathus.ru
mathus.ru,math,10,,олимпиадные листки,задачи,VP2023Phys10.pdf,deploy/материалы/mathus.ru
mathus.ru,math,9,,олимпиадные листки,задачи,SVB2017Math9.pdf,deploy/материалы/mathus.ru
mathus.ru,math,7,,олимпиадные листки,задачи,Belchonok2018Math7v2.pdf,deploy/материалы/mathus.ru
mathus.ru,math,,,олимпиадные листки,задачи,mm1993-05.pdf,deploy/материалы/mathus.ru
mathus.ru,math,,,олимпиадные листки,задачи,transformator.pdf,deploy/материалы/mathus.ru
mathus.ru,math,8,,олимпиадные листки,задачи,MosPhys2022tur2-8.pdf,deploy/материалы/mathus.ru
mathus.ru,math,9,,олимпиадные листки,задачи,SVB2016Math9.pdf,deploy/материалы/mathus.ru
mathus.ru,math,7,,олимпиадные листки,задачи,7phys2023.pdf,deploy/материалы/mathus.ru
mathus.ru,math,10,,олимпиадные листки,задачи,MVO2018Phys10.pdf,deploy/материалы/mathus.ru
mathus.ru,math,9,,олимпиадные листки,задачи,KFU2024Phys9.pdf,deploy/материалы/mathus.ru
mathus.ru,math,10,,олимпиадные листки,задачи,Kurchatov2022Phys10.pdf,deploy/материалы/mathus.ru
mathus.ru,math,,,олимпиадные листки,задачи,integral-mech.pdf,deploy/материалы/mathus.ru
mathus.ru,math,9,,олимпиадные листки,задачи,KFU2025Phys9.pdf,deploy/материалы/mathus.ru
mathus.ru,math,6,,олимпиадные листки,задачи,fizteh-online2016m6.pdf,deploy/материалы/mathus.ru
mathus.ru,math,9,,олимпиадные листки,задачи,ballistika.pdf,deploy/материалы/mathus.ru
mathus.ru,math,8,,олимпиадные листки,задачи,EH2016Math8.pdf,deploy/материалы/mathus.ru
mathus.ru,math,10,,олимпиадные листки,задачи,MissVip2018Math10.pdf,deploy/материалы/mathus.ru
mathus.ru,math,8,,олимпиадные листки,задачи,mfo2017-8tur1.pdf,deploy/материалы/mathus.ru
mathus.ru,math,8,,олимпиадные листки,задачи,EH2017Math8.pdf,deploy/материалы/mathus.ru
mathus.ru,math,6,,олимпиадные листки,задачи,PVG2026Math56.pdf,deploy/материалы/mathus.ru
mathus.ru,math,11,,олимпиадные листки,задачи,lom10-11m2014.pdf,deploy/материалы/mathus.ru
mathus.ru,math,9,,олимпиадные листки,задачи,fizteh-online2018m9.pdf,deploy/материалы/mathus.ru
mathus.ru,math,11,,олимпиадные листки,задачи,InnopolisOpen2021Math11.pdf,deploy/материалы/mathus.ru
mathus.ru,math,,,олимпиадные листки,задачи,ostear.pdf,deploy/материалы/mathus.ru
mathus.ru,math,10,,олимпиадные листки,задачи,MosPhys2024otbor10.pdf,deploy/материалы/mathus.ru
mathus.ru,math,11,,олимпиадные листки,задачи,vseros2008f11fin.pdf,deploy/материалы/mathus.ru
mathus.ru,math,6,,олимпиадные листки,задачи,pvg2018m5-6v2a.pdf,deploy/материалы/mathus.ru
mathus.ru,math,11,,олимпиадные листки,задачи,pvg2017f10-11b6.pdf,deploy/материалы/mathus.ru
mathus.ru,math,9,,олимпиадные листки,задачи,PVG2021Math9.pdf,deploy/материалы/mathus.ru
mathus.ru,math,8,,олимпиадные листки,задачи,vseros2018m2-8.pdf,deploy/материалы/mathus.ru
mathus.ru,math,8,,олимпиадные листки,задачи,Rosatom2022Phys8.pdf,deploy/материалы/mathus.ru
mathus.ru,math,,,олимпиадные листки,задачи,krivitra.pdf,deploy/материалы/mathus.ru
mathus.ru,math,10,,олимпиадные листки,задачи,Belchonok2021Math10v1.pdf,deploy/материалы/mathus.ru
mathus.ru,math,11,,олимпиадные листки,задачи,mmo2010-11.pdf,deploy/материалы/mathus.ru
mathus.ru,math,9,,олимпиадные листки,задачи,VserosPhys2023Z9.pdf,deploy/материалы/mathus.ru
mathus.ru,math,,,олимпиадные листки,задачи,KombiVero_RA.pdf,deploy/материалы/mathus.ru
mathus.ru,math,,,олимпиадные листки,задачи,MIPTmath1999v2.pdf,deploy/материалы/mathus.ru
mathus.ru,math,,,олимпиадные листки,задачи,localom.pdf,deploy/материалы/mathus.ru
mathus.ru,math,8,,олимпиадные листки,задачи,Rosatom2023Phys8.pdf,deploy/материалы/mathus.ru
mathus.ru,math,7,,олимпиадные листки,задачи,mp2012-7.pdf,deploy/материалы/mathus.ru
mathus.ru,math,,,олимпиадные листки,задачи,ll.pdf,deploy/материалы/mathus.ru
mathus.ru,math,7,,олимпиадные листки,задачи,ITMO2026Math7.pdf,deploy/материалы/mathus.ru
mathus.ru,math,7,,олимпиадные листки,задачи,Belchonok2022Math7v1.pdf,deploy/материалы/mathus.ru
mathus.ru,math,11,,олимпиадные листки,задачи,mfo2014-11tur0zaoch4.pdf,deploy/материалы/mathus.ru
mathus.ru,math,10,,олимпиадные листки,задачи,ITMO2026Math10.pdf,deploy/материалы/mathus.ru
mathus.ru,math,11,,олимпиадные листки,задачи,Phystech2026Math11v1.pdf,deploy/материалы/mathus.ru
mathus.ru,math,7,,олимпиадные листки,задачи,mfo2016-7tur0och.pdf,deploy/материалы/mathus.ru
mathus.ru,math,,,олимпиадные листки,задачи,szf.pdf,deploy/материалы/mathus.ru
mathus.ru,math,10,,олимпиадные листки,задачи,Eng2021-10.pdf,deploy/материалы/mathus.ru
mathus.ru,math,,,олимпиадные листки,задачи,cc.pdf,deploy/материалы/mathus.ru
mathus.ru,math,8,,олимпиадные листки,задачи,Lom2024Math78.pdf,deploy/материалы/mathus.ru
mathus.ru,math,,,олимпиадные листки,задачи,Z_FT.pdf,deploy/материалы/mathus.ru
mathus.ru,math,9,,олимпиадные листки,задачи,pvg2018m9v1b.pdf,deploy/материалы/mathus.ru
mathus.ru,math,,,олимпиадные листки,задачи,MIPTphys2008v4.pdf,deploy/материалы/mathus.ru
mathus.ru,math,11,,олимпиадные листки,задачи,SVB2025MathOtbor11v2.pdf,deploy/материалы/mathus.ru
mathus.ru,math,10,,олимпиадные листки,задачи,BIBN2025Math10.pdf,deploy/материалы/mathus.ru
mathus.ru,math,,,олимпиадные листки,задачи,Euler2022Otbor1.pdf,deploy/материалы/mathus.ru
mathus.ru,math,4,,олимпиадные листки,задачи,VserosMath2026S4.pdf,deploy/материалы/mathus.ru
mathus.ru,math,,,олимпиадные листки,задачи,egec1.pdf,deploy/материалы/mathus.ru
mathus.ru,math,,,олимпиадные листки,задачи,kombigeom.pdf,deploy/материалы/mathus.ru
mathus.ru,math,11,,олимпиадные листки,задачи,ommo2014.pdf,deploy/материалы/mathus.ru
mathus.ru,math,8,,олимпиадные листки,задачи,FETT2026Math8.pdf,deploy/материалы/mathus.ru
mathus.ru,math,,,олимпиадные листки,задачи,zarplast.pdf,deploy/материалы/mathus.ru
mathus.ru,math,9,,олимпиадные листки,задачи,vseros2014f4-9.pdf,deploy/материалы/mathus.ru
mathus.ru,math,9,,олимпиадные листки,задачи,fizteh9f2012.pdf,deploy/материалы/mathus.ru
mathus.ru,math,11,,олимпиадные листки,задачи,Rosatom2017Math11v1.pdf,deploy/материалы/mathus.ru
mathus.ru,math,,,олимпиадные листки,задачи,fizteh2009fd.pdf,deploy/материалы/mathus.ru
mathus.ru,math,,,олимпиадные листки,задачи,gidrostatika.pdf,deploy/материалы/mathus.ru
mathus.ru,math,8,,олимпиадные листки,задачи,kurchatov2016m8.pdf,deploy/материалы/mathus.ru
mathus.ru,math,11,,олимпиадные листки,задачи,SVB2019Math11v1.pdf,deploy/материалы/mathus.ru
mathus.ru,math,6,,олимпиадные листки,задачи,vseros2014m2-6.pdf,deploy/материалы/mathus.ru
mathus.ru,math,11,,олимпиадные листки,задачи,Phystech2024Math-otbor1-11.pdf,deploy/материалы/mathus.ru
mathus.ru,math,9,,олимпиадные листки,задачи,SVB2021Phys9.pdf,deploy/материалы/mathus.ru
mathus.ru,math,5,,олимпиадные листки,задачи,Belchonok2022Math5v3.pdf,deploy/материалы/mathus.ru
mathus.ru,math,,,олимпиадные листки,задачи,pizan.pdf,deploy/материалы/mathus.ru
mathus.ru,math,9,,олимпиадные листки,задачи,SVB2020Math9v1.pdf,deploy/материалы/mathus.ru
mathus.ru,math,11,,олимпиадные листки,задачи,vseros1992f11zon.pdf,deploy/материалы/mathus.ru
mathus.ru,math,8,,олимпиадные листки,задачи,EH2021Phys8.pdf,deploy/материалы/mathus.ru
mathus.ru,math,,,олимпиадные листки,задачи,Rosatom2017Math11z2.pdf,deploy/материалы/mathus.ru
mathus.ru,math,8,,олимпиадные листки,задачи,BIBN2024Phys8.pdf,deploy/материалы/mathus.ru
mathus.ru,math,8,,олимпиадные листки,задачи,Belchonok2023Math8v2.pdf,deploy/материалы/mathus.ru
mathus.ru,math,10,,олимпиадные листки,задачи,vseros2016m2-10.pdf,deploy/материалы/mathus.ru
mathus.ru,math,,,олимпиадные листки,задачи,MIPTmath2008v2.pdf,deploy/материалы/mathus.ru
mathus.ru,math,8,,олимпиадные листки,задачи,BIBN2025Phys8.pdf,deploy/материалы/mathus.ru
mathus.ru,math,11,,олимпиадные листки,задачи,ussr1992f11fin.pdf,deploy/материалы/mathus.ru
mathus.ru,math,8,,олимпиадные листки,задачи,EH2020Phys8.pdf,deploy/материалы/mathus.ru
mathus.ru,math,6,,олимпиадные листки,задачи,VserosMath2024S6.pdf,deploy/материалы/mathus.ru
mathus.ru,math,7,,олимпиадные листки,задачи,kurchatov2018m7.pdf,deploy/материалы/mathus.ru
mathus.ru,math,10,,олимпиадные листки,задачи,vseros2017m2-10.pdf,deploy/материалы/mathus.ru
mathus.ru,math,9,,олимпиадные листки,задачи,PVG2020Phys79b11.pdf,deploy/материалы/mathus.ru
mathus.ru,math,10,,олимпиадные листки,задачи,mfo2016-10tur1.pdf,deploy/материалы/mathus.ru
mathus.ru,math,10,,олимпиадные листки,задачи,BIBN2025Phys10.pdf,deploy/материалы/mathus.ru
mathus.ru,math,7,,олимпиадные листки,задачи,VserosMath2024S7.pdf,deploy/материалы/mathus.ru
mathus.ru,math,6,,олимпиадные листки,задачи,kurchatov2018m6.pdf,deploy/материалы/mathus.ru
mathus.ru,math,,,олимпиадные листки,задачи,lemmatrez.pdf,deploy/материалы/mathus.ru
mathus.ru,math,9,,олимпиадные листки,задачи,EH2020Phys9.pdf,deploy/материалы/mathus.ru
mathus.ru,math,9,,олимпиадные листки,задачи,BIBN2025Phys9.pdf,deploy/материалы/mathus.ru
mathus.ru,math,10,,олимпиадные листки,задачи,Phystech2020Math10v2.pdf,deploy/материалы/mathus.ru
mathus.ru,math,10,,олимпиадные листки,задачи,mfo2007-10tur2.pdf,deploy/материалы/mathus.ru
mathus.ru,math,11,,олимпиадные листки,задачи,BIBN2025Phys11.pdf,deploy/материалы/mathus.ru
mathus.ru,math,11,,олимпиадные листки,задачи,vseros2017m2-11.pdf,deploy/материалы/mathus.ru
mathus.ru,math,9,,олимпиадные листки,задачи,BIBN2024Phys9.pdf,deploy/материалы/mathus.ru
mathus.ru,math,9,,олимпиадные листки,задачи,EH2021Phys9.pdf,deploy/материалы/mathus.ru
mathus.ru,math,,,олимпиадные листки,задачи,MIPTmath2008v3.pdf,deploy/материалы/mathus.ru
mathus.ru,math,11,,олимпиадные листки,задачи,vseros2016m2-11.pdf,deploy/материалы/mathus.ru
mathus.ru,math,9,,олимпиадные листки,задачи,Lom2024Phys79.pdf,deploy/материалы/mathus.ru
mathus.ru,math,9,,олимпиадные листки,задачи,turgor2016os89.pdf,deploy/материалы/mathus.ru
mathus.ru,math,7,,олимпиадные листки,задачи,vp2021m7.pdf,deploy/материалы/mathus.ru
mathus.ru,math,10,,олимпиадные листки,задачи,vseros2005f10okr.pdf,deploy/материалы/mathus.ru
mathus.ru,math,7,,олимпиадные листки,задачи,Vsesib2017Math7.pdf,deploy/материалы/mathus.ru
mathus.ru,math,11,,олимпиадные листки,задачи,MosPhys2021tur1-11.pdf,deploy/материалы/mathus.ru
mathus.ru,math,7,,олимпиадные листки,задачи,Vsesib2016Math7.pdf,deploy/материалы/mathus.ru
mathus.ru,math,7,,олимпиадные листки,задачи,vseros2014m2-7.pdf,deploy/материалы/mathus.ru
mathus.ru,math,9,,олимпиадные листки,задачи,Belchonok2021Math9v1.pdf,deploy/материалы/mathus.ru
mathus.ru,math,,,олимпиадные листки,задачи,decimal.pdf,deploy/материалы/mathus.ru
mathus.ru,math,11,,олимпиадные листки,задачи,fizteh2018m11v1.pdf,deploy/материалы/mathus.ru
mathus.ru,math,5,,олимпиадные листки,задачи,Belchonok2022Math5v2.pdf,deploy/материалы/mathus.ru
mathus.ru,math,8,,олимпиадные листки,задачи,SVB2021Phys8.pdf,deploy/материалы/mathus.ru
mathus.ru,math,10,,олимпиадные листки,задачи,Phystech2024Math-otbor1-10.pdf,deploy/материалы/mathus.ru
mathus.ru,math,10,,олимпиадные листки,задачи,Phystech2021Phys10v1.pdf,deploy/материалы/mathus.ru
mathus.ru,math,,,олимпиадные листки,задачи,isogonal.pdf,deploy/материалы/mathus.ru
mathus.ru,math,9,,олимпиадные листки,задачи,Eng2026otbor9.pdf,deploy/материалы/mathus.ru
mathus.ru,math,9,,олимпиадные листки,задачи,kurchatov2016m9.pdf,deploy/материалы/mathus.ru
mathus.ru,math,8,,олимпиадные листки,задачи,SVB2022Math8v2.pdf,deploy/материалы/mathus.ru
mathus.ru,math,,,олимпиадные листки,задачи,AntMant.pdf,deploy/материалы/mathus.ru
mathus.ru,math,10,,олимпиадные листки,задачи,SVB2016Math10v1.pdf,deploy/материалы/mathus.ru
mathus.ru,math,9,,олимпиадные листки,задачи,FETT2026Math9.pdf,deploy/материалы/mathus.ru
mathus.ru,math,10,,олимпиадные листки,задачи,vseros2001f10zon.pdf,deploy/материалы/mathus.ru
mathus.ru,math,7,,олимпиадные листки,задачи,VserosMath2023M7.pdf,deploy/материалы/mathus.ru
mathus.ru,math,11,,олимпиадные листки,задачи,BIBN2025Math11.pdf,deploy/материалы/mathus.ru
mathus.ru,math,9,,олимпиадные листки,задачи,Phystech2020Phys9v1.pdf,deploy/материалы/mathus.ru
mathus.ru,math,5,,олимпиадные листки,задачи,vseros2017m1-5.pdf,deploy/материалы/mathus.ru
mathus.ru,math,5,,олимпиадные листки,задачи,VserosMath2026S5.pdf,deploy/материалы/mathus.ru
mathus.ru,math,9,,олимпиадные листки,задачи,Phystech2025Math9v2.pdf,deploy/материалы/mathus.ru
mathus.ru,math,,,олимпиадные листки,задачи,zre.pdf,deploy/материалы/mathus.ru
mathus.ru,math,,,олимпиадные листки,задачи,simson.pdf,deploy/материалы/mathus.ru
mathus.ru,math,11,,олимпиадные листки,задачи,Eng2021-11.pdf,deploy/материалы/mathus.ru
mathus.ru,math,9,,олимпиадные листки,задачи,mfo2011-9tur2.pdf,deploy/материалы/mathus.ru
mathus.ru,math,11,,олимпиадные листки,задачи,ITMO2026Math11.pdf,deploy/материалы/mathus.ru
mathus.ru,math,,,олимпиадные листки,задачи,nr.pdf,deploy/материалы/mathus.ru
mathus.ru,math,8,,олимпиадные листки,задачи,Maxwell2023R8.pdf,deploy/материалы/mathus.ru
mathus.ru,math,7,,олимпиадные листки,задачи,pvg7m2014.pdf,deploy/материалы/mathus.ru
mathus.ru,math,9,,олимпиадные листки,задачи,SVB2024MathOtbor9v2.pdf,deploy/материалы/mathus.ru
mathus.ru,math,6,,олимпиадные листки,задачи,mp2012-6.pdf,deploy/материалы/mathus.ru
mathus.ru,math,10,,олимпиадные листки,задачи,mmo2010-10.pdf,deploy/материалы/mathus.ru
mathus.ru,math,,,олимпиадные листки,задачи,ne.pdf,deploy/материалы/mathus.ru
mathus.ru,math,7,,олимпиадные листки,задачи,Kurchatov2023Phys7.pdf,deploy/материалы/mathus.ru
mathus.ru,math,9,,олимпиадные листки,задачи,Rosatom2023Phys9.pdf,deploy/материалы/mathus.ru
mathus.ru,math,,,олимпиадные листки,задачи,genformulin.pdf,deploy/материалы/mathus.ru
mathus.ru,math,,,олимпиадные листки,задачи,lom2006m.pdf,deploy/материалы/mathus.ru
mathus.ru,math,7,,олимпиадные листки,задачи,Kurchatov2022Phys7.pdf,deploy/материалы/mathus.ru
mathus.ru,math,9,,олимпиадные листки,задачи,Rosatom2022Phys9.pdf,deploy/материалы/mathus.ru
mathus.ru,math,9,,олимпиадные листки,задачи,vseros2018m2-9.pdf,deploy/материалы/mathus.ru
mathus.ru,math,11,,олимпиадные листки,задачи,rosatom2012f11obn.pdf,deploy/материалы/mathus.ru
mathus.ru,math,11,,олимпиадные листки,задачи,rosatom2012f11vlg.pdf,deploy/материалы/mathus.ru
mathus.ru,math,7,,олимпиадные листки,задачи,Vsesib2020Phys7.pdf,deploy/материалы/mathus.ru
mathus.ru,math,7,,олимпиадные листки,задачи,VserosPhys2022S7.pdf,deploy/материалы/mathus.ru
mathus.ru,math,,,олимпиадные листки,задачи,nucreac.pdf,deploy/материалы/mathus.ru
mathus.ru,math,11,,олимпиадные листки,задачи,MosPhys2024otbor11.pdf,deploy/материалы/mathus.ru
mathus.ru,math,10,,олимпиадные листки,задачи,ussr86m10.pdf,deploy/материалы/mathus.ru
mathus.ru,math,10,,олимпиадные листки,задачи,InnopolisOpen2021Math10.pdf,deploy/материалы/mathus.ru
mathus.ru,math,8,,олимпиадные листки,задачи,fizteh-online2018m8.pdf,deploy/материалы/mathus.ru
mathus.ru,math,7,,олимпиадные листки,задачи,Vsesib2021Phys7.pdf,deploy/материалы/mathus.ru
mathus.ru,math,9,,олимпиадные листки,задачи,EH2017Math9.pdf,deploy/материалы/mathus.ru
mathus.ru,math,11,,олимпиадные листки,задачи,pvg10-11m2014sar.pdf,deploy/материалы/mathus.ru
mathus.ru,math,10,,олимпиадные листки,задачи,mfo2016-10tur0och.pdf,deploy/материалы/mathus.ru
mathus.ru,math,11,,олимпиадные листки,задачи,Rosatom2025Math11v1.pdf,deploy/материалы/mathus.ru
mathus.ru,math,,,олимпиадные листки,задачи,trigok.pdf,deploy/материалы/mathus.ru
mathus.ru,math,9,,олимпиадные листки,задачи,EH2016Math9.pdf,deploy/материалы/mathus.ru
mathus.ru,math,,,олимпиадные листки,задачи,newton23.pdf,deploy/материалы/mathus.ru
mathus.ru,math,11,,олимпиадные листки,задачи,MissVip2018Math11.pdf,deploy/материалы/mathus.ru
mathus.ru,math,11,,олимпиадные листки,задачи,rosatom2017f11v1.pdf,deploy/материалы/mathus.ru
mathus.ru,math,,,олимпиадные листки,задачи,comb-prod.pdf,deploy/материалы/mathus.ru
mathus.ru,math,7,,олимпиадные листки,задачи,fizteh-online2016m7.pdf,deploy/материалы/mathus.ru
mathus.ru,math,8,,олимпиадные листки,задачи,KFU2025Phys8.pdf,deploy/материалы/mathus.ru
mathus.ru,math,7,,олимпиадные листки,задачи,tl2011fiz.pdf,deploy/материалы/mathus.ru
mathus.ru,math,7,,олимпиадные листки,задачи,ITMO2018Math7.pdf,deploy/материалы/mathus.ru
mathus.ru,math,10,,олимпиадные листки,задачи,SVB2024MathOtbor10v1.pdf,deploy/материалы/mathus.ru
mathus.ru,math,11,,олимпиадные листки,задачи,Kurchatov2022Phys11.pdf,deploy/материалы/mathus.ru
mathus.ru,math,8,,олимпиадные листки,задачи,KFU2024Phys8.pdf,deploy/материалы/mathus.ru
mathus.ru,math,11,,олимпиадные листки,задачи,MVO2018Phys11.pdf,deploy/материалы/mathus.ru
mathus.ru,math,7,,олимпиадные листки,задачи,ITMO2019Math7.pdf,deploy/материалы/mathus.ru
mathus.ru,math,9,,олимпиадные листки,задачи,mfo2008-9tur1.pdf,deploy/материалы/mathus.ru
mathus.ru,math,,,олимпиадные листки,задачи,imon.pdf,deploy/материалы/mathus.ru
mathus.ru,math,11,,олимпиадные листки,задачи,fizteh2015f11v1.pdf,deploy/материалы/mathus.ru
mathus.ru,math,11,,олимпиадные листки,задачи,pvg10-11m2012brn.pdf,deploy/материалы/mathus.ru
mathus.ru,math,9,,олимпиадные листки,задачи,pvg2014f7-9.pdf,deploy/материалы/mathus.ru
mathus.ru,math,,,олимпиадные листки,задачи,ballisvec.pdf,deploy/материалы/mathus.ru
mathus.ru,math,8,,олимпиадные листки,задачи,SVB2016Math8.pdf,deploy/материалы/mathus.ru
mathus.ru,math,9,,олимпиадные листки,задачи,MosPhys2022tur2-9.pdf,deploy/материалы/mathus.ru
mathus.ru,math,,,олимпиадные листки,задачи,lom2010m.pdf,deploy/материалы/mathus.ru
mathus.ru,math,8,,олимпиадные листки,задачи,SVB2017Math8.pdf,deploy/материалы/mathus.ru
mathus.ru,math,11,,олимпиадные листки,задачи,VP2023Phys11.pdf,deploy/материалы/mathus.ru
mathus.ru,math,11,,олимпиадные листки,задачи,Rosatom2024Phys11v2.pdf,deploy/материалы/mathus.ru
mathus.ru,math,9,,олимпиадные листки,задачи,SVB2025PhysOtbor9v1.pdf,deploy/материалы/mathus.ru
mathus.ru,math,,,олимпиадные листки,задачи,Euler2017Otbor1.pdf,deploy/материалы/mathus.ru
mathus.ru,math,7,,олимпиадные листки,задачи,VserosPhys2025M7.pdf,deploy/материалы/mathus.ru
mathus.ru,math,6,,олимпиадные листки,задачи,pvg2016m5-6v1a.pdf,deploy/материалы/mathus.ru
mathus.ru,math,9,,олимпиадные листки,задачи,pvg2016m9v3b.pdf,deploy/материалы/mathus.ru
mathus.ru,math,9,,олимпиадные листки,задачи,vseros2016f1-9.pdf,deploy/материалы/mathus.ru
mathus.ru,math,,,олимпиадные листки,задачи,interf.pdf,deploy/материалы/mathus.ru
mathus.ru,math,10,,олимпиадные листки,задачи,MosPhys2020tur2-10.pdf,deploy/материалы/mathus.ru
mathus.ru,math,11,,олимпиадные листки,задачи,vseros1994f11fin.pdf,deploy/материалы/mathus.ru
mathus.ru,math,8,,олимпиадные листки,задачи,SVB2018Math8v1.pdf,deploy/материалы/mathus.ru
mathus.ru,math,,,олимпиадные листки,задачи,ravnomer.pdf,deploy/материалы/mathus.ru
mathus.ru,math,10,,олимпиадные листки,задачи,mfo2017-10tur0zaoch.pdf,deploy/материалы/mathus.ru
mathus.ru,math,7,,олимпиадные листки,задачи,VserosMath2019S7.pdf,deploy/материалы/mathus.ru
mathus.ru,math,7,,олимпиадные листки,задачи,ustn2014-7.pdf,deploy/материалы/mathus.ru
mathus.ru,math,11,,олимпиадные листки,задачи,Kurchatov2022Math11.pdf,deploy/материалы/mathus.ru
mathus.ru,math,9,,олимпиадные листки,задачи,Rosatom2015Math9.pdf,deploy/материалы/mathus.ru
mathus.ru,math,11,,олимпиадные листки,задачи,SVB2022Math11v2.pdf,deploy/материалы/mathus.ru
mathus.ru,math,11,,олимпиадные листки,задачи,MVO2018Math11.pdf,deploy/материалы/mathus.ru
mathus.ru,math,8,,олимпиадные листки,задачи,FETT2018Math8.pdf,deploy/материалы/mathus.ru
mathus.ru,math,9,,олимпиадные листки,задачи,rosatom2015f9.pdf,deploy/материалы/mathus.ru
mathus.ru,math,5,,олимпиадные листки,задачи,Belchonok2018Math5v1.pdf,deploy/материалы/mathus.ru
mathus.ru,math,,,олимпиадные листки,задачи,Euler2025Z.pdf,deploy/материалы/mathus.ru
mathus.ru,math,8,,олимпиадные листки,задачи,mmo2023-8.pdf,deploy/материалы/mathus.ru
mathus.ru,math,8,,олимпиадные листки,задачи,FETT2019Math8.pdf,deploy/материалы/mathus.ru
mathus.ru,math,,,олимпиадные листки,задачи,trigonur2.pdf,deploy/материалы/mathus.ru
mathus.ru,math,6,,олимпиадные листки,задачи,Lom2022Math56.pdf,deploy/материалы/mathus.ru
mathus.ru,math,11,,олимпиадные листки,задачи,vseros2018f1-11.pdf,deploy/материалы/mathus.ru
mathus.ru,math,11,,олимпиадные листки,задачи,PVG2022Math11.pdf,deploy/материалы/mathus.ru
mathus.ru,math,7,,олимпиадные листки,задачи,mp1998-7.pdf,deploy/материалы/mathus.ru
mathus.ru,math,,,олимпиадные листки,задачи,prodll.pdf,deploy/материалы/mathus.ru
mathus.ru,math,5,,олимпиадные листки,задачи,VserosMath2019S5.pdf,deploy/материалы/mathus.ru
mathus.ru,math,11,,олимпиадные листки,задачи,VserosMath2020S11.pdf,deploy/материалы/mathus.ru
mathus.ru,math,11,,олимпиадные листки,задачи,mfo2013-11tur2.pdf,deploy/материалы/mathus.ru
mathus.ru,math,,,олимпиадные листки,задачи,prism.pdf,deploy/материалы/mathus.ru
mathus.ru,math,,,олимпиадные листки,задачи,podobraz.pdf,deploy/материалы/mathus.ru
mathus.ru,math,9,,олимпиадные листки,задачи,turgor2015vb89.pdf,deploy/материалы/mathus.ru
mathus.ru,math,,,олимпиадные листки,задачи,emosc.pdf,deploy/материалы/mathus.ru
mathus.ru,math,9,,олимпиадные листки,задачи,KFU2019Math9.pdf,deploy/материалы/mathus.ru
mathus.ru,math,10,,олимпиадные листки,задачи,Lom2026Phys10.pdf,deploy/материалы/mathus.ru
mathus.ru,math,,,олимпиадные листки,задачи,vsematiz.pdf,deploy/материалы/mathus.ru
mathus.ru,math,10,,олимпиадные листки,задачи,MVO2015Math10.pdf,deploy/материалы/mathus.ru
mathus.ru,math,8,,олимпиадные листки,задачи,Belchonok2019Math8v2.pdf,deploy/материалы/mathus.ru
mathus.ru,math,,,олимпиадные листки,задачи,horeq.pdf,deploy/материалы/mathus.ru
mathus.ru,math,,,олимпиадные листки,задачи,semi.pdf,deploy/материалы/mathus.ru
mathus.ru,math,7,,олимпиадные листки,задачи,Kurchatov2020Math7.pdf,deploy/материалы/mathus.ru
mathus.ru,math,10,,олимпиадные листки,задачи,SVB2023Phys10.pdf,deploy/материалы/mathus.ru
mathus.ru,math,,,олимпиадные листки,задачи,prelomal.pdf,deploy/материалы/mathus.ru
mathus.ru,math,7,,олимпиадные листки,задачи,VserosPhys2020S7.pdf,deploy/материалы/mathus.ru
mathus.ru,math,7,,олимпиадные листки,задачи,Kurchatov2021Math7.pdf,deploy/материалы/mathus.ru
mathus.ru,math,,,олимпиадные листки,задачи,pokazur.pdf,deploy/материалы/mathus.ru
mathus.ru,math,9,,олимпиадные листки,задачи,Rosatom2021Math9.pdf,deploy/материалы/mathus.ru
mathus.ru,math,10,,олимпиадные листки,задачи,Vsesib2022Math10.pdf,deploy/материалы/mathus.ru
mathus.ru,math,9,,олимпиадные листки,задачи,mfo2015-9tur0zaoch.pdf,deploy/материалы/mathus.ru
mathus.ru,math,10,,олимпиадные листки,задачи,VserosPhys2025R10.pdf,deploy/материалы/mathus.ru
mathus.ru,math,10,,олимпиадные листки,задачи,MissVip2023Math10v2.pdf,deploy/материалы/mathus.ru
mathus.ru,math,,,олимпиадные листки,задачи,Euler2017Otbor3.pdf,deploy/материалы/mathus.ru
mathus.ru,math,9,,олимпиадные листки,задачи,BIBN2026Math9.pdf,deploy/материалы/mathus.ru
mathus.ru,math,,,олимпиадные листки,задачи,z-metod-intervalov.pdf,deploy/материалы/mathus.ru
mathus.ru,math,9,,олимпиадные листки,задачи,vseros2015f2-9.pdf,deploy/материалы/mathus.ru
mathus.ru,math,11,,олимпиадные листки,задачи,vseros2005f11fin.pdf,deploy/материалы/mathus.ru
mathus.ru,math,9,,олимпиадные листки,задачи,EH2023Math9.pdf,deploy/материалы/mathus.ru
mathus.ru,math,7,,олимпиадные листки,задачи,Belchonok2018Math7v1.pdf,deploy/материалы/mathus.ru
mathus.ru,math,11,,олимпиадные листки,задачи,fizteh2015f11v3.pdf,deploy/материалы/mathus.ru
mathus.ru,math,9,,олимпиадные листки,задачи,EH2022Math9.pdf,deploy/материалы/mathus.ru
mathus.ru,math,8,,олимпиадные листки,задачи,mmo2021-8.pdf,deploy/материалы/mathus.ru
mathus.ru,math,7,,олимпиадные листки,задачи,Maxwell2019Z7.pdf,deploy/материалы/mathus.ru
mathus.ru,math,11,,олимпиадные листки,задачи,MosPhys2021zz1-11.pdf,deploy/материалы/mathus.ru
mathus.ru,math,,,олимпиадные листки,задачи,msuTekstoZad.pdf,deploy/материалы/mathus.ru
mathus.ru,math,,,олимпиадные листки,задачи,kasokr.pdf,deploy/материалы/mathus.ru
mathus.ru,math,,,олимпиадные листки,задачи,msuPiramida.pdf,deploy/материалы/mathus.ru
mathus.ru,math,5,,олимпиадные листки,задачи,fizteh-online2016m5.pdf,deploy/материалы/mathus.ru
mathus.ru,math,7,,олимпиадные листки,задачи,percent.pdf,deploy/материалы/mathus.ru
mathus.ru,math,,,олимпиадные листки,задачи,integral-el.pdf,deploy/материалы/mathus.ru
mathus.ru,math,10,,олимпиадные листки,задачи,VserosMath2026R10.pdf,deploy/материалы/mathus.ru
mathus.ru,math,7,,олимпиадные листки,задачи,ustn2016-7.pdf,deploy/материалы/mathus.ru
mathus.ru,math,7,,олимпиадные листки,задачи,Vsesib2015Phys7.pdf,deploy/материалы/mathus.ru
mathus.ru,math,9,,олимпиадные листки,задачи,vseros2016f3-9.pdf,deploy/материалы/mathus.ru
mathus.ru,math,10,,олимпиадные листки,задачи,Lom2026Math10.pdf,deploy/материалы/mathus.ru
mathus.ru,math,,,олимпиадные листки,задачи,Trig_MSU.pdf,deploy/материалы/mathus.ru
mathus.ru,math,11,,олимпиадные листки,задачи,rosatom2017f11v3.pdf,deploy/материалы/mathus.ru
mathus.ru,math,11,,олимпиадные листки,задачи,VserosMath2024M11.pdf,deploy/материалы/mathus.ru
mathus.ru,math,6,,олимпиадные листки,задачи,6math2023.pdf,deploy/материалы/mathus.ru
mathus.ru,math,8,,олимпиадные листки,задачи,mfo2017-8tur2.pdf,deploy/материалы/mathus.ru
mathus.ru,math,10,,олимпиадные листки,задачи,MVO2015Phys10.pdf,deploy/материалы/mathus.ru
mathus.ru,math,,,олимпиадные листки,задачи,logizad.pdf,deploy/материалы/mathus.ru
mathus.ru,math,8,,олимпиадные листки,задачи,SVB2023Math8.pdf,deploy/материалы/mathus.ru
mathus.ru,math,8,,олимпиадные листки,задачи,MosPhys2024otbor8.pdf,deploy/материалы/mathus.ru
mathus.ru,math,11,,олимпиадные листки,задачи,VserosPhys2023S11.pdf,deploy/материалы/mathus.ru
mathus.ru,math,9,,олимпиадные листки,задачи,FETT2024Phys9.pdf,deploy/материалы/mathus.ru
mathus.ru,math,9,,олимпиадные листки,задачи,vseros1997f9zon.pdf,deploy/материалы/mathus.ru
mathus.ru,math,7,,олимпиадные листки,задачи,mp2009-7.pdf,deploy/материалы/mathus.ru
mathus.ru,math,9,,олимпиадные листки,задачи,FETT2025Phys9.pdf,deploy/материалы/mathus.ru
mathus.ru,math,,,олимпиадные листки,задачи,preoprost.pdf,deploy/материалы/mathus.ru
mathus.ru,math,9,,олимпиадные листки,задачи,vseros1996f9zon.pdf,deploy/материалы/mathus.ru
mathus.ru,math,10,,олимпиадные листки,задачи,Vsesib2022Phys10.pdf,deploy/материалы/mathus.ru
mathus.ru,math,9,,олимпиадные листки,задачи,PVG2021Phys79b15.pdf,deploy/материалы/mathus.ru
mathus.ru,math,,,олимпиадные листки,задачи,prikon.pdf,deploy/материалы/mathus.ru
mathus.ru,math,,,олимпиадные листки,задачи,teorema-pifagora.pdf,deploy/материалы/mathus.ru
mathus.ru,math,,,олимпиадные листки,задачи,kpd.pdf,deploy/материалы/mathus.ru
mathus.ru,math,8,,олимпиадные листки,задачи,BIBN2019Math8.pdf,deploy/материалы/mathus.ru
mathus.ru,math,,,олимпиадные листки,задачи,MIPTmath1999v1.pdf,deploy/материалы/mathus.ru
mathus.ru,math,,,олимпиадные листки,задачи,sosugas.pdf,deploy/материалы/mathus.ru
mathus.ru,math,11,,олимпиадные листки,задачи,pvg2016m10-11bar.pdf,deploy/материалы/mathus.ru
mathus.ru,math,10,,олимпиадные листки,задачи,Belchonok2021Math10v2.pdf,deploy/материалы/mathus.ru
mathus.ru,math,10,,олимпиадные листки,задачи,mfo2018-10tur0zaoch.pdf,deploy/материалы/mathus.ru
mathus.ru,math,8,,олимпиадные листки,задачи,BIBN2018Math8.pdf,deploy/материалы/mathus.ru
mathus.ru,math,,,олимпиадные листки,задачи,Euler2011Otbor4.pdf,deploy/материалы/mathus.ru
mathus.ru,math,9,,олимпиадные листки,задачи,SAMMAT2023-9.pdf,deploy/материалы/mathus.ru
mathus.ru,math,6,,олимпиадные листки,задачи,pvg2018m5-6v2b.pdf,deploy/материалы/mathus.ru
mathus.ru,math,11,,олимпиадные листки,задачи,pvg2017f10-11b5.pdf,deploy/материалы/mathus.ru
mathus.ru,math,,,олимпиадные листки,задачи,mechanics.pdf,deploy/материалы/mathus.ru
mathus.ru,math,11,,олимпиадные листки,задачи,vseros2015m1-11.pdf,deploy/материалы/mathus.ru
mathus.ru,math,,,олимпиадные листки,задачи,funcura.pdf,deploy/материалы/mathus.ru
mathus.ru,math,7,,олимпиадные листки,задачи,Belchonok2022Math7v2.pdf,deploy/материалы/mathus.ru
mathus.ru,math,11,,олимпиадные листки,задачи,Phystech2026Math11v2.pdf,deploy/материалы/mathus.ru
mathus.ru,math,11,,олимпиадные листки,задачи,fizteh2013f11v.pdf,deploy/материалы/mathus.ru
mathus.ru,math,11,,олимпиадные листки,задачи,vp2013m11.pdf,deploy/материалы/mathus.ru
mathus.ru,math,,,олимпиадные листки,задачи,visugeom.pdf,deploy/материалы/mathus.ru
mathus.ru,math,9,,олимпиадные листки,задачи,kurchatov2014m9.pdf,deploy/материалы/mathus.ru
mathus.ru,math,11,,олимпиадные листки,задачи,rosatom2013f11sar.pdf,deploy/материалы/mathus.ru
mathus.ru,math,11,,олимпиадные листки,задачи,MVO2020Math11.pdf,deploy/материалы/mathus.ru
mathus.ru,math,7,,олимпиадные листки,задачи,vp2023m7.pdf,deploy/материалы/mathus.ru
mathus.ru,math,,,олимпиадные листки,задачи,vec.pdf,deploy/материалы/mathus.ru
mathus.ru,math,,,олимпиадные листки,задачи,r.pdf,deploy/материалы/mathus.ru
mathus.ru,math,7,,олимпиадные листки,задачи,InnopolisOpen2024Math7.pdf,deploy/материалы/mathus.ru
mathus.ru,math,,,олимпиадные листки,задачи,razvertki.pdf,deploy/материалы/mathus.ru
mathus.ru,math,,,олимпиадные листки,задачи,parallel.pdf,deploy/материалы/mathus.ru
mathus.ru,math,7,,олимпиадные листки,задачи,Maxwell2024Z7.pdf,deploy/материалы/mathus.ru
mathus.ru,math,7,,олимпиадные листки,задачи,VserosMath2026S7.pdf,deploy/материалы/mathus.ru
mathus.ru,math,7,,олимпиадные листки,задачи,vseros2017m1-7.pdf,deploy/материалы/mathus.ru
mathus.ru,math,11,,олимпиадные листки,задачи,SVB2025MathOtbor11v1.pdf,deploy/материалы/mathus.ru
mathus.ru,math,11,,олимпиадные листки,задачи,Vsesib2017Math11.pdf,deploy/материалы/mathus.ru
mathus.ru,math,,,олимпиадные листки,задачи,Euler2022Otbor2.pdf,deploy/материалы/mathus.ru
mathus.ru,math,10,,олимпиадные листки,задачи,VserosMath2021Z10.pdf,deploy/материалы/mathus.ru
mathus.ru,math,,,олимпиадные листки,задачи,sborsol.pdf,deploy/материалы/mathus.ru
mathus.ru,math,9,,олимпиадные листки,задачи,pvg2018m9v1a.pdf,deploy/материалы/mathus.ru
mathus.ru,math,11,,олимпиадные листки,задачи,Eng2026c11.pdf,deploy/материалы/mathus.ru
mathus.ru,math,11,,олимпиадные листки,задачи,fizteh2012f11d.pdf,deploy/материалы/mathus.ru
mathus.ru,math,10,,олимпиадные листки,задачи,VserosPhys2019S10.pdf,deploy/материалы/mathus.ru
mathus.ru,math,,,олимпиадные листки,задачи,1zt.pdf,deploy/материалы/mathus.ru
mathus.ru,math,7,,олимпиадные листки,задачи,Vsesib2023Math7.pdf,deploy/материалы/mathus.ru
mathus.ru,math,,,олимпиадные листки,задачи,vpisopis.pdf,deploy/материалы/mathus.ru
mathus.ru,math,7,,олимпиадные листки,задачи,Vsesib2022Math7.pdf,deploy/материалы/mathus.ru
mathus.ru,math,11,,олимпиадные листки,задачи,ommo2017.pdf,deploy/материалы/mathus.ru
mathus.ru,math,,,олимпиадные листки,задачи,Polynoms.pdf,deploy/материалы/mathus.ru
mathus.ru,math,11,,олимпиадные листки,задачи,MissVip2020Math11.pdf,deploy/материалы/mathus.ru
mathus.ru,math,8,,олимпиадные листки,задачи,Maxwell2021R8.pdf,deploy/материалы/mathus.ru
mathus.ru,math,11,,олимпиадные листки,задачи,SVB2019Math11v2.pdf,deploy/материалы/mathus.ru
mathus.ru,math,5,,олимпиадные листки,задачи,vseros2014m2-5.pdf,deploy/материалы/mathus.ru
mathus.ru,math,7,,олимпиадные листки,задачи,maxwell2013t7.pdf,deploy/материалы/mathus.ru
mathus.ru,math,6,,олимпиадные листки,задачи,mp2010-6.pdf,deploy/материалы/mathus.ru
mathus.ru,math,9,,олимпиадные листки,задачи,EH2015Phys9.pdf,deploy/материалы/mathus.ru
mathus.ru,math,,,олимпиадные листки,задачи,polynom.pdf,deploy/материалы/mathus.ru
mathus.ru,math,10,,олимпиадные листки,задачи,VserosPhys2022Z10.pdf,deploy/материалы/mathus.ru
mathus.ru,math,11,,олимпиадные листки,задачи,Rosatom2017Math11v2.pdf,deploy/материалы/mathus.ru
mathus.ru,math,11,,олимпиадные листки,задачи,MVO2020Phys11.pdf,deploy/материалы/mathus.ru
mathus.ru,math,9,,олимпиадные листки,задачи,Phystech2023Math-otbor4-9.pdf,deploy/материалы/mathus.ru
mathus.ru,math,11,,олимпиадные листки,задачи,PVG2020Phys11b8.pdf,deploy/материалы/mathus.ru
mathus.ru,math,9,,олимпиадные листки,задачи,SVB2020Math9v2.pdf,deploy/материалы/mathus.ru
mathus.ru,math,,,олимпиадные листки,задачи,graphs-ramsey.pdf,deploy/материалы/mathus.ru
mathus.ru,math,11,,олимпиадные листки,задачи,Vsesib2017Phys11.pdf,deploy/материалы/mathus.ru
mathus.ru,math,9,,олимпиадные листки,задачи,PVG2020Phys79b12.pdf,deploy/материалы/mathus.ru
mathus.ru,math,7,,олимпиадные листки,задачи,VserosMath2021M7.pdf,deploy/материалы/mathus.ru
mathus.ru,math,10,,олимпиадные листки,задачи,mfo2016-10tur2.pdf,deploy/материалы/mathus.ru
mathus.ru,math,10,,олимпиадные листки,задачи,vp2025m10.pdf,deploy/материалы/mathus.ru
mathus.ru,math,5,,олимпиадные листки,задачи,VserosMath2024S5.pdf,deploy/материалы/mathus.ru
mathus.ru,math,8,,олимпиадные листки,задачи,Belchonok2023Math8v1.pdf,deploy/материалы/mathus.ru
mathus.ru,math,,,олимпиадные листки,задачи,MIPTmath2008v1.pdf,deploy/материалы/mathus.ru
mathus.ru,math,9,,олимпиадные листки,задачи,Phystech2024Phys-otbor1-9.pdf,deploy/материалы/mathus.ru
mathus.ru,math,10,,олимпиадные листки,задачи,rosatom2015f10.pdf,deploy/материалы/mathus.ru
mathus.ru,math,11,,олимпиадные листки,задачи,SVB2016Math11.pdf,deploy/материалы/mathus.ru
mathus.ru,math,,,олимпиадные листки,задачи,Rosatom2017Math11z1.pdf,deploy/материалы/mathus.ru
mathus.ru,math,7,,олимпиадные листки,задачи,vseros2013f1-7.pdf,deploy/материалы/mathus.ru
mathus.ru,math,,,олимпиадные листки,задачи,resq.pdf,deploy/материалы/mathus.ru
mathus.ru,math,11,,олимпиадные листки,задачи,Lom2020Phys1011.pdf,deploy/материалы/mathus.ru
mathus.ru,math,10,,олимпиадные листки,задачи,Rosatom2025Phys10.pdf,deploy/материалы/mathus.ru
mathus.ru,math,10,,олимпиадные листки,задачи,mfo2007-10tur1.pdf,deploy/материалы/mathus.ru
mathus.ru,math,10,,олимпиадные листки,задачи,Vsesib2017Phys10.pdf,deploy/материалы/mathus.ru
mathus.ru,math,4,,олимпиадные листки,задачи,VserosMath2024S4.pdf,deploy/материалы/mathus.ru
mathus.ru,math,11,,олимпиадные листки,задачи,vp2025m11.pdf,deploy/материалы/mathus.ru
mathus.ru,math,10,,олимпиадные листки,задачи,Phystech2020Math10v1.pdf,deploy/материалы/mathus.ru
mathus.ru,math,9,,олимпиадные листки,задачи,mfo2014-9tur0och.pdf,deploy/материалы/mathus.ru
mathus.ru,math,,,олимпиадные листки,задачи,nelinel.pdf,deploy/материалы/mathus.ru
mathus.ru,math,,,олимпиадные листки,задачи,vectors.pdf,deploy/материалы/mathus.ru
mathus.ru,math,8,,олимпиадные листки,задачи,Phystech2023Math-otbor4-8.pdf,deploy/материалы/mathus.ru
mathus.ru,math,10,,олимпиадные листки,задачи,MVO2020Phys10.pdf,deploy/материалы/mathus.ru
mathus.ru,math,8,,олимпиадные листки,задачи,EH2015Phys8.pdf,deploy/материалы/mathus.ru
mathus.ru,math,7,,олимпиадные листки,задачи,mp2010-7.pdf,deploy/материалы/mathus.ru
mathus.ru,math,10,,олимпиадные листки,задачи,Phystech2021Phys10v2.pdf,deploy/материалы/mathus.ru
mathus.ru,math,8,,олимпиадные листки,задачи,maxwell2018f8.pdf,deploy/материалы/mathus.ru
mathus.ru,math,,,олимпиадные листки,задачи,logic.pdf,deploy/материалы/mathus.ru
mathus.ru,math,11,,олимпиадные листки,задачи,Rosatom2017Math11v3.pdf,deploy/материалы/mathus.ru
mathus.ru,math,11,,олимпиадные листки,задачи,VserosPhys2022Z11.pdf,deploy/материалы/mathus.ru
mathus.ru,math,5,,олимпиадные листки,задачи,Belchonok2022Math5v1.pdf,deploy/материалы/mathus.ru
mathus.ru,math,10,,олимпиадные листки,задачи,vseros2008f10okr.pdf,deploy/материалы/mathus.ru
mathus.ru,math,10,,олимпиадные листки,задачи,MissVip2020Math10.pdf,deploy/материалы/mathus.ru
mathus.ru,math,,,олимпиадные листки,задачи,heatmachine.pdf,deploy/материалы/mathus.ru
mathus.ru,math,11,,олимпиадные листки,задачи,pvg10-11m2014chel.pdf,deploy/материалы/mathus.ru
mathus.ru,math,9,,олимпиадные листки,задачи,Belchonok2021Math9v2.pdf,deploy/материалы/mathus.ru
mathus.ru,math,11,,олимпиадные листки,задачи,fizteh2018m11v2.pdf,deploy/материалы/mathus.ru
mathus.ru,math,11,,олимпиадные листки,задачи,SVB2019Math11v3.pdf,deploy/материалы/mathus.ru
mathus.ru,math,8,,олимпиадные листки,задачи,SVB2022Math8v1.pdf,deploy/материалы/mathus.ru
mathus.ru,math,9,,олимпиадные листки,задачи,VserosPhys2021Z9.pdf,deploy/материалы/mathus.ru
mathus.ru,math,,,олимпиадные листки,задачи,Komb.pdf,deploy/материалы/mathus.ru
mathus.ru,math,10,,олимпиадные листки,задачи,SVB2016Math10v2.pdf,deploy/материалы/mathus.ru
mathus.ru,math,11,,олимпиадные листки,задачи,VserosPhys2019S11.pdf,deploy/материалы/mathus.ru
mathus.ru,math,6,,олимпиадные листки,задачи,Belchonok2020Math6v1.pdf,deploy/материалы/mathus.ru
mathus.ru,math,11,,олимпиадные листки,задачи,VserosMath2021Z11.pdf,deploy/материалы/mathus.ru
mathus.ru,math,11,,олимпиадные листки,задачи,Rosatom2021Phys11v4.pdf,deploy/материалы/mathus.ru
mathus.ru,math,,,олимпиадные листки,задачи,trigurmod.pdf,deploy/материалы/mathus.ru
mathus.ru,math,10,,олимпиадные листки,задачи,Rosatom2025Math10.pdf,deploy/материалы/mathus.ru
mathus.ru,math,10,,олимпиадные листки,задачи,Eng2026c10.pdf,deploy/материалы/mathus.ru
mathus.ru,math,9,,олимпиадные листки,задачи,Phystech2025Math9v1.pdf,deploy/материалы/mathus.ru
mathus.ru,math,,,олимпиадные листки,задачи,fizteh11m2014-viezd.pdf,deploy/материалы/mathus.ru
mathus.ru,math,9,,олимпиадные листки,задачи,Phystech2020Phys9v2.pdf,deploy/материалы/mathus.ru
mathus.ru,math,6,,олимпиадные листки,задачи,vseros2017m1-6.pdf,deploy/материалы/mathus.ru
mathus.ru,math,,,олимпиадные листки,задачи,egec3.pdf,deploy/материалы/mathus.ru
mathus.ru,math,6,,олимпиадные листки,задачи,VserosMath2026S6.pdf,deploy/материалы/mathus.ru
mathus.ru,math,,,олимпиадные листки,задачи,Euler2022Otbor3.pdf,deploy/материалы/mathus.ru
mathus.ru,math,10,,олимпиадные листки,задачи,Vsesib2017Math10.pdf,deploy/материалы/mathus.ru
mathus.ru,math,,,олимпиадные листки,задачи,graphs-planar.pdf,deploy/материалы/mathus.ru
mathus.ru,math,9,,олимпиадные листки,задачи,vseros2000f9fin.pdf,deploy/материалы/mathus.ru
mathus.ru,math,11,,олимпиадные листки,задачи,vseros2007f11okr.pdf,deploy/материалы/mathus.ru
mathus.ru,math,10,,олимпиадные листки,задачи,MVO2020Math10.pdf,deploy/материалы/mathus.ru
mathus.ru,math,9,,олимпиадные листки,задачи,vseros2001f9fin.pdf,deploy/материалы/mathus.ru
mathus.ru,math,10,,олимпиадные листки,задачи,vp2013m10.pdf,deploy/материалы/mathus.ru
mathus.ru,math,9,,олимпиадные листки,задачи,SVB2024MathOtbor9v1.pdf,deploy/материалы/mathus.ru
mathus.ru,math,,,олимпиадные листки,задачи,electrolyte.pdf,deploy/материалы/mathus.ru
mathus.ru,math,8,,олимпиадные листки,задачи,kurchatov2014m8.pdf,deploy/материалы/mathus.ru
mathus.ru,math,,,олимпиадные листки,задачи,projorvec.pdf,deploy/материалы/mathus.ru
mathus.ru,math,10,,олимпиадные листки,задачи,vseros2015m1-10.pdf,deploy/материалы/mathus.ru
mathus.ru,math,,,олимпиадные листки,задачи,sto.pdf,deploy/материалы/mathus.ru
mathus.ru,math,9,,олимпиадные листки,задачи,mfo2011-9tur1.pdf,deploy/материалы/mathus.ru
mathus.ru,math,7,,олимпиадные листки,задачи,Belchonok2022Math7v3.pdf,deploy/материалы/mathus.ru
mathus.ru,math,9,,олимпиадные листки,задачи,BIBN2018Math9.pdf,deploy/материалы/mathus.ru
mathus.ru,math,11,,олимпиадные листки,задачи,pvg2017f10-11b4.pdf,deploy/материалы/mathus.ru
mathus.ru,math,8,,олимпиадные листки,задачи,SAMMAT2023-8.pdf,deploy/материалы/mathus.ru
mathus.ru,math,9,,олимпиадные листки,задачи,BIBN2019Math9.pdf,deploy/материалы/mathus.ru
mathus.ru,math,11,,олимпиадные листки,задачи,Vsesib2022Phys11.pdf,deploy/материалы/mathus.ru
mathus.ru,math,8,,олимпиадные листки,задачи,FETT2025Phys8.pdf,deploy/материалы/mathus.ru
mathus.ru,math,8,,олимпиадные листки,задачи,FETT2024Phys8.pdf,deploy/материалы/mathus.ru
mathus.ru,math,10,,олимпиадные листки,задачи,VserosPhys2023S10.pdf,deploy/материалы/mathus.ru
mathus.ru,math,9,,олимпиадные листки,задачи,MosPhys2024otbor9.pdf,deploy/материалы/mathus.ru
mathus.ru,math,6,,олимпиадные листки,задачи,mp2009-6.pdf,deploy/материалы/mathus.ru
mathus.ru,math,10,,олимпиадные листки,задачи,vseros1996f10fin.pdf,deploy/материалы/mathus.ru
mathus.ru,math,10,,олимпиадные листки,задачи,VserosMath2024M10.pdf,deploy/материалы/mathus.ru
mathus.ru,math,11,,олимпиадные листки,задачи,rosatom2017f11v2.pdf,deploy/материалы/mathus.ru
mathus.ru,math,9,,олимпиадные листки,задачи,SVB2023Math9.pdf,deploy/материалы/mathus.ru
mathus.ru,math,11,,олимпиадные листки,задачи,MVO2015Phys11.pdf,deploy/материалы/mathus.ru
mathus.ru,math,11,,олимпиадные листки,задачи,Rosatom2025Math11v2.pdf,deploy/материалы/mathus.ru
mathus.ru,math,,,олимпиадные листки,задачи,msuPodobie.pdf,deploy/материалы/mathus.ru
mathus.ru,math,11,,олимпиадные листки,задачи,Lom2026Math11.pdf,deploy/материалы/mathus.ru
mathus.ru,math,9,,олимпиадные листки,задачи,mfo2008-9tur2.pdf,deploy/материалы/mathus.ru
mathus.ru,math,11,,олимпиадные листки,задачи,VserosMath2026R11.pdf,deploy/материалы/mathus.ru
mathus.ru,math,10,,олимпиадные листки,задачи,SVB2024MathOtbor10v2.pdf,deploy/материалы/mathus.ru
mathus.ru,math,6,,олимпиадные листки,задачи,ustn2016-6.pdf,deploy/материалы/mathus.ru
mathus.ru,math,,,олимпиадные листки,задачи,ief.pdf,deploy/материалы/mathus.ru
mathus.ru,math,10,,олимпиадные листки,задачи,MosPhys2021zz1-10.pdf,deploy/материалы/mathus.ru
mathus.ru,math,11,,олимпиадные листки,задачи,Rosatom2024Phys11v1.pdf,deploy/материалы/mathus.ru
mathus.ru,math,9,,олимпиадные листки,задачи,mmo2021-9.pdf,deploy/материалы/mathus.ru
mathus.ru,math,8,,олимпиадные листки,задачи,EH2022Math8.pdf,deploy/материалы/mathus.ru
mathus.ru,math,,,олимпиадные листки,задачи,sila.pdf,deploy/материалы/mathus.ru
mathus.ru,math,8,,олимпиадные листки,задачи,EH2023Math8.pdf,deploy/материалы/mathus.ru
mathus.ru,math,8,,олимпиадные листки,задачи,vseros2015f2-8.pdf,deploy/материалы/mathus.ru
mathus.ru,math,8,,олимпиадные листки,задачи,BIBN2026Math8.pdf,deploy/материалы/mathus.ru
mathus.ru,math,,,олимпиадные листки,задачи,mm1993-07.pdf,deploy/материалы/mathus.ru
mathus.ru,math,11,,олимпиадные листки,задачи,fizteh2015f11v2.pdf,deploy/материалы/mathus.ru
mathus.ru,math,9,,олимпиадные листки,задачи,pvg2016m9v3a.pdf,deploy/материалы/mathus.ru
mathus.ru,math,6,,олимпиадные листки,задачи,Kurchatov2021Math6.pdf,deploy/материалы/mathus.ru
mathus.ru,math,,,олимпиадные листки,задачи,Euler2017Otbor2.pdf,deploy/материалы/mathus.ru
mathus.ru,math,11,,олимпиадные листки,задачи,VserosPhys2025R11.pdf,deploy/материалы/mathus.ru
mathus.ru,math,6,,олимпиадные листки,задачи,pvg2016m5-6v1b.pdf,deploy/материалы/mathus.ru
mathus.ru,math,11,,олимпиадные листки,задачи,Vsesib2022Math11.pdf,deploy/материалы/mathus.ru
mathus.ru,math,8,,олимпиадные листки,задачи,Rosatom2021Math8.pdf,deploy/материалы/mathus.ru
mathus.ru,math,11,,олимпиадные листки,задачи,SVB2023Phys11.pdf,deploy/материалы/mathus.ru
mathus.ru,math,6,,олимпиадные листки,задачи,Kurchatov2020Math6.pdf,deploy/материалы/mathus.ru
mathus.ru,math,9,,олимпиадные листки,задачи,pvg2017m9v3a.pdf,deploy/материалы/mathus.ru
mathus.ru,math,8,,олимпиадные листки,задачи,Rosatom2020Math8.pdf,deploy/материалы/mathus.ru
mathus.ru,math,9,,олимпиадные листки,задачи,SVB2025PhysOtbor9v2.pdf,deploy/материалы/mathus.ru
mathus.ru,math,11,,олимпиадные листки,задачи,MVO2015Math11.pdf,deploy/материалы/mathus.ru
mathus.ru,math,7,,олимпиадные листки,задачи,ITMO2025Phys7.pdf,deploy/материалы/mathus.ru
mathus.ru,math,,,олимпиадные листки,задачи,turnir.pdf,deploy/материалы/mathus.ru
mathus.ru,math,,,олимпиадные листки,задачи,orthocenter.pdf,deploy/материалы/mathus.ru
mathus.ru,math,,,олимпиадные листки,задачи,parallelogramm2.pdf,deploy/материалы/mathus.ru
mathus.ru,math,11,,олимпиадные листки,задачи,Lom2026Phys11.pdf,deploy/материалы/mathus.ru
mathus.ru,math,7,,олимпиадные листки,задачи,ITMO2024Phys7.pdf,deploy/материалы/mathus.ru
mathus.ru,math,11,,олимпиадные листки,задачи,SVB2022Math11v1.pdf,deploy/материалы/mathus.ru
mathus.ru,math,11,,олимпиадные листки,задачи,vseros1999f11fin.pdf,deploy/материалы/mathus.ru
mathus.ru,math,9,,олимпиадные листки,задачи,mfo2014-9tur0zaoch4.pdf,deploy/материалы/mathus.ru
mathus.ru,math,,,олимпиадные листки,задачи,planifizteh.pdf,deploy/материалы/mathus.ru
mathus.ru,math,,,олимпиадные листки,задачи,perevari.pdf,deploy/материалы/mathus.ru
mathus.ru,math,4,,олимпиадные листки,задачи,VserosMath2019S4.pdf,deploy/материалы/mathus.ru
mathus.ru,math,10,,олимпиадные листки,задачи,VserosMath2020S10.pdf,deploy/материалы/mathus.ru
mathus.ru,math,8,,олимпиадные листки,задачи,SVB2018Math8v2.pdf,deploy/материалы/mathus.ru
mathus.ru,math,11,,олимпиадные листки,задачи,Belchonok2022Math11v4.pdf,deploy/материалы/mathus.ru
mathus.ru,math,10,,олимпиадные листки,задачи,PVG2022Math10.pdf,deploy/материалы/mathus.ru
mathus.ru,math,6,,олимпиадные листки,задачи,mp1998-6.pdf,deploy/материалы/mathus.ru
mathus.ru,math,5,,олимпиадные листки,задачи,Belchonok2018Math5v2.pdf,deploy/материалы/mathus.ru
mathus.ru,math,,,олимпиадные листки,задачи,sect.pdf,deploy/материалы/mathus.ru
mathus.ru,math,10,,олимпиадные листки,задачи,vseros2018f1-10.pdf,deploy/материалы/mathus.ru
mathus.ru,math,9,,олимпиадные листки,задачи,pvg2017f7-9b11.pdf,deploy/материалы/mathus.ru
mathus.ru,math,11,,олимпиадные листки,задачи,Kurchatov2021Math11.2.pdf,deploy/материалы/mathus.ru
mathus.ru,math,11,,олимпиадные листки,задачи,PVG2021Math1011.pdf,deploy/материалы/mathus.ru
mosolymp,разные,,,олимпиадные материалы,задачи,politika-gaou-dpo-cpm-v-otnoshenii-obrabotki-personalnyh-dannyh-1.pdf,deploy/материалы/mosolymp
mosolymp,разные,,,олимпиадные материалы,задачи,противодеиствие-коррупци__plan-meroprijatij-po-protivodejstviju-korrupcii.-prilozhenie-k-prikazu-1244-ot-25.12.2025__cedb1e.pdf,deploy/материалы/mosolymp
mosolymp,разные,,,олимпиадные материалы,задачи,antikorrupcionnyj-kodeks-gaou-dpo-cpm_compressed.pdf,deploy/материалы/mosolymp
mosolymp,разные,,,олимпиадные материалы,задачи,polozhenie-o-provedenii-hit.pdf,deploy/материалы/mosolymp
mosolymp,разные,,,олимпиадные материалы,задачи,основные-сведения__polozhenie_titan__434d5f.pdf,deploy/материалы/mosolymp
mosolymp,разные,,,олимпиадные материалы,задачи,противодеиствие-коррупци__polozhenie-o-komissii-po-protivodejstviju-korrupcii-v-gaou-dpo-cpm_compressed__a9d4b8.pdf,deploy/материалы/mosolymp
mosolymp,разные,,,олимпиадные материалы,задачи,polozhenie-o-komissii-po-protivodejstviju-korrupcii-v-gaou-dpo-cpm_compressed.pdf,deploy/материалы/mosolymp
mosolymp,разные,,,олимпиадные материалы,задачи,основные-сведения__polozhenie-mysh_prikaz_compressed__42c70d.pdf,deploy/материалы/mosolymp
mosolymp,разные,,,олимпиадные материалы,задачи,основные-сведения__polozhenie-grib_prikaz_compressed__8ba788.pdf,deploy/материалы/mosolymp
mosolymp,разные,,,олимпиадные материалы,задачи,instrukcija-o-porjadke-zapolnenija-spravki-o-dohodah-rashodah-ob-imushchestve-i-objazatelstvah-imkeshchestvennogo-haraktera-s-ispolzovaniem-speuialnogo-programmnogo-obespechenija-spravki-bk.pdf,deploy/материалы/mosolymp
mosolymp,разные,,,олимпиадные материалы,задачи,polozhenie_titan.pdf,deploy/материалы/mosolymp
mosolymp,разные,,,олимпиадные материалы,задачи,основные-сведения__polozhenie-o-provedenii-hit__9fcd8c.pdf,deploy/материалы/mosolymp
mosolymp,разные,11,,олимпиадные материалы,задачи,основные-сведения__prikaz_544_ot_22_09_2022_g__o_provedenii_konkursa_olimpiadnogo_tvorchestva_kot__prilozhenie_1-1__8f37c8.pdf,deploy/материалы/mosolymp
mosolymp,разные,,,олимпиадные материалы,задачи,polozhenie-mysh_prikaz_compressed.pdf,deploy/материалы/mosolymp
mosolymp,разные,,,олимпиадные материалы,задачи,prikaz-o-prinjatii-kompleksa-mer-po-preduprezhdeniju-korrupcii-v-gaou-dpo-cpm_compressed.pdf,deploy/материалы/mosolymp
mosolymp,разные,,,олимпиадные материалы,задачи,plan-meroprijatij-po-protivodejstviju-korrupcii.-prilozhenie-k-prikazu-1244-ot-25.12.2025.pdf,deploy/материалы/mosolymp
mosolymp,разные,,,олимпиадные материалы,задачи,противодеиствие-коррупци__antikorrupcionnyj-kodeks-gaou-dpo-cpm_compressed__83b650.pdf,deploy/материалы/mosolymp
mosolymp,разные,,,олимпиадные материалы,задачи,противодеиствие-коррупци__prikaz-o-prinjatii-kompleksa-mer-po-preduprezhdeniju-korrupcii-v-gaou-dpo-cpm_compressed__2ddf1f.pdf,deploy/материалы/mosolymp
mosolymp,разные,,,олимпиадные материалы,задачи,основные-сведения__pr_669_ot_05_09_2024_kust_compressed__e14858.pdf,deploy/материалы/mosolymp
mosolymp,разные,,,олимпиадные материалы,задачи,polozhenie-grib_prikaz_compressed.pdf,deploy/материалы/mosolymp
mosolymp,разные,11,,олимпиадные материалы,задачи,prikaz_544_ot_22_09_2022_g__o_provedenii_konkursa_olimpiadnogo_tvorchestva_kot__prilozhenie_1-1.pdf,deploy/материалы/mosolymp
mosolymp,разные,,,олимпиадные материалы,задачи,pr_669_ot_05_09_2024_kust_compressed.pdf,deploy/материалы/mosolymp
mosolymp,разные,,,олимпиадные материалы,задачи,противодеиствие-коррупци__2808601428.pdf,deploy/материалы/mosolymp
mosolymp,разные,,,олимпиадные материалы,задачи,основные-сведения__politika-gaou-dpo-cpm-v-otnoshenii-obrabotki-personalnyh-dannyh-1__1f0139.pdf,deploy/материалы/mosolymp
sirius,разные,"8,10",,олимпиадные материалы,задачи,Часть 3_ Разработка модулей.pdf,deploy/материалы/sirius
sirius,разные,"8,11",,олимпиадные материалы,задачи,Часть 1_ Представление Программы.pdf,deploy/материалы/sirius
sirius,разные,,,олимпиадные материалы,задачи,Оборудование Нанотехнологии и космос.pdf,deploy/материалы/sirius
sirius,разные,,,олимпиадные материалы,задачи,ФК 2026.pdf,deploy/материалы/sirius
sirius,разные,,,олимпиадные материалы,задачи,Список приглашенных слушателей(6).pdf,deploy/материалы/sirius
sirius,разные,"8,11",,олимпиадные материалы,задачи,Лабораторный журнал5.pdf,deploy/материалы/sirius
sirius,разные,,,олимпиадные материалы,задачи,Политика в отношении обработки персональных данных.pdf,deploy/материалы/sirius
sirius,разные,,,олимпиадные материалы,задачи,Спектр анальгина.pdf,deploy/материалы/sirius
sirius,разные,,,олимпиадные материалы,задачи,Список оборудования5.pdf,deploy/материалы/sirius
sirius,разные,,,олимпиадные материалы,задачи,Regulation_art.pdf,deploy/материалы/sirius
sirius,разные,"7,11",,олимпиадные материалы,задачи,ММ_СИРИУС  20_11_ 2019.pdf,deploy/материалы/sirius
sirius,разные,,,олимпиадные материалы,задачи,Методические материалы5.pdf,deploy/материалы/sirius
sirius,разные,"5,9",,олимпиадные материалы,задачи,2019 Мельников АЕ_ФИОП РОСНАНО.pdf,deploy/материалы/sirius
sirius,разные,,,олимпиадные материалы,задачи,Критерии Хоккей 26.pdf,deploy/материалы/sirius
sirius,разные,,,олимпиадные материалы,задачи,Примерная программа 20-21 ноября(1).pdf,deploy/материалы/sirius
sirius,разные,,,олимпиадные материалы,задачи,Китерии Шахматы 26.pdf,deploy/материалы/sirius
sirius,разные,,,олимпиадные материалы,задачи,Часть 2_ Проблемы субъектности.pdf,deploy/материалы/sirius
sirius,разные,,,олимпиадные материалы,задачи,МОДЕЛЬНАЯ ПРОГРАММА.pdf,deploy/материалы/sirius
sirius,разные,,,олимпиадные материалы,задачи,Методические рекомендации9.pdf,deploy/материалы/sirius
sirius,разные,,,олимпиадные материалы,задачи,Спектр адреналина.pdf,deploy/материалы/sirius
sirius,разные,,,олимпиадные материалы,задачи,schedule.pdf,deploy/материалы/sirius
sirius,разные,,,олимпиадные материалы,задачи,Карточки9.pdf,deploy/материалы/sirius
sirius,разные,,,олимпиадные материалы,задачи,Список лиц ноябрь(1).pdf,deploy/материалы/sirius
sirius,разные,,,олимпиадные материалы,задачи,Регламент_участия_в_ИПП_по_направлению_Музыкально-исполнительское_искусство.pdf,deploy/материалы/sirius
sirius,разные,,,олимпиадные материалы,задачи,faq.pdf,deploy/материалы/sirius
sirius,разные,,,олимпиадные материалы,задачи,Нанотехнологии и космос.pdf,deploy/материалы/sirius
sirius,разные,,,олимпиадные материалы,задачи,Регламент участия в ИПП по направлению Хореография 2027.pdf,deploy/материалы/sirius
sirius,разные,,,олимпиадные материалы,задачи,Презентация5.pdf,deploy/материалы/sirius
sirius,разные,,,олимпиадные материалы,задачи,Допамин - спектр.pdf,deploy/материалы/sirius
sirius,разные,,,олимпиадные материалы,задачи,Реестр СПО (Хореография) 2027г_.pdf,deploy/материалы/sirius
sirius,разные,,,олимпиадные материалы,задачи,Евгений Бондарев _ Белые гуси.pdf,deploy/материалы/sirius
sirius,разные,,,олимпиадные материалы,задачи,Календарь программ.pdf,deploy/материалы/sirius
sirius,разные,,,олимпиадные материалы,задачи,Диана Гулина _ верлибр.pdf,deploy/материалы/sirius
sirius,разные,,,олимпиадные материалы,задачи,220901 Заявление о политике в области ПБ.pdf,deploy/материалы/sirius
sirius,разные,,,олимпиадные материалы,задачи,Владислав Бахтин _ Лужа и колодец.pdf,deploy/материалы/sirius
olimpiada,разные,,,олимпиадные материалы,задачи,math1.pdf,deploy/материалы/olimpiada
olimpiada,разные,,,олимпиадные материалы,задачи,ra_informatika_reglament.pdf,deploy/материалы/olimpiada
olimpiada,разные,,,олимпиадные материалы,задачи,843.pdf,deploy/материалы/olimpiada
olimpiada,разные,,,олимпиадные материалы,задачи,pvg_provision.pdf,deploy/материалы/olimpiada
olimpiada,разные,,,олимпиадные материалы,задачи,Reglament-Olimpiady_2026.pdf,deploy/материалы/olimpiada
olimpiada,разные,"7,11",,олимпиадные материалы,задачи,polozhenie13.pdf,deploy/материалы/olimpiada
olimpiada,разные,11,,олимпиадные материалы,задачи,Reglament_2024.pdf,deploy/материалы/olimpiada
olimpiada,разные,,,олимпиадные материалы,задачи,reglament_olymp_2025_26.pdf,deploy/материалы/olimpiada
olimpiada,разные,"5,9",,олимпиадные материалы,задачи,pvg_regulations.pdf,deploy/материалы/olimpiada
olimpiada,разные,,,олимпиадные материалы,задачи,Polozhenie-ob-Olimpiade_2026.pdf,deploy/материалы/olimpiada
